city_id,chapter_id,effective_band,primary_chapter,importance,status,history_path,spec_path,asset_dir,reason
city_turpan,ch10,tang_702,ch10,major,complete_candidate,history/city_turpan__tang_702.md,city_turpan__ch10.yaml,assets/default/town/city_turpan__ch10,完整管线与目检已记录；历史坐标仍为推定
city_hami,ch10,tang_702,ch10,major,complete_candidate,history/city_hami__tang_702.md,city_hami__ch10.yaml,assets/default/town/city_hami__ch10,完整管线与目检已记录；历史坐标仍为推定
city_dunhuang,ch10,tang_702,ch10,major,complete_candidate,history/city_dunhuang__tang_702.md,city_dunhuang__ch10.yaml,assets/default/town/city_dunhuang__ch10,完整管线与目检已记录；历史坐标仍为推定
city_jiuquan,ch10,tang_702,ch10,major,complete_candidate,history/city_jiuquan__tang_702.md,city_jiuquan__ch10.yaml,assets/default/town/city_jiuquan__ch10,完整管线与目检已记录；历史坐标仍为推定
city_zhangye,ch10,tang_702,ch10,major,complete_candidate,history/city_zhangye__tang_702.md,city_zhangye__ch10.yaml,assets/default/town/city_zhangye__ch10,完整管线与目检已记录；历史坐标仍为推定
city_wuwei,ch10,tang_702,ch10,major,complete_candidate,history/city_wuwei__tang_702.md,city_wuwei__ch10.yaml,assets/default/town/city_wuwei__ch10,完整管线与目检已记录；历史坐标仍为推定
city_lanzhou,ch10,tang_702,ch10,major,complete_candidate,history/city_lanzhou__tang_702.md,city_lanzhou__ch10.yaml,assets/default/town/city_lanzhou__ch10,完整管线与目检已记录；历史坐标仍为推定
city_xian,ch10,tang_702,ch10,major,complete_candidate,history/city_xian__tang_702.md,city_xian__ch10.yaml,assets/default/town/city_xian__ch10,完整管线与目检已记录；历史坐标仍为推定
city_taiyuan,ch10,tang_702,ch10,major,complete_candidate,history/city_taiyuan__tang_702.md,city_taiyuan__ch10.yaml,assets/default/town/city_taiyuan__ch10,TOOL-town-gaps-1补齐三道城垣、共用内隔墙与汾河南北水门；完整管线重跑；strict-assets零错误并目检通过
city_yining,ch10,tang_702,ch10,major,complete_candidate,history/city_yining__tang_702.md,city_yining__ch10.yaml,assets/default/town/city_yining__ch10,S1只约束大小二城与唐代节点；近方轮廓及东西向贯城道路明确为推定；缩景候选已通过严格校验与放大目检。
city_beijing,ch10,tang_702,ch10,capital,complete_candidate,history/city_beijing__tang_702.md,city_beijing__ch10.yaml,assets/default/town/city_beijing__ch10,完整管线与目检已记录；历史坐标仍为推定
city_kaifeng,ch10,tang_702,ch10,capital,complete_candidate,history/city_kaifeng__tang_702.md,city_kaifeng__ch10.yaml,assets/default/town/city_kaifeng__ch10,完整管线与目检已记录；历史坐标仍为推定
city_luoyang,ch10,tang_702,ch10,capital,complete_candidate,history/city_luoyang__tang_702.md,city_luoyang__ch10.yaml,assets/default/town/city_luoyang__ch10,TOOL-town-gaps-1补齐洛水东西水门；完整管线重跑；strict-assets零错误且未声明墙水相交为零，目检通过
city_datong,ch10,tang_702,ch10,capital,partial_candidate,history/city_datong__tang_702.md,city_datong__ch10.yaml,assets/default/town/city_datong__ch10,残墙轮廓为推定，现有完整砖墙贴片不能表现坍毁表面
city_nanjing,ch10,tang_702,ch10,capital,complete_candidate,history/city_nanjing__tang_702.md,city_nanjing__ch10.yaml,assets/default/town/city_nanjing__ch10,第4次完整候选；规格、文字依据、plan、两比例总装、manifest与目检齐；唐形制用宋基线替代
city_hangzhou,ch10,tang_702,ch10,capital,complete_candidate,history/city_hangzhou__tang_702.md,city_hangzhou__ch10.yaml,assets/default/town/city_hangzhou__ch10,推定候选；702精确地籍及唐建筑外观仍待考
city_kunming,ch10,tang_702,ch10,capital,complete_candidate,history/city_kunming__tang_702.md,city_kunming__ch10.yaml,assets/default/town/city_kunming__ch10,推定候选；702精确地籍及唐建筑外观仍待考
city_dali,ch10,tang_702,ch10,capital,partial_candidate,history/city_dali__tang_702.md,city_dali__ch10.yaml,assets/default/town/city_dali__ch10,稳定城市键在702对应太和一带聚落的位置仍待确认
city_lhasa,ch10,tang_702,ch10,capital,complete_candidate,history/city_lhasa__tang_702.md,city_lhasa__ch10.yaml,assets/default/town/city_lhasa__ch10,大昭寺核心与环寺礼拜路径关系有可用约束；闭合环路缩景已通过严格校验与放大目检；tubo回退已留痕。
city_yinchuan,ch10,tang_702,ch10,capital,complete_candidate,history/city_yinchuan__tang_702.md,city_yinchuan__ch10.yaml,assets/default/town/city_yinchuan__ch10,第4次完整候选；规格、文字依据、plan、两比例总装、manifest与目检齐；唐形制用宋基线替代
city_kashgar,ch10,tang_702,ch10,capital,complete_candidate,history/city_kashgar__tang_702.md,city_kashgar__ch10.yaml,assets/default/town/city_kashgar__ch10,疏勒镇与汗诺依分期提供可用约束；王城院落明确为功能推定；候选已通过严格校验与放大目检。
city_shenyang,ch10,tang_702,ch10,capital,complete_candidate,history/city_shenyang__tang_702.md,city_shenyang__ch10.yaml,assets/default/town/city_shenyang__ch10,推定候选；702精确地籍及唐建筑外观仍待考
city_tianjin,ch10,tang_702,ch10,major,complete_candidate,history/city_tianjin__tang_702.md,city_tianjin__ch10.yaml,assets/default/town/city_tianjin__ch10,推定候选；702精确地籍及唐建筑外观仍待考
city_baoding,ch10,tang_702,ch10,major,partial_candidate,history/city_baoding__tang_702.md,city_baoding__ch10.yaml,assets/default/town/city_baoding__ch10,702清苑旧县治具体落点待考
city_zhengding,ch10,tang_702,ch10,major,complete_candidate,history/city_zhengding__tang_702.md,city_zhengding__ch10.yaml,assets/default/town/city_zhengding__ch10,第4次完整候选；规格、文字依据、plan、两比例总装、manifest与目检齐；唐形制用宋基线替代
city_cangzhou,ch10,tang_702,ch10,major,complete_candidate,history/city_cangzhou__tang_702.md,city_cangzhou__ch10.yaml,assets/default/town/city_cangzhou__ch10,第4次完整候选；规格、文字依据、plan、两比例总装、manifest与目检齐；唐形制用宋基线替代
city_chengde,ch10,tang_702,ch10,major,complete_candidate,history/city_chengde__tang_702.md,city_chengde__ch10.yaml,assets/default/town/city_chengde__ch10,推定候选；702精确地籍及唐建筑外观仍待考
city_zhangjiakou,ch10,tang_702,ch10,major,complete_candidate,history/city_zhangjiakou__tang_702.md,city_zhangjiakou__ch10.yaml,assets/default/town/city_zhangjiakou__ch10,推定候选；702精确地籍及唐建筑外观仍待考
city_shanhaiguan,ch10,tang_702,ch10,major,partial_candidate,history/city_shanhaiguan__tang_702.md,city_shanhaiguan__ch10.yaml,assets/default/town/city_shanhaiguan__ch10,古榆关与今山海关的比定未定
city_zhengzhou,ch10,tang_702,ch10,major,complete_candidate,history/city_zhengzhou__tang_702.md,city_zhengzhou__ch10.yaml,assets/default/town/city_zhengzhou__ch10,推定候选；702精确地籍及唐建筑外观仍待考
city_dengfeng,ch10,tang_702,ch10,major,complete_candidate,history/city_dengfeng__tang_702.md,city_dengfeng__ch10.yaml,assets/default/town/city_dengfeng__ch10,推定候选；702精确地籍及唐建筑外观仍待考
city_anyang,ch10,tang_702,ch10,major,complete_candidate,history/city_anyang__tang_702.md,city_anyang__ch10.yaml,assets/default/town/city_anyang__ch10,推定候选；702精确地籍及唐建筑外观仍待考
city_shangqiu,ch10,tang_702,ch10,major,partial_candidate,history/city_shangqiu__tang_702.md,city_shangqiu__ch10.yaml,assets/default/town/city_shangqiu__ch10,小城墙体隋唐宋分期未定
city_nanyang,ch10,tang_702,ch10,major,complete_candidate,history/city_nanyang__tang_702.md,city_nanyang__ch10.yaml,assets/default/town/city_nanyang__ch10,推定候选；702精确地籍及唐建筑外观仍待考
city_xinyang,ch10,tang_702,ch10,major,complete_candidate,history/city_xinyang__tang_702.md,city_xinyang__ch10.yaml,assets/default/town/city_xinyang__ch10,推定候选；702精确地籍及唐建筑外观仍待考
city_huayin,ch10,tang_702,ch10,major,complete_candidate,history/city_huayin__tang_702.md,city_huayin__ch10.yaml,assets/default/town/city_huayin__ch10,推定候选；702精确地籍及唐建筑外观仍待考
city_baoji,ch10,tang_702,ch10,major,complete_candidate,history/city_baoji__tang_702.md,city_baoji__ch10.yaml,assets/default/town/city_baoji__ch10,推定候选；702精确地籍及唐建筑外观仍待考
city_hanzhong,ch10,tang_702,ch10,major,complete_candidate,history/city_hanzhong__tang_702.md,city_hanzhong__ch10.yaml,assets/default/town/city_hanzhong__ch10,推定候选；702精确地籍及唐建筑外观仍待考
city_yanan,ch10,tang_702,ch10,major,complete_candidate,history/city_yanan__tang_702.md,city_yanan__ch10.yaml,assets/default/town/city_yanan__ch10,推定候选；702精确地籍及唐建筑外观仍待考
city_yulin,ch10,tang_702,ch10,major,complete_candidate,history/city_yulin__tang_702.md,city_yulin__ch10.yaml,assets/default/town/city_yulin__ch10,推定候选；702精确地籍及唐建筑外观仍待考
city_yuncheng,ch10,tang_702,ch10,major,complete_candidate,history/city_yuncheng__tang_702.md,city_yuncheng__ch10.yaml,assets/default/town/city_yuncheng__ch10,推定候选；702精确地籍及唐建筑外观仍待考
city_linfen,ch10,tang_702,ch10,major,complete_candidate,history/city_linfen__tang_702.md,city_linfen__ch10.yaml,assets/default/town/city_linfen__ch10,推定候选；702精确地籍及唐建筑外观仍待考
city_changzhi,ch10,tang_702,ch10,major,complete_candidate,history/city_changzhi__tang_702.md,city_changzhi__ch10.yaml,assets/default/town/city_changzhi__ch10,推定候选；702精确地籍及唐建筑外观仍待考
city_shuozhou,ch10,tang_702,ch10,major,complete_candidate,history/city_shuozhou__tang_702.md,city_shuozhou__ch10.yaml,assets/default/town/city_shuozhou__ch10,推定候选；702精确地籍及唐建筑外观仍待考
city_jinan,ch10,tang_702,ch10,major,complete_candidate,history/city_jinan__tang_702.md,city_jinan__ch10.yaml,assets/default/town/city_jinan__ch10,推定候选；702精确地籍及唐建筑外观仍待考
city_qufu,ch10,tang_702,ch10,major,complete_candidate,history/city_qufu__tang_702.md,city_qufu__ch10.yaml,assets/default/town/city_qufu__ch10,推定候选；702精确地籍及唐建筑外观仍待考
city_taian,ch10,tang_702,ch10,major,complete_candidate,history/city_taian__tang_702.md,city_taian__ch10.yaml,assets/default/town/city_taian__ch10,推定候选；702精确地籍及唐建筑外观仍待考
city_qingzhou,ch10,tang_702,ch10,major,complete_candidate,history/city_qingzhou__tang_702.md,city_qingzhou__ch10.yaml,assets/default/town/city_qingzhou__ch10,推定候选；702精确地籍及唐建筑外观仍待考
city_dezhou,ch10,tang_702,ch10,major,complete_candidate,history/city_dezhou__tang_702.md,city_dezhou__ch10.yaml,assets/default/town/city_dezhou__ch10,推定候选；702精确地籍及唐建筑外观仍待考
city_yantai,ch10,tang_702,ch10,major,complete_candidate,history/city_yantai__tang_702.md,city_yantai__ch10.yaml,assets/default/town/city_yantai__ch10,推定候选；702精确地籍及唐建筑外观仍待考
city_penglai,ch10,tang_702,ch10,major,complete_candidate,history/city_penglai__tang_702.md,city_penglai__ch10.yaml,assets/default/town/city_penglai__ch10,推定候选；702精确地籍及唐建筑外观仍待考
city_yangzhou,ch10,tang_702,ch10,major,partial_candidate,history/city_yangzhou__tang_702.md,city_yangzhou__ch10.yaml,assets/default/town/city_yangzhou__ch10,罗城各段在702是否已存在仍待考
city_zhenjiang,ch10,tang_702,ch10,major,complete_candidate,history/city_zhenjiang__tang_702.md,city_zhenjiang__ch10.yaml,assets/default/town/city_zhenjiang__ch10,推定候选；702精确地籍及唐建筑外观仍待考
city_xuzhou,ch10,tang_702,ch10,major,complete_candidate,history/city_xuzhou__tang_702.md,city_xuzhou__ch10.yaml,assets/default/town/city_xuzhou__ch10,推定候选；702精确地籍及唐建筑外观仍待考
city_hefei,ch10,tang_702,ch10,major,complete_candidate,history/city_hefei__tang_702.md,city_hefei__ch10.yaml,assets/default/town/city_hefei__ch10,推定候选；702精确地籍及唐建筑外观仍待考
city_anqing,ch10,tang_702,ch10,major,complete_candidate,history/city_anqing__tang_702.md,city_anqing__ch10.yaml,assets/default/town/city_anqing__ch10,史料约束下的推定候选；严格校验、逐城预览目检通过；唐素材回退宋基线。
city_wuhu,ch10,tang_702,ch10,major,complete_candidate,history/city_wuhu__tang_702.md,city_wuhu__ch10.yaml,assets/default/town/city_wuhu__ch10,史料约束下的推定候选；严格校验、逐城预览目检通过；唐素材回退宋基线。
city_huangshan,ch10,tang_702,ch10,major,complete_candidate,history/city_huangshan__tang_702.md,city_huangshan__ch10.yaml,assets/default/town/city_huangshan__ch10,史料约束下的推定候选；严格校验、逐城预览目检通过；唐素材回退宋基线。
city_suzhou,ch10,tang_702,ch10,major,complete_candidate,history/city_suzhou__tang_702.md,city_suzhou__ch10.yaml,assets/default/town/city_suzhou__ch10,史料约束下的推定候选；严格校验、逐城预览目检通过；唐素材回退宋基线。
city_wuxi,ch10,tang_702,ch10,major,complete_candidate,history/city_wuxi__tang_702.md,city_wuxi__ch10.yaml,assets/default/town/city_wuxi__ch10,史料约束下的推定候选；严格校验、逐城预览目检通过；唐素材回退宋基线。
city_jiaxing,ch10,tang_702,ch10,major,complete_candidate,history/city_jiaxing__tang_702.md,city_jiaxing__ch10.yaml,assets/default/town/city_jiaxing__ch10,史料约束下的推定候选；严格校验、逐城预览目检通过；唐素材回退宋基线。
city_shaoxing,ch10,tang_702,ch10,major,complete_candidate,history/city_shaoxing__tang_702.md,city_shaoxing__ch10.yaml,assets/default/town/city_shaoxing__ch10,史料约束下的推定候选；严格校验、逐城预览目检通过；唐素材回退宋基线。
city_ningbo,ch10,tang_702,ch10,major,partial_candidate,history/city_ningbo__tang_702.md,city_ningbo__ch10.yaml,assets/default/town/city_ningbo__ch10,选址或证据链待考：小溪治所的历史解释与准确定位待考；不能用三江口三河汇流冒充702年县治。
city_zhoushan,ch10,tang_702,ch10,major,complete_candidate,history/city_zhoushan__tang_702.md,city_zhoushan__ch10.yaml,assets/default/town/city_zhoushan__ch10,史料约束下的推定候选；严格校验、逐城预览目检通过；唐素材回退宋基线。
city_wenzhou,ch10,tang_702,ch10,major,complete_candidate,history/city_wenzhou__tang_702.md,city_wenzhou__ch10.yaml,assets/default/town/city_wenzhou__ch10,史料约束下的推定候选；严格校验、逐城预览目检通过；唐素材回退宋基线。
city_fuzhou,ch10,tang_702,ch10,major,complete_candidate,history/city_fuzhou__tang_702.md,city_fuzhou__ch10.yaml,assets/default/town/city_fuzhou__ch10,史料约束下的推定候选；严格校验、逐城预览目检通过；唐素材回退宋基线。
city_quanzhou,ch10,tang_702,ch10,major,complete_candidate,history/city_quanzhou__tang_702.md,city_quanzhou__ch10.yaml,assets/default/town/city_quanzhou__ch10,史料约束下的推定候选；严格校验、逐城预览目检通过；唐素材回退宋基线。
city_putian,ch10,tang_702,ch10,major,complete_candidate,history/city_putian__tang_702.md,city_putian__ch10.yaml,assets/default/town/city_putian__ch10,史料约束下的推定候选；严格校验、逐城预览目检通过；唐素材回退宋基线。
city_xiamen,ch10,tang_702,ch10,major,complete_candidate,history/city_xiamen__tang_702.md,city_xiamen__ch10.yaml,assets/default/town/city_xiamen__ch10,史料约束下的推定候选；严格校验、逐城预览目检通过；唐素材回退宋基线。
city_zhangzhou,ch10,tang_702,ch10,major,complete_candidate,history/city_zhangzhou__tang_702.md,city_zhangzhou__ch10.yaml,assets/default/town/city_zhangzhou__ch10,史料约束下的推定候选；严格校验、逐城预览目检通过；唐素材回退宋基线。
city_nanchang,ch10,tang_702,ch10,major,complete_candidate,history/city_nanchang__tang_702.md,city_nanchang__ch10.yaml,assets/default/town/city_nanchang__ch10,史料约束下的推定候选；严格校验、逐城预览目检通过；唐素材回退宋基线。
city_jiujiang,ch10,tang_702,ch10,major,complete_candidate,history/city_jiujiang__tang_702.md,city_jiujiang__ch10.yaml,assets/default/town/city_jiujiang__ch10,史料约束下的推定候选；严格校验、逐城预览目检通过；唐素材回退宋基线。
city_ganzhou,ch10,tang_702,ch10,major,complete_candidate,history/city_ganzhou__tang_702.md,city_ganzhou__ch10.yaml,assets/default/town/city_ganzhou__ch10,史料约束下的推定候选；严格校验、逐城预览目检通过；唐素材回退宋基线。
city_jingdezhen,ch10,tang_702,ch10,major,complete_candidate,history/city_jingdezhen__tang_702.md,city_jingdezhen__ch10.yaml,assets/default/town/city_jingdezhen__ch10,史料约束下的推定候选；严格校验、逐城预览目检通过；唐素材回退宋基线。
city_wuhan,ch10,tang_702,ch10,major,complete_candidate,history/city_wuhan__tang_702.md,city_wuhan__ch10.yaml,assets/default/town/city_wuhan__ch10,史料约束下的推定候选；严格校验、逐城预览目检通过；唐素材回退宋基线。
city_xiangyang,ch10,tang_702,ch10,major,complete_candidate,history/city_xiangyang__tang_702.md,city_xiangyang__ch10.yaml,assets/default/town/city_xiangyang__ch10,史料约束下的推定候选；严格校验、逐城预览目检通过；唐素材回退宋基线。
city_jingzhou,ch10,tang_702,ch10,major,complete_candidate,history/city_jingzhou__tang_702.md,city_jingzhou__ch10.yaml,assets/default/town/city_jingzhou__ch10,史料约束下的推定候选；严格校验、逐城预览目检通过；唐素材回退宋基线。
city_yueyang,ch10,tang_702,ch10,major,complete_candidate,history/city_yueyang__tang_702.md,city_yueyang__ch10.yaml,assets/default/town/city_yueyang__ch10,史料约束下的推定候选；严格校验、逐城预览目检通过；唐素材回退宋基线。
city_changsha,ch10,tang_702,ch10,major,complete_candidate,history/city_changsha__tang_702.md,city_changsha__ch10.yaml,assets/default/town/city_changsha__ch10,史料约束下的推定候选；严格校验、逐城预览目检通过；唐素材回退宋基线。
city_hengyang,ch10,tang_702,ch10,major,complete_candidate,history/city_hengyang__tang_702.md,city_hengyang__ch10.yaml,assets/default/town/city_hengyang__ch10,史料约束下的推定候选；严格校验、逐城预览目检通过；唐素材回退宋基线。
city_shiyan,ch10,tang_702,ch10,major,partial_candidate,history/city_shiyan__tang_702.md,city_shiyan__ch10.yaml,assets/default/town/city_shiyan__ch10,选址或证据链待考：旧均县、延岑城、关门岩的具体迁治关系仍需核原志；北侧汉水为区域关系推定。
city_yichang,ch10,tang_702,ch10,major,partial_candidate,history/city_yichang__tang_702.md,city_yichang__ch10.yaml,assets/default/town/city_yichang__ch10,选址或证据链待考：新唐书作步阐垒，旧唐书作陆抗故垒，CHGIS注2已列异文；默认大江左岸旧治候选，精确洲岸、围郭与二垒关系待考，不沿用清代门额。
city_guangzhou,ch10,tang_702,ch10,major,complete_candidate,history/city_guangzhou__tang_702.md,city_guangzhou__ch10.yaml,assets/default/town/city_guangzhou__ch10,史料约束下的推定候选；严格校验、逐城预览目检通过；唐素材回退宋基线。
city_foshan,ch10,tang_702,ch10,major,complete_candidate,history/city_foshan__tang_702.md,city_foshan__ch10.yaml,assets/default/town/city_foshan__ch10,史料约束下的推定候选；严格校验、逐城预览目检通过；唐素材回退宋基线。
city_zhaoqing,ch10,tang_702,ch10,major,complete_candidate,history/city_zhaoqing__tang_702.md,city_zhaoqing__ch10.yaml,assets/default/town/city_zhaoqing__ch10,史料约束下的推定候选；严格校验、逐城预览目检通过；唐素材回退宋基线。
city_chaozhou,ch10,tang_702,ch10,major,partial_candidate,history/city_chaozhou__tang_702.md,city_chaozhou__ch10.yaml,assets/default/town/city_chaozhou__ch10,选址或证据链待考：溪东至西岸迁城的准确年代未定，此项影响地图选址；默认溪东，并列为局部待考候选。
city_guilin,ch10,tang_702,ch10,major,complete_candidate,history/city_guilin__tang_702.md,city_guilin__ch10.yaml,assets/default/town/city_guilin__ch10,史料约束下的推定候选；严格校验、逐城预览目检通过；唐素材回退宋基线。
city_liuzhou,ch10,tang_702,ch10,major,partial_candidate,history/city_liuzhou__tang_702.md,city_liuzhou__ch10.yaml,assets/default/town/city_liuzhou__ch10,选址或证据链待考：已核《旧唐书》柳州、马平条，解决建置名称；官方地方考古与年鉴PDF仍未取得，柳江北岸具体城址、水岸与围郭保留低置信推定。
city_nanning,ch10,tang_702,ch10,major,partial_candidate,history/city_nanning__tang_702.md,city_nanning__ch10.yaml,assets/default/town/city_nanning__ch10,选址或证据链待考：702年岸位与都督府存续待考；默认江北旧治的空间候选，官署仅作旧署院落意向，不断言当年仍在办公；711南迁及宋皇祐重建边界均不前推。
city_haikou,ch10,tang_702,ch10,major,partial_candidate,history/city_haikou__tang_702.md,city_haikou__ch10.yaml,assets/default/town/city_haikou__ch10,选址或证据链待考：舍城对应今旧州、云龙等地的说法需核原志与考古；默认海口南部内陆河畔州治，不将游戏坐标绑定具体乡镇，西侧水道纯属区域推定。
city_chengdu,ch10,tang_702,ch10,major,complete_candidate,history/city_chengdu__tang_702.md,city_chengdu__ch10.yaml,assets/default/town/city_chengdu__ch10,史料约束下的推定候选；严格校验、逐城预览目检通过；唐素材回退宋基线。
city_chongqing,ch10,tang_702,ch10,major,complete_candidate,history/city_chongqing__tang_702.md,city_chongqing__ch10.yaml,assets/default/town/city_chongqing__ch10,渝州巴县与山水关系有可用约束；史料约束下的缩景候选已通过严格校验与放大目检；套件回退已留痕。
city_dujiangyan,ch10,tang_702,ch10,major,complete_candidate,history/city_dujiangyan__tang_702.md,city_dujiangyan__ch10.yaml,assets/default/town/city_dujiangyan__ch10,灌口与导江水利关系有可用约束；史料约束下的缩景候选已通过严格校验与放大目检；套件回退已留痕。
city_leshan,ch10,tang_702,ch10,major,complete_candidate,history/city_leshan__tang_702.md,city_leshan__ch10.yaml,assets/default/town/city_leshan__ch10,嘉州龙游及三江地形有可用约束；史料约束下的缩景候选已通过严格校验与放大目检；套件回退已留痕。
city_fengjie,ch10,tang_702,ch10,major,complete_candidate,history/city_fengjie__tang_702.md,city_fengjie__ch10.yaml,assets/default/town/city_fengjie__ch10,夔州白帝山连城与江峡关系有可用约束；缩景候选已通过严格校验与放大目检；套件回退已留痕。
city_lijiang,ch10,tang_702,ch10,major,partial_candidate,history/city_lijiang__tang_702.md,city_lijiang__ch10.yaml,assets/default/town/city_lijiang__ch10,三赕城可约束至文林文治一带但702聚落平面未定；不把宋元以后大研水街倒置；图件齐备且已校验目检。
city_baoshan,ch10,tang_702,ch10,major,partial_candidate,history/city_baoshan__tang_702.md,city_baoshan__ch10.yaml,assets/default/town/city_baoshan__ch10,太保山永昌府城始筑于743年；702只能采用坝缘聚落候选且精确城址未定；图件齐备且已校验目检。
city_tengchong,ch10,tang_702,ch10,major,partial_candidate,history/city_tengchong__tang_702.md,city_tengchong__ch10.yaml,assets/default/town/city_tengchong__ch10,可读摘要把西山坝大城定于762至764年且原PDF受阻；702仅作越赕早期聚落；图件齐备且已校验目检。
city_qujing,ch10,tang_702,ch10,major,complete_candidate,history/city_qujing__tang_702.md,city_qujing__ch10.yaml,assets/default/town/city_qujing__ch10,郎州味县及石城川地望有可用约束；史料约束下的缩景候选已通过严格校验与放大目检；套件回退已留痕。
city_guiyang,ch10,tang_702,ch10,major,partial_candidate,history/city_guiyang__tang_702.md,city_guiyang__ch10.yaml,assets/default/town/city_guiyang__ch10,矩州迁入今贵阳中心在857至860年；702早期北部聚落具体址与平面未定；图件齐备且已校验目检。
city_shigatse,ch10,tang_702,ch10,major,partial_candidate,history/city_shigatse__tang_702.md,city_shigatse__ch10.yaml,assets/default/town/city_shigatse__ch10,政治中心与桑珠孜始于14世纪；702仅能表达年楚河谷聚落且具体址未定；图件齐备且已校验目检。
city_qamdo,ch10,tang_702,ch10,major,partial_candidate,history/city_qamdo__tang_702.md,city_qamdo__ch10.yaml,assets/default/town/city_qamdo__ch10,唐时属吐蕃且两江口关系可用；702具体城址与街网无可用平面证据；图件齐备且已校验目检。
city_ngari,ch10,tang_702,ch10,major,partial_candidate,history/city_ngari__tang_702.md,city_ngari__ch10.yaml,assets/default/town/city_ngari__ch10,曲龙与卡尔东均为穹隆银城候选且与702噶尔键关系未定；默认不规则聚落；图件齐备且已校验目检。
city_tianshui,ch10,tang_702,ch10,major,complete_candidate,history/city_tianshui__tang_702.md,city_tianshui__ch10.yaml,assets/default/town/city_tianshui__ch10,秦州上邽建置与河谷关系有可用约束；史料约束下的缩景候选已通过严格校验与放大目检；套件回退已留痕。
city_pingliang,ch10,tang_702,ch10,major,partial_candidate,history/city_pingliang__tang_702.md,city_pingliang__ch10.yaml,assets/default/town/city_pingliang__ch10,702平凉县仍在颉河北旧治而717方迁；旧治精确址与城郭平面未定；图件齐备且已校验目检。
city_zhongwei,ch10,tang_702,ch10,major,complete_candidate,history/city_zhongwei__tang_702.md,city_zhongwei__ch10.yaml,assets/default/town/city_zhongwei__ch10,丰安军石空与黄河关系有可用约束；史料约束下的缩景候选已通过严格校验与放大目检；套件回退已留痕。
city_xining,ch10,tang_702,ch10,major,complete_candidate,history/city_xining__tang_702.md,city_xining__ch10.yaml,assets/default/town/city_xining__ch10,鄯城县及河湟边城关系有可用约束；史料约束下的缩景候选已通过严格校验与放大目检；套件回退已留痕。
city_hotan,ch10,tang_702,ch10,major,complete_candidate,history/city_hotan__tang_702.md,city_hotan__ch10.yaml,assets/default/town/city_hotan__ch10,已看论文图；方城四门与十字街均为作者据文献壁画提出的布局推测，未写作约特干勘探结论；候选已校验目检。
city_yarkand,ch10,tang_702,ch10,major,partial_candidate,history/city_yarkand__tang_702.md,city_yarkand__ch10.yaml,assets/default/town/city_yarkand__ch10,现叶尔羌回城墙始建1472年；702绿洲存在但王城址和平面未定；图件齐备且已校验目检。
city_aksu,ch10,tang_702,ch10,major,complete_candidate,history/city_aksu__tang_702.md,city_aksu__ch10.yaml,assets/default/town/city_aksu__ch10,拨换城与跋禄迦姑墨关系提供可用约束；史料约束下的缩景候选已通过严格校验与放大目检。
city_kuqa,ch10,tang_702,ch10,major,complete_candidate,history/city_kuqa__tang_702.md,city_kuqa__ch10.yaml,assets/default/town/city_kuqa__ch10,墓志与龟兹故城关系可约束安西都护府城址身份；缩景候选已通过严格校验与放大目检。
city_korla,ch10,tang_702,ch10,major,complete_candidate,history/city_korla__tang_702.md,city_korla__ch10.yaml,assets/default/town/city_korla__ch10,博格达沁故城形制有可用约束；工具契约无法合法表达墙外环壕故未伪画；候选已校验目检。
city_liaoyang,ch10,tang_702,ch10,major,complete_candidate,history/city_liaoyang__tang_702.md,city_liaoyang__ch10.yaml,assets/default/town/city_liaoyang__ch10,辽东故城与羁縻州建置有可用约束；史料约束下的缩景候选已通过严格校验与放大目检；套件回退已留痕。
city_jinzhou,ch10,tang_702,ch10,major,partial_candidate,history/city_jinzhou__tang_702.md,city_jinzhou__ch10.yaml,assets/default/town/city_jinzhou__ch10,今锦州境属营州体系而锦州城名始于辽；702驿防具体址未定；图件齐备且已校验目检。
city_dandong,ch10,tang_702,ch10,major,partial_candidate,history/city_dandong__tang_702.md,city_dandong__ch10.yaml,assets/default/town/city_dandong__ch10,泊汋城多比定丹东北九连城但八世纪归属与平面仍待考；不前置金元明城；图件齐备且已校验目检。
city_yingkou,ch10,tang_702,ch10,major,complete_candidate,history/city_yingkou__tang_702.md,city_yingkou__ch10.yaml,assets/default/town/city_yingkou__ch10,建安州与高句丽旧城关系有可用约束；史料约束下的缩景候选已通过严格校验与放大目检；套件回退已留痕。
city_jilin,ch10,tang_702,ch10,major,partial_candidate,history/city_jilin__tang_702.md,city_jilin__ch10.yaml,assets/default/town/city_jilin__ch10,龙潭山旧城早于702而渤海涑州晚至713后；702聚落位置和平面未定；图件齐备且已校验目检。
city_ningan,ch10,tang_702,ch10,major,partial_candidate,history/city_ningan__tang_702.md,city_ningan__ch10.yaml,assets/default/town/city_ningan__ch10,已看成熟渤海上京图但其约755年后才适用；702仅作牡丹江早期无墙聚落；图件齐备且已校验目检。
city_qiqihar,ch10,tang_702,ch10,major,partial_candidate,history/city_qiqihar__tang_702.md,city_qiqihar__ch10.yaml,assets/default/town/city_qiqihar__ch10,702属室韦活动范围而齐齐哈尔城始建1691年；同期固定城防无证；图件齐备且已校验目检。
city_chifeng,ch10,tang_702,ch10,major,partial_candidate,history/city_chifeng__tang_702.md,city_chifeng__ch10.yaml,assets/default/town/city_chifeng__ch10,松漠都督府696年废而715至717年后复置；702撤府期聚落址未定；图件齐备且已校验目检。
city_hohhot,ch10,tang_702,ch10,major,complete_candidate,history/city_hohhot__tang_702.md,city_hohhot__ch10.yaml,assets/default/town/city_hohhot__ch10,单于大都护府与土城子北城有可用约束；史料约束下的缩景候选已通过严格校验与放大目检；套件回退已留痕。
city_ordos,ch10,tang_702,ch10,major,complete_candidate,history/city_ordos__tang_702.md,city_ordos__ch10.yaml,assets/default/town/city_ordos__ch10,胜州榆林城与十二连城区域有可用约束；缩景候选已通过严格校验与放大目检；套件回退已留痕。
city_xilinhot,ch10,tang_702,ch10,major,partial_candidate,history/city_xilinhot__tang_702.md,city_xilinhot__ch10.yaml,assets/default/town/city_xilinhot__ch10,702属草原部众活动区且可定位城址多属辽以后；默认季节营地而不强造城；图件齐备且已校验目检。
city_penghu,ch10,tang_702,ch10,major,partial_candidate,history/city_penghu__tang_702.md,city_penghu__ch10.yaml,assets/default/town/city_penghu__ch10,汉人活动考古证据偏唐末且可靠文献始于南宋；702固定泊地聚落无证；图件齐备且已校验目检。
city_hejian,ch10,tang_702,ch10,secondary,pending,history/city_hejian__tang_702.md,city_hejian__ch10.yaml,assets/default/town/city_hejian__ch10,本轮未执行逐城史料检索、规格与渲染；不可视为已完成
city_qinhuangdao,ch10,tang_702,ch10,secondary,pending,history/city_qinhuangdao__tang_702.md,city_qinhuangdao__ch10.yaml,assets/default/town/city_qinhuangdao__ch10,本轮未执行逐城史料检索、规格与渲染；不可视为已完成
city_tangshan,ch10,tang_702,ch10,secondary,pending,history/city_tangshan__tang_702.md,city_tangshan__ch10.yaml,assets/default/town/city_tangshan__ch10,本轮未执行逐城史料检索、规格与渲染；不可视为已完成
city_xinxiang,ch10,tang_702,ch10,secondary,pending,history/city_xinxiang__tang_702.md,city_xinxiang__ch10.yaml,assets/default/town/city_xinxiang__ch10,本轮未执行逐城史料检索、规格与渲染；不可视为已完成
city_jiaozuo,ch10,tang_702,ch10,secondary,pending,history/city_jiaozuo__tang_702.md,city_jiaozuo__ch10.yaml,assets/default/town/city_jiaozuo__ch10,本轮未执行逐城史料检索、规格与渲染；不可视为已完成
city_xuchang,ch10,tang_702,ch10,secondary,pending,history/city_xuchang__tang_702.md,city_xuchang__ch10.yaml,assets/default/town/city_xuchang__ch10,本轮未执行逐城史料检索、规格与渲染；不可视为已完成
city_pingdingshan,ch10,tang_702,ch10,secondary,pending,history/city_pingdingshan__tang_702.md,city_pingdingshan__ch10.yaml,assets/default/town/city_pingdingshan__ch10,本轮未执行逐城史料检索、规格与渲染；不可视为已完成
city_xianyang,ch10,tang_702,ch10,secondary,pending,history/city_xianyang__tang_702.md,city_xianyang__ch10.yaml,assets/default/town/city_xianyang__ch10,本轮未执行逐城史料检索、规格与渲染；不可视为已完成
city_weinan,ch10,tang_702,ch10,secondary,pending,history/city_weinan__tang_702.md,city_weinan__ch10.yaml,assets/default/town/city_weinan__ch10,本轮未执行逐城史料检索、规格与渲染；不可视为已完成
city_ankang,ch10,tang_702,ch10,secondary,pending,history/city_ankang__tang_702.md,city_ankang__ch10.yaml,assets/default/town/city_ankang__ch10,本轮未执行逐城史料检索、规格与渲染；不可视为已完成
city_shangluo,ch10,tang_702,ch10,secondary,pending,history/city_shangluo__tang_702.md,city_shangluo__ch10.yaml,assets/default/town/city_shangluo__ch10,本轮未执行逐城史料检索、规格与渲染；不可视为已完成
city_pingyao,ch10,tang_702,ch10,secondary,pending,history/city_pingyao__tang_702.md,city_pingyao__ch10.yaml,assets/default/town/city_pingyao__ch10,本轮未执行逐城史料检索、规格与渲染；不可视为已完成
city_xinzhou,ch10,tang_702,ch10,secondary,pending,history/city_xinzhou__tang_702.md,city_xinzhou__ch10.yaml,assets/default/town/city_xinzhou__ch10,本轮未执行逐城史料检索、规格与渲染；不可视为已完成
city_jincheng,ch10,tang_702,ch10,secondary,pending,history/city_jincheng__tang_702.md,city_jincheng__ch10.yaml,assets/default/town/city_jincheng__ch10,本轮未执行逐城史料检索、规格与渲染；不可视为已完成
city_liaocheng,ch10,tang_702,ch10,secondary,pending,history/city_liaocheng__tang_702.md,city_liaocheng__ch10.yaml,assets/default/town/city_liaocheng__ch10,本轮未执行逐城史料检索、规格与渲染；不可视为已完成
city_linyi,ch10,tang_702,ch10,secondary,pending,history/city_linyi__tang_702.md,city_linyi__ch10.yaml,assets/default/town/city_linyi__ch10,本轮未执行逐城史料检索、规格与渲染；不可视为已完成
city_weihai,ch10,tang_702,ch10,secondary,pending,history/city_weihai__tang_702.md,city_weihai__ch10.yaml,assets/default/town/city_weihai__ch10,本轮未执行逐城史料检索、规格与渲染；不可视为已完成
city_zibo,ch10,tang_702,ch10,secondary,pending,history/city_zibo__tang_702.md,city_zibo__ch10.yaml,assets/default/town/city_zibo__ch10,本轮未执行逐城史料检索、规格与渲染；不可视为已完成
city_dongping,ch10,tang_702,ch10,secondary,pending,history/city_dongping__tang_702.md,city_dongping__ch10.yaml,assets/default/town/city_dongping__ch10,本轮未执行逐城史料检索、规格与渲染；不可视为已完成
city_lianyungang,ch10,tang_702,ch10,secondary,pending,history/city_lianyungang__tang_702.md,city_lianyungang__ch10.yaml,assets/default/town/city_lianyungang__ch10,本轮未执行逐城史料检索、规格与渲染；不可视为已完成
city_fuyang,ch10,tang_702,ch10,secondary,pending,history/city_fuyang__tang_702.md,city_fuyang__ch10.yaml,assets/default/town/city_fuyang__ch10,本轮未执行逐城史料检索、规格与渲染；不可视为已完成
city_jinhua,ch10,tang_702,ch10,secondary,pending,history/city_jinhua__tang_702.md,city_jinhua__ch10.yaml,assets/default/town/city_jinhua__ch10,本轮未执行逐城史料检索、规格与渲染；不可视为已完成
city_quzhou,ch10,tang_702,ch10,secondary,pending,history/city_quzhou__tang_702.md,city_quzhou__ch10.yaml,assets/default/town/city_quzhou__ch10,本轮未执行逐城史料检索、规格与渲染；不可视为已完成
city_huzhou,ch10,tang_702,ch10,secondary,pending,history/city_huzhou__tang_702.md,city_huzhou__ch10.yaml,assets/default/town/city_huzhou__ch10,本轮未执行逐城史料检索、规格与渲染；不可视为已完成
city_changzhou,ch10,tang_702,ch10,secondary,pending,history/city_changzhou__tang_702.md,city_changzhou__ch10.yaml,assets/default/town/city_changzhou__ch10,本轮未执行逐城史料检索、规格与渲染；不可视为已完成
city_wuyishan,ch10,tang_702,ch10,secondary,pending,history/city_wuyishan__tang_702.md,city_wuyishan__ch10.yaml,assets/default/town/city_wuyishan__ch10,本轮未执行逐城史料检索、规格与渲染；不可视为已完成
city_shangrao,ch10,tang_702,ch10,secondary,pending,history/city_shangrao__tang_702.md,city_shangrao__ch10.yaml,assets/default/town/city_shangrao__ch10,本轮未执行逐城史料检索、规格与渲染；不可视为已完成
city_chenzhou,ch10,tang_702,ch10,secondary,pending,history/city_chenzhou__tang_702.md,city_chenzhou__ch10.yaml,assets/default/town/city_chenzhou__ch10,本轮未执行逐城史料检索、规格与渲染；不可视为已完成
city_enshi,ch10,tang_702,ch10,secondary,pending,history/city_enshi__tang_702.md,city_enshi__ch10.yaml,assets/default/town/city_enshi__ch10,本轮未执行逐城史料检索、规格与渲染；不可视为已完成
city_chenzhou_yuanling,ch10,tang_702,ch10,secondary,pending,history/city_chenzhou_yuanling__tang_702.md,city_chenzhou_yuanling__ch10.yaml,assets/default/town/city_chenzhou_yuanling__ch10,本轮未执行逐城史料检索、规格与渲染；不可视为已完成
city_jingmen,ch10,tang_702,ch10,secondary,pending,history/city_jingmen__tang_702.md,city_jingmen__ch10.yaml,assets/default/town/city_jingmen__ch10,本轮未执行逐城史料检索、规格与渲染；不可视为已完成
city_shaoguan,ch10,tang_702,ch10,secondary,pending,history/city_shaoguan__tang_702.md,city_shaoguan__ch10.yaml,assets/default/town/city_shaoguan__ch10,本轮未执行逐城史料检索、规格与渲染；不可视为已完成
city_sanya,ch10,tang_702,ch10,secondary,pending,history/city_sanya__tang_702.md,city_sanya__ch10.yaml,assets/default/town/city_sanya__ch10,本轮未执行逐城史料检索、规格与渲染；不可视为已完成
city_meishan,ch10,tang_702,ch10,secondary,pending,history/city_meishan__tang_702.md,city_meishan__ch10.yaml,assets/default/town/city_meishan__ch10,本轮未执行逐城史料检索、规格与渲染；不可视为已完成
city_yaan,ch10,tang_702,ch10,secondary,pending,history/city_yaan__tang_702.md,city_yaan__ch10.yaml,assets/default/town/city_yaan__ch10,本轮未执行逐城史料检索、规格与渲染；不可视为已完成
city_dazhou,ch10,tang_702,ch10,secondary,pending,history/city_dazhou__tang_702.md,city_dazhou__ch10.yaml,assets/default/town/city_dazhou__ch10,本轮未执行逐城史料检索、规格与渲染；不可视为已完成
city_bazhong,ch10,tang_702,ch10,secondary,pending,history/city_bazhong__tang_702.md,city_bazhong__ch10.yaml,assets/default/town/city_bazhong__ch10,本轮未执行逐城史料检索、规格与渲染；不可视为已完成
city_langzhong,ch10,tang_702,ch10,secondary,pending,history/city_langzhong__tang_702.md,city_langzhong__ch10.yaml,assets/default/town/city_langzhong__ch10,本轮未执行逐城史料检索、规格与渲染；不可视为已完成
city_zunyi,ch10,tang_702,ch10,secondary,pending,history/city_zunyi__tang_702.md,city_zunyi__ch10.yaml,assets/default/town/city_zunyi__ch10,本轮未执行逐城史料检索、规格与渲染；不可视为已完成
city_jinghong,ch10,tang_702,ch10,secondary,pending,history/city_jinghong__tang_702.md,city_jinghong__ch10.yaml,assets/default/town/city_jinghong__ch10,本轮未执行逐城史料检索、规格与渲染；不可视为已完成
city_gyantse,ch10,tang_702,ch10,secondary,pending,history/city_gyantse__tang_702.md,city_gyantse__ch10.yaml,assets/default/town/city_gyantse__ch10,本轮未执行逐城史料检索、规格与渲染；不可视为已完成
city_yushu,ch10,tang_702,ch10,secondary,pending,history/city_yushu__tang_702.md,city_yushu__ch10.yaml,assets/default/town/city_yushu__ch10,本轮未执行逐城史料检索、规格与渲染；不可视为已完成
city_altay,ch10,tang_702,ch10,secondary,pending,history/city_altay__tang_702.md,city_altay__ch10.yaml,assets/default/town/city_altay__ch10,本轮未执行逐城史料检索、规格与渲染；不可视为已完成
city_xingcheng,ch10,tang_702,ch10,secondary,pending,history/city_xingcheng__tang_702.md,city_xingcheng__ch10.yaml,assets/default/town/city_xingcheng__ch10,本轮未执行逐城史料检索、规格与渲染；不可视为已完成
city_mohe,ch10,tang_702,ch10,secondary,pending,history/city_mohe__tang_702.md,city_mohe__ch10.yaml,assets/default/town/city_mohe__ch10,本轮未执行逐城史料检索、规格与渲染；不可视为已完成
city_baotou,ch10,tang_702,ch10,secondary,pending,history/city_baotou__tang_702.md,city_baotou__ch10.yaml,assets/default/town/city_baotou__ch10,本轮未执行逐城史料检索、规格与渲染；不可视为已完成
city_khotan_kunlun,ch10,tang_702,ch10,site,pending,history/city_khotan_kunlun__tang_702.md,city_khotan_kunlun__ch10.yaml,assets/default/town/city_khotan_kunlun__ch10,本轮未执行逐城史料检索、规格与渲染；不可视为已完成
city_taohuadao,ch10,tang_702,ch10,site,pending,history/city_taohuadao__tang_702.md,city_taohuadao__ch10.yaml,assets/default/town/city_taohuadao__ch10,本轮未执行逐城史料检索、规格与渲染；不可视为已完成
city_beijing,ch01,northern_song,ch01,capital,pending,history/city_beijing__northern_song.md,city_beijing__ch01.yaml,assets/default/town/city_beijing__ch01,本轮未执行逐城史料检索、规格与渲染；不可视为已完成
city_kaifeng,ch01,northern_song,ch01,capital,pending,history/city_kaifeng__northern_song.md,city_kaifeng__ch01.yaml,assets/default/town/city_kaifeng__ch01,本轮未执行逐城史料检索、规格与渲染；不可视为已完成
city_luoyang,ch01,northern_song,ch01,capital,pending,history/city_luoyang__northern_song.md,city_luoyang__ch01.yaml,assets/default/town/city_luoyang__ch01,本轮未执行逐城史料检索、规格与渲染；不可视为已完成
city_datong,ch01,northern_song,ch01,capital,pending,history/city_datong__northern_song.md,city_datong__ch01.yaml,assets/default/town/city_datong__ch01,本轮未执行逐城史料检索、规格与渲染；不可视为已完成
city_nanjing,ch01,northern_song,ch01,capital,pending,history/city_nanjing__northern_song.md,city_nanjing__ch01.yaml,assets/default/town/city_nanjing__ch01,本轮未执行逐城史料检索、规格与渲染；不可视为已完成
city_hangzhou,ch01,northern_song,ch01,capital,pending,history/city_hangzhou__northern_song.md,city_hangzhou__ch01.yaml,assets/default/town/city_hangzhou__ch01,本轮未执行逐城史料检索、规格与渲染；不可视为已完成
city_kunming,ch01,northern_song,ch01,capital,pending,history/city_kunming__northern_song.md,city_kunming__ch01.yaml,assets/default/town/city_kunming__ch01,本轮未执行逐城史料检索、规格与渲染；不可视为已完成
city_dali,ch01,northern_song,ch01,capital,baseline_existing,history/dali.md,city_dali__ch01.yaml,assets/default/baseline/town,按任务跳过已完成基线
city_lhasa,ch01,northern_song,ch01,capital,pending,history/city_lhasa__northern_song.md,city_lhasa__ch01.yaml,assets/default/town/city_lhasa__ch01,本轮未执行逐城史料检索、规格与渲染；不可视为已完成
city_yinchuan,ch01,northern_song,ch01,capital,pending,history/city_yinchuan__northern_song.md,city_yinchuan__ch01.yaml,assets/default/town/city_yinchuan__ch01,本轮未执行逐城史料检索、规格与渲染；不可视为已完成
city_kashgar,ch01,northern_song,ch01,capital,pending,history/city_kashgar__northern_song.md,city_kashgar__ch01.yaml,assets/default/town/city_kashgar__ch01,本轮未执行逐城史料检索、规格与渲染；不可视为已完成
city_shenyang,ch01,northern_song,ch01,capital,pending,history/city_shenyang__northern_song.md,city_shenyang__ch01.yaml,assets/default/town/city_shenyang__ch01,本轮未执行逐城史料检索、规格与渲染；不可视为已完成
city_liaoshangjing,ch01,northern_song,ch01,capital,pending,history/city_liaoshangjing__northern_song.md,city_liaoshangjing__ch01.yaml,assets/default/town/city_liaoshangjing__ch01,本轮未执行逐城史料检索、规格与渲染；不可视为已完成
city_zhengding,ch01,northern_song,ch01,major,pending,history/city_zhengding__northern_song.md,city_zhengding__ch01.yaml,assets/default/town/city_zhengding__ch01,本轮未执行逐城史料检索、规格与渲染；不可视为已完成
city_cangzhou,ch01,northern_song,ch01,major,pending,history/city_cangzhou__northern_song.md,city_cangzhou__ch01.yaml,assets/default/town/city_cangzhou__ch01,本轮未执行逐城史料检索、规格与渲染；不可视为已完成
city_zhengzhou,ch01,northern_song,ch01,major,pending,history/city_zhengzhou__northern_song.md,city_zhengzhou__ch01.yaml,assets/default/town/city_zhengzhou__ch01,本轮未执行逐城史料检索、规格与渲染；不可视为已完成
city_dengfeng,ch01,northern_song,ch01,major,pending,history/city_dengfeng__northern_song.md,city_dengfeng__ch01.yaml,assets/default/town/city_dengfeng__ch01,本轮未执行逐城史料检索、规格与渲染；不可视为已完成
city_anyang,ch01,northern_song,ch01,major,pending,history/city_anyang__northern_song.md,city_anyang__ch01.yaml,assets/default/town/city_anyang__ch01,本轮未执行逐城史料检索、规格与渲染；不可视为已完成
city_shangqiu,ch01,northern_song,ch01,major,pending,history/city_shangqiu__northern_song.md,city_shangqiu__ch01.yaml,assets/default/town/city_shangqiu__ch01,本轮未执行逐城史料检索、规格与渲染；不可视为已完成
city_nanyang,ch01,northern_song,ch01,major,pending,history/city_nanyang__northern_song.md,city_nanyang__ch01.yaml,assets/default/town/city_nanyang__ch01,本轮未执行逐城史料检索、规格与渲染；不可视为已完成
city_xinyang,ch01,northern_song,ch01,major,pending,history/city_xinyang__northern_song.md,city_xinyang__ch01.yaml,assets/default/town/city_xinyang__ch01,本轮未执行逐城史料检索、规格与渲染；不可视为已完成
city_xian,ch01,northern_song,ch01,major,pending,history/city_xian__northern_song.md,city_xian__ch01.yaml,assets/default/town/city_xian__ch01,本轮未执行逐城史料检索、规格与渲染；不可视为已完成
city_huayin,ch01,northern_song,ch01,major,pending,history/city_huayin__northern_song.md,city_huayin__ch01.yaml,assets/default/town/city_huayin__ch01,本轮未执行逐城史料检索、规格与渲染；不可视为已完成
city_baoji,ch01,northern_song,ch01,major,pending,history/city_baoji__northern_song.md,city_baoji__ch01.yaml,assets/default/town/city_baoji__ch01,本轮未执行逐城史料检索、规格与渲染；不可视为已完成
city_hanzhong,ch01,northern_song,ch01,major,pending,history/city_hanzhong__northern_song.md,city_hanzhong__ch01.yaml,assets/default/town/city_hanzhong__ch01,本轮未执行逐城史料检索、规格与渲染；不可视为已完成
city_yanan,ch01,northern_song,ch01,major,pending,history/city_yanan__northern_song.md,city_yanan__ch01.yaml,assets/default/town/city_yanan__ch01,本轮未执行逐城史料检索、规格与渲染；不可视为已完成
city_yulin,ch01,northern_song,ch01,major,pending,history/city_yulin__northern_song.md,city_yulin__ch01.yaml,assets/default/town/city_yulin__ch01,本轮未执行逐城史料检索、规格与渲染；不可视为已完成
city_taiyuan,ch01,northern_song,ch01,major,pending,history/city_taiyuan__northern_song.md,city_taiyuan__ch01.yaml,assets/default/town/city_taiyuan__ch01,本轮未执行逐城史料检索、规格与渲染；不可视为已完成
city_yuncheng,ch01,northern_song,ch01,major,pending,history/city_yuncheng__northern_song.md,city_yuncheng__ch01.yaml,assets/default/town/city_yuncheng__ch01,本轮未执行逐城史料检索、规格与渲染；不可视为已完成
city_linfen,ch01,northern_song,ch01,major,pending,history/city_linfen__northern_song.md,city_linfen__ch01.yaml,assets/default/town/city_linfen__ch01,本轮未执行逐城史料检索、规格与渲染；不可视为已完成
city_changzhi,ch01,northern_song,ch01,major,pending,history/city_changzhi__northern_song.md,city_changzhi__ch01.yaml,assets/default/town/city_changzhi__ch01,本轮未执行逐城史料检索、规格与渲染；不可视为已完成
city_shuozhou,ch01,northern_song,ch01,major,pending,history/city_shuozhou__northern_song.md,city_shuozhou__ch01.yaml,assets/default/town/city_shuozhou__ch01,本轮未执行逐城史料检索、规格与渲染；不可视为已完成
city_jinan,ch01,northern_song,ch01,major,pending,history/city_jinan__northern_song.md,city_jinan__ch01.yaml,assets/default/town/city_jinan__ch01,本轮未执行逐城史料检索、规格与渲染；不可视为已完成
city_qufu,ch01,northern_song,ch01,major,pending,history/city_qufu__northern_song.md,city_qufu__ch01.yaml,assets/default/town/city_qufu__ch01,本轮未执行逐城史料检索、规格与渲染；不可视为已完成
city_taian,ch01,northern_song,ch01,major,pending,history/city_taian__northern_song.md,city_taian__ch01.yaml,assets/default/town/city_taian__ch01,本轮未执行逐城史料检索、规格与渲染；不可视为已完成
city_qingzhou,ch01,northern_song,ch01,major,pending,history/city_qingzhou__northern_song.md,city_qingzhou__ch01.yaml,assets/default/town/city_qingzhou__ch01,本轮未执行逐城史料检索、规格与渲染；不可视为已完成
city_dezhou,ch01,northern_song,ch01,major,pending,history/city_dezhou__northern_song.md,city_dezhou__ch01.yaml,assets/default/town/city_dezhou__ch01,本轮未执行逐城史料检索、规格与渲染；不可视为已完成
city_penglai,ch01,northern_song,ch01,major,pending,history/city_penglai__northern_song.md,city_penglai__ch01.yaml,assets/default/town/city_penglai__ch01,本轮未执行逐城史料检索、规格与渲染；不可视为已完成
city_yangzhou,ch01,northern_song,ch01,major,pending,history/city_yangzhou__northern_song.md,city_yangzhou__ch01.yaml,assets/default/town/city_yangzhou__ch01,本轮未执行逐城史料检索、规格与渲染；不可视为已完成
city_zhenjiang,ch01,northern_song,ch01,major,pending,history/city_zhenjiang__northern_song.md,city_zhenjiang__ch01.yaml,assets/default/town/city_zhenjiang__ch01,本轮未执行逐城史料检索、规格与渲染；不可视为已完成
city_xuzhou,ch01,northern_song,ch01,major,pending,history/city_xuzhou__northern_song.md,city_xuzhou__ch01.yaml,assets/default/town/city_xuzhou__ch01,本轮未执行逐城史料检索、规格与渲染；不可视为已完成
city_hefei,ch01,northern_song,ch01,major,pending,history/city_hefei__northern_song.md,city_hefei__ch01.yaml,assets/default/town/city_hefei__ch01,本轮未执行逐城史料检索、规格与渲染；不可视为已完成
city_anqing,ch01,northern_song,ch01,major,pending,history/city_anqing__northern_song.md,city_anqing__ch01.yaml,assets/default/town/city_anqing__ch01,本轮未执行逐城史料检索、规格与渲染；不可视为已完成
city_wuhu,ch01,northern_song,ch01,major,pending,history/city_wuhu__northern_song.md,city_wuhu__ch01.yaml,assets/default/town/city_wuhu__ch01,本轮未执行逐城史料检索、规格与渲染；不可视为已完成
city_huangshan,ch01,northern_song,ch01,major,pending,history/city_huangshan__northern_song.md,city_huangshan__ch01.yaml,assets/default/town/city_huangshan__ch01,本轮未执行逐城史料检索、规格与渲染；不可视为已完成
city_suzhou,ch01,northern_song,ch01,major,pending,history/city_suzhou__northern_song.md,city_suzhou__ch01.yaml,assets/default/town/city_suzhou__ch01,本轮未执行逐城史料检索、规格与渲染；不可视为已完成
city_wuxi,ch01,northern_song,ch01,major,pending,history/city_wuxi__northern_song.md,city_wuxi__ch01.yaml,assets/default/town/city_wuxi__ch01,本轮未执行逐城史料检索、规格与渲染；不可视为已完成
city_jiaxing,ch01,northern_song,ch01,major,pending,history/city_jiaxing__northern_song.md,city_jiaxing__ch01.yaml,assets/default/town/city_jiaxing__ch01,本轮未执行逐城史料检索、规格与渲染；不可视为已完成
city_shaoxing,ch01,northern_song,ch01,major,pending,history/city_shaoxing__northern_song.md,city_shaoxing__ch01.yaml,assets/default/town/city_shaoxing__ch01,本轮未执行逐城史料检索、规格与渲染；不可视为已完成
city_ningbo,ch01,northern_song,ch01,major,pending,history/city_ningbo__northern_song.md,city_ningbo__ch01.yaml,assets/default/town/city_ningbo__ch01,本轮未执行逐城史料检索、规格与渲染；不可视为已完成
city_zhoushan,ch01,northern_song,ch01,major,pending,history/city_zhoushan__northern_song.md,city_zhoushan__ch01.yaml,assets/default/town/city_zhoushan__ch01,本轮未执行逐城史料检索、规格与渲染；不可视为已完成
city_wenzhou,ch01,northern_song,ch01,major,pending,history/city_wenzhou__northern_song.md,city_wenzhou__ch01.yaml,assets/default/town/city_wenzhou__ch01,本轮未执行逐城史料检索、规格与渲染；不可视为已完成
city_fuzhou,ch01,northern_song,ch01,major,pending,history/city_fuzhou__northern_song.md,city_fuzhou__ch01.yaml,assets/default/town/city_fuzhou__ch01,本轮未执行逐城史料检索、规格与渲染；不可视为已完成
city_quanzhou,ch01,northern_song,ch01,major,pending,history/city_quanzhou__northern_song.md,city_quanzhou__ch01.yaml,assets/default/town/city_quanzhou__ch01,本轮未执行逐城史料检索、规格与渲染；不可视为已完成
city_putian,ch01,northern_song,ch01,major,pending,history/city_putian__northern_song.md,city_putian__ch01.yaml,assets/default/town/city_putian__ch01,本轮未执行逐城史料检索、规格与渲染；不可视为已完成
city_zhangzhou,ch01,northern_song,ch01,major,pending,history/city_zhangzhou__northern_song.md,city_zhangzhou__ch01.yaml,assets/default/town/city_zhangzhou__ch01,本轮未执行逐城史料检索、规格与渲染；不可视为已完成
city_nanchang,ch01,northern_song,ch01,major,pending,history/city_nanchang__northern_song.md,city_nanchang__ch01.yaml,assets/default/town/city_nanchang__ch01,本轮未执行逐城史料检索、规格与渲染；不可视为已完成
city_jiujiang,ch01,northern_song,ch01,major,pending,history/city_jiujiang__northern_song.md,city_jiujiang__ch01.yaml,assets/default/town/city_jiujiang__ch01,本轮未执行逐城史料检索、规格与渲染；不可视为已完成
city_ganzhou,ch01,northern_song,ch01,major,pending,history/city_ganzhou__northern_song.md,city_ganzhou__ch01.yaml,assets/default/town/city_ganzhou__ch01,本轮未执行逐城史料检索、规格与渲染；不可视为已完成
city_jingdezhen,ch01,northern_song,ch01,major,pending,history/city_jingdezhen__northern_song.md,city_jingdezhen__ch01.yaml,assets/default/town/city_jingdezhen__ch01,本轮未执行逐城史料检索、规格与渲染；不可视为已完成
city_wuhan,ch01,northern_song,ch01,major,pending,history/city_wuhan__northern_song.md,city_wuhan__ch01.yaml,assets/default/town/city_wuhan__ch01,本轮未执行逐城史料检索、规格与渲染；不可视为已完成
city_xiangyang,ch01,northern_song,ch01,major,pending,history/city_xiangyang__northern_song.md,city_xiangyang__ch01.yaml,assets/default/town/city_xiangyang__ch01,本轮未执行逐城史料检索、规格与渲染；不可视为已完成
city_jingzhou,ch01,northern_song,ch01,major,pending,history/city_jingzhou__northern_song.md,city_jingzhou__ch01.yaml,assets/default/town/city_jingzhou__ch01,本轮未执行逐城史料检索、规格与渲染；不可视为已完成
city_yueyang,ch01,northern_song,ch01,major,pending,history/city_yueyang__northern_song.md,city_yueyang__ch01.yaml,assets/default/town/city_yueyang__ch01,本轮未执行逐城史料检索、规格与渲染；不可视为已完成
city_changsha,ch01,northern_song,ch01,major,pending,history/city_changsha__northern_song.md,city_changsha__ch01.yaml,assets/default/town/city_changsha__ch01,本轮未执行逐城史料检索、规格与渲染；不可视为已完成
city_hengyang,ch01,northern_song,ch01,major,pending,history/city_hengyang__northern_song.md,city_hengyang__ch01.yaml,assets/default/town/city_hengyang__ch01,本轮未执行逐城史料检索、规格与渲染；不可视为已完成
city_shiyan,ch01,northern_song,ch01,major,pending,history/city_shiyan__northern_song.md,city_shiyan__ch01.yaml,assets/default/town/city_shiyan__ch01,本轮未执行逐城史料检索、规格与渲染；不可视为已完成
city_yichang,ch01,northern_song,ch01,major,pending,history/city_yichang__northern_song.md,city_yichang__ch01.yaml,assets/default/town/city_yichang__ch01,本轮未执行逐城史料检索、规格与渲染；不可视为已完成
city_guangzhou,ch01,northern_song,ch01,major,pending,history/city_guangzhou__northern_song.md,city_guangzhou__ch01.yaml,assets/default/town/city_guangzhou__ch01,本轮未执行逐城史料检索、规格与渲染；不可视为已完成
city_zhaoqing,ch01,northern_song,ch01,major,pending,history/city_zhaoqing__northern_song.md,city_zhaoqing__ch01.yaml,assets/default/town/city_zhaoqing__ch01,本轮未执行逐城史料检索、规格与渲染；不可视为已完成
city_chaozhou,ch01,northern_song,ch01,major,pending,history/city_chaozhou__northern_song.md,city_chaozhou__ch01.yaml,assets/default/town/city_chaozhou__ch01,本轮未执行逐城史料检索、规格与渲染；不可视为已完成
city_guilin,ch01,northern_song,ch01,major,pending,history/city_guilin__northern_song.md,city_guilin__ch01.yaml,assets/default/town/city_guilin__ch01,本轮未执行逐城史料检索、规格与渲染；不可视为已完成
city_liuzhou,ch01,northern_song,ch01,major,pending,history/city_liuzhou__northern_song.md,city_liuzhou__ch01.yaml,assets/default/town/city_liuzhou__ch01,本轮未执行逐城史料检索、规格与渲染；不可视为已完成
city_nanning,ch01,northern_song,ch01,major,pending,history/city_nanning__northern_song.md,city_nanning__ch01.yaml,assets/default/town/city_nanning__ch01,本轮未执行逐城史料检索、规格与渲染；不可视为已完成
city_haikou,ch01,northern_song,ch01,major,pending,history/city_haikou__northern_song.md,city_haikou__ch01.yaml,assets/default/town/city_haikou__ch01,本轮未执行逐城史料检索、规格与渲染；不可视为已完成
city_chengdu,ch01,northern_song,ch01,major,pending,history/city_chengdu__northern_song.md,city_chengdu__ch01.yaml,assets/default/town/city_chengdu__ch01,本轮未执行逐城史料检索、规格与渲染；不可视为已完成
city_chongqing,ch01,northern_song,ch01,major,pending,history/city_chongqing__northern_song.md,city_chongqing__ch01.yaml,assets/default/town/city_chongqing__ch01,本轮未执行逐城史料检索、规格与渲染；不可视为已完成
city_dujiangyan,ch01,northern_song,ch01,major,pending,history/city_dujiangyan__northern_song.md,city_dujiangyan__ch01.yaml,assets/default/town/city_dujiangyan__ch01,本轮未执行逐城史料检索、规格与渲染；不可视为已完成
city_leshan,ch01,northern_song,ch01,major,pending,history/city_leshan__northern_song.md,city_leshan__ch01.yaml,assets/default/town/city_leshan__ch01,本轮未执行逐城史料检索、规格与渲染；不可视为已完成
city_fengjie,ch01,northern_song,ch01,major,pending,history/city_fengjie__northern_song.md,city_fengjie__ch01.yaml,assets/default/town/city_fengjie__ch01,本轮未执行逐城史料检索、规格与渲染；不可视为已完成
city_lijiang,ch01,northern_song,ch01,major,pending,history/city_lijiang__northern_song.md,city_lijiang__ch01.yaml,assets/default/town/city_lijiang__ch01,本轮未执行逐城史料检索、规格与渲染；不可视为已完成
city_baoshan,ch01,northern_song,ch01,major,pending,history/city_baoshan__northern_song.md,city_baoshan__ch01.yaml,assets/default/town/city_baoshan__ch01,本轮未执行逐城史料检索、规格与渲染；不可视为已完成
city_tengchong,ch01,northern_song,ch01,major,pending,history/city_tengchong__northern_song.md,city_tengchong__ch01.yaml,assets/default/town/city_tengchong__ch01,本轮未执行逐城史料检索、规格与渲染；不可视为已完成
city_qujing,ch01,northern_song,ch01,major,pending,history/city_qujing__northern_song.md,city_qujing__ch01.yaml,assets/default/town/city_qujing__ch01,本轮未执行逐城史料检索、规格与渲染；不可视为已完成
city_guiyang,ch01,northern_song,ch01,major,pending,history/city_guiyang__northern_song.md,city_guiyang__ch01.yaml,assets/default/town/city_guiyang__ch01,本轮未执行逐城史料检索、规格与渲染；不可视为已完成
city_qamdo,ch01,northern_song,ch01,major,pending,history/city_qamdo__northern_song.md,city_qamdo__ch01.yaml,assets/default/town/city_qamdo__ch01,本轮未执行逐城史料检索、规格与渲染；不可视为已完成
city_ngari,ch01,northern_song,ch01,major,pending,history/city_ngari__northern_song.md,city_ngari__ch01.yaml,assets/default/town/city_ngari__ch01,本轮未执行逐城史料检索、规格与渲染；不可视为已完成
city_lanzhou,ch01,northern_song,ch01,major,pending,history/city_lanzhou__northern_song.md,city_lanzhou__ch01.yaml,assets/default/town/city_lanzhou__ch01,本轮未执行逐城史料检索、规格与渲染；不可视为已完成
city_tianshui,ch01,northern_song,ch01,major,pending,history/city_tianshui__northern_song.md,city_tianshui__ch01.yaml,assets/default/town/city_tianshui__ch01,本轮未执行逐城史料检索、规格与渲染；不可视为已完成
city_pingliang,ch01,northern_song,ch01,major,pending,history/city_pingliang__northern_song.md,city_pingliang__ch01.yaml,assets/default/town/city_pingliang__ch01,本轮未执行逐城史料检索、规格与渲染；不可视为已完成
city_wuwei,ch01,northern_song,ch01,major,pending,history/city_wuwei__northern_song.md,city_wuwei__ch01.yaml,assets/default/town/city_wuwei__ch01,本轮未执行逐城史料检索、规格与渲染；不可视为已完成
city_zhangye,ch01,northern_song,ch01,major,pending,history/city_zhangye__northern_song.md,city_zhangye__ch01.yaml,assets/default/town/city_zhangye__ch01,本轮未执行逐城史料检索、规格与渲染；不可视为已完成
city_jiuquan,ch01,northern_song,ch01,major,pending,history/city_jiuquan__northern_song.md,city_jiuquan__ch01.yaml,assets/default/town/city_jiuquan__ch01,本轮未执行逐城史料检索、规格与渲染；不可视为已完成
city_dunhuang,ch01,northern_song,ch01,major,pending,history/city_dunhuang__northern_song.md,city_dunhuang__ch01.yaml,assets/default/town/city_dunhuang__ch01,本轮未执行逐城史料检索、规格与渲染；不可视为已完成
city_zhongwei,ch01,northern_song,ch01,major,pending,history/city_zhongwei__northern_song.md,city_zhongwei__ch01.yaml,assets/default/town/city_zhongwei__ch01,本轮未执行逐城史料检索、规格与渲染；不可视为已完成
city_xining,ch01,northern_song,ch01,major,pending,history/city_xining__northern_song.md,city_xining__ch01.yaml,assets/default/town/city_xining__ch01,本轮未执行逐城史料检索、规格与渲染；不可视为已完成
city_hotan,ch01,northern_song,ch01,major,pending,history/city_hotan__northern_song.md,city_hotan__ch01.yaml,assets/default/town/city_hotan__ch01,本轮未执行逐城史料检索、规格与渲染；不可视为已完成
city_yarkand,ch01,northern_song,ch01,major,pending,history/city_yarkand__northern_song.md,city_yarkand__ch01.yaml,assets/default/town/city_yarkand__ch01,本轮未执行逐城史料检索、规格与渲染；不可视为已完成
city_aksu,ch01,northern_song,ch01,major,pending,history/city_aksu__northern_song.md,city_aksu__ch01.yaml,assets/default/town/city_aksu__ch01,本轮未执行逐城史料检索、规格与渲染；不可视为已完成
city_kuqa,ch01,northern_song,ch01,major,pending,history/city_kuqa__northern_song.md,city_kuqa__ch01.yaml,assets/default/town/city_kuqa__ch01,本轮未执行逐城史料检索、规格与渲染；不可视为已完成
city_korla,ch01,northern_song,ch01,major,pending,history/city_korla__northern_song.md,city_korla__ch01.yaml,assets/default/town/city_korla__ch01,本轮未执行逐城史料检索、规格与渲染；不可视为已完成
city_turpan,ch01,northern_song,ch01,major,pending,history/city_turpan__northern_song.md,city_turpan__ch01.yaml,assets/default/town/city_turpan__ch01,本轮未执行逐城史料检索、规格与渲染；不可视为已完成
city_hami,ch01,northern_song,ch01,major,pending,history/city_hami__northern_song.md,city_hami__ch01.yaml,assets/default/town/city_hami__ch01,本轮未执行逐城史料检索、规格与渲染；不可视为已完成
city_yining,ch01,northern_song,ch01,major,pending,history/city_yining__northern_song.md,city_yining__ch01.yaml,assets/default/town/city_yining__ch01,本轮未执行逐城史料检索、规格与渲染；不可视为已完成
city_liaoyang,ch01,northern_song,ch01,major,pending,history/city_liaoyang__northern_song.md,city_liaoyang__ch01.yaml,assets/default/town/city_liaoyang__ch01,本轮未执行逐城史料检索、规格与渲染；不可视为已完成
city_jinzhou,ch01,northern_song,ch01,major,pending,history/city_jinzhou__northern_song.md,city_jinzhou__ch01.yaml,assets/default/town/city_jinzhou__ch01,本轮未执行逐城史料检索、规格与渲染；不可视为已完成
city_dandong,ch01,northern_song,ch01,major,pending,history/city_dandong__northern_song.md,city_dandong__ch01.yaml,assets/default/town/city_dandong__ch01,本轮未执行逐城史料检索、规格与渲染；不可视为已完成
city_jilin,ch01,northern_song,ch01,major,pending,history/city_jilin__northern_song.md,city_jilin__ch01.yaml,assets/default/town/city_jilin__ch01,本轮未执行逐城史料检索、规格与渲染；不可视为已完成
city_chifeng,ch01,northern_song,ch01,major,pending,history/city_chifeng__northern_song.md,city_chifeng__ch01.yaml,assets/default/town/city_chifeng__ch01,本轮未执行逐城史料检索、规格与渲染；不可视为已完成
city_ordos,ch01,northern_song,ch01,major,pending,history/city_ordos__northern_song.md,city_ordos__ch01.yaml,assets/default/town/city_ordos__ch01,本轮未执行逐城史料检索、规格与渲染；不可视为已完成
city_xilinhot,ch01,northern_song,ch01,major,pending,history/city_xilinhot__northern_song.md,city_xilinhot__ch01.yaml,assets/default/town/city_xilinhot__ch01,本轮未执行逐城史料检索、规格与渲染；不可视为已完成
city_penghu,ch01,northern_song,ch01,major,pending,history/city_penghu__northern_song.md,city_penghu__ch01.yaml,assets/default/town/city_penghu__ch01,本轮未执行逐城史料检索、规格与渲染；不可视为已完成
city_hejian,ch01,northern_song,ch01,secondary,pending,history/city_hejian__northern_song.md,city_hejian__ch01.yaml,assets/default/town/city_hejian__ch01,本轮未执行逐城史料检索、规格与渲染；不可视为已完成
city_xinxiang,ch01,northern_song,ch01,secondary,pending,history/city_xinxiang__northern_song.md,city_xinxiang__ch01.yaml,assets/default/town/city_xinxiang__ch01,本轮未执行逐城史料检索、规格与渲染；不可视为已完成
city_jiaozuo,ch01,northern_song,ch01,secondary,pending,history/city_jiaozuo__northern_song.md,city_jiaozuo__ch01.yaml,assets/default/town/city_jiaozuo__ch01,本轮未执行逐城史料检索、规格与渲染；不可视为已完成
city_xuchang,ch01,northern_song,ch01,secondary,pending,history/city_xuchang__northern_song.md,city_xuchang__ch01.yaml,assets/default/town/city_xuchang__ch01,本轮未执行逐城史料检索、规格与渲染；不可视为已完成
city_pingdingshan,ch01,northern_song,ch01,secondary,pending,history/city_pingdingshan__northern_song.md,city_pingdingshan__ch01.yaml,assets/default/town/city_pingdingshan__ch01,本轮未执行逐城史料检索、规格与渲染；不可视为已完成
city_xianyang,ch01,northern_song,ch01,secondary,pending,history/city_xianyang__northern_song.md,city_xianyang__ch01.yaml,assets/default/town/city_xianyang__ch01,本轮未执行逐城史料检索、规格与渲染；不可视为已完成
city_weinan,ch01,northern_song,ch01,secondary,pending,history/city_weinan__northern_song.md,city_weinan__ch01.yaml,assets/default/town/city_weinan__ch01,本轮未执行逐城史料检索、规格与渲染；不可视为已完成
city_ankang,ch01,northern_song,ch01,secondary,pending,history/city_ankang__northern_song.md,city_ankang__ch01.yaml,assets/default/town/city_ankang__ch01,本轮未执行逐城史料检索、规格与渲染；不可视为已完成
city_shangluo,ch01,northern_song,ch01,secondary,pending,history/city_shangluo__northern_song.md,city_shangluo__ch01.yaml,assets/default/town/city_shangluo__ch01,本轮未执行逐城史料检索、规格与渲染；不可视为已完成
city_xinzhou,ch01,northern_song,ch01,secondary,pending,history/city_xinzhou__northern_song.md,city_xinzhou__ch01.yaml,assets/default/town/city_xinzhou__ch01,本轮未执行逐城史料检索、规格与渲染；不可视为已完成
city_jincheng,ch01,northern_song,ch01,secondary,pending,history/city_jincheng__northern_song.md,city_jincheng__ch01.yaml,assets/default/town/city_jincheng__ch01,本轮未执行逐城史料检索、规格与渲染；不可视为已完成
city_liaocheng,ch01,northern_song,ch01,secondary,pending,history/city_liaocheng__northern_song.md,city_liaocheng__ch01.yaml,assets/default/town/city_liaocheng__ch01,本轮未执行逐城史料检索、规格与渲染；不可视为已完成
city_linyi,ch01,northern_song,ch01,secondary,pending,history/city_linyi__northern_song.md,city_linyi__ch01.yaml,assets/default/town/city_linyi__ch01,本轮未执行逐城史料检索、规格与渲染；不可视为已完成
city_dongping,ch01,northern_song,ch01,secondary,pending,history/city_dongping__northern_song.md,city_dongping__ch01.yaml,assets/default/town/city_dongping__ch01,本轮未执行逐城史料检索、规格与渲染；不可视为已完成
city_lianyungang,ch01,northern_song,ch01,secondary,pending,history/city_lianyungang__northern_song.md,city_lianyungang__ch01.yaml,assets/default/town/city_lianyungang__ch01,本轮未执行逐城史料检索、规格与渲染；不可视为已完成
city_fuyang,ch01,northern_song,ch01,secondary,pending,history/city_fuyang__northern_song.md,city_fuyang__ch01.yaml,assets/default/town/city_fuyang__ch01,本轮未执行逐城史料检索、规格与渲染；不可视为已完成
city_jinhua,ch01,northern_song,ch01,secondary,pending,history/city_jinhua__northern_song.md,city_jinhua__ch01.yaml,assets/default/town/city_jinhua__ch01,本轮未执行逐城史料检索、规格与渲染；不可视为已完成
city_quzhou,ch01,northern_song,ch01,secondary,pending,history/city_quzhou__northern_song.md,city_quzhou__ch01.yaml,assets/default/town/city_quzhou__ch01,本轮未执行逐城史料检索、规格与渲染；不可视为已完成
city_huzhou,ch01,northern_song,ch01,secondary,pending,history/city_huzhou__northern_song.md,city_huzhou__ch01.yaml,assets/default/town/city_huzhou__ch01,本轮未执行逐城史料检索、规格与渲染；不可视为已完成
city_changzhou,ch01,northern_song,ch01,secondary,pending,history/city_changzhou__northern_song.md,city_changzhou__ch01.yaml,assets/default/town/city_changzhou__ch01,本轮未执行逐城史料检索、规格与渲染；不可视为已完成
city_wuyishan,ch01,northern_song,ch01,secondary,pending,history/city_wuyishan__northern_song.md,city_wuyishan__ch01.yaml,assets/default/town/city_wuyishan__ch01,本轮未执行逐城史料检索、规格与渲染；不可视为已完成
city_shangrao,ch01,northern_song,ch01,secondary,pending,history/city_shangrao__northern_song.md,city_shangrao__ch01.yaml,assets/default/town/city_shangrao__ch01,本轮未执行逐城史料检索、规格与渲染；不可视为已完成
city_chenzhou,ch01,northern_song,ch01,secondary,pending,history/city_chenzhou__northern_song.md,city_chenzhou__ch01.yaml,assets/default/town/city_chenzhou__ch01,本轮未执行逐城史料检索、规格与渲染；不可视为已完成
city_enshi,ch01,northern_song,ch01,secondary,pending,history/city_enshi__northern_song.md,city_enshi__ch01.yaml,assets/default/town/city_enshi__ch01,本轮未执行逐城史料检索、规格与渲染；不可视为已完成
city_chenzhou_yuanling,ch01,northern_song,ch01,secondary,pending,history/city_chenzhou_yuanling__northern_song.md,city_chenzhou_yuanling__ch01.yaml,assets/default/town/city_chenzhou_yuanling__ch01,本轮未执行逐城史料检索、规格与渲染；不可视为已完成
city_jingmen,ch01,northern_song,ch01,secondary,pending,history/city_jingmen__northern_song.md,city_jingmen__ch01.yaml,assets/default/town/city_jingmen__ch01,本轮未执行逐城史料检索、规格与渲染；不可视为已完成
city_shaoguan,ch01,northern_song,ch01,secondary,pending,history/city_shaoguan__northern_song.md,city_shaoguan__ch01.yaml,assets/default/town/city_shaoguan__ch01,本轮未执行逐城史料检索、规格与渲染；不可视为已完成
city_sanya,ch01,northern_song,ch01,secondary,pending,history/city_sanya__northern_song.md,city_sanya__ch01.yaml,assets/default/town/city_sanya__ch01,本轮未执行逐城史料检索、规格与渲染；不可视为已完成
city_meishan,ch01,northern_song,ch01,secondary,pending,history/city_meishan__northern_song.md,city_meishan__ch01.yaml,assets/default/town/city_meishan__ch01,本轮未执行逐城史料检索、规格与渲染；不可视为已完成
city_yaan,ch01,northern_song,ch01,secondary,pending,history/city_yaan__northern_song.md,city_yaan__ch01.yaml,assets/default/town/city_yaan__ch01,本轮未执行逐城史料检索、规格与渲染；不可视为已完成
city_dazhou,ch01,northern_song,ch01,secondary,pending,history/city_dazhou__northern_song.md,city_dazhou__ch01.yaml,assets/default/town/city_dazhou__ch01,本轮未执行逐城史料检索、规格与渲染；不可视为已完成
city_bazhong,ch01,northern_song,ch01,secondary,pending,history/city_bazhong__northern_song.md,city_bazhong__ch01.yaml,assets/default/town/city_bazhong__ch01,本轮未执行逐城史料检索、规格与渲染；不可视为已完成
city_langzhong,ch01,northern_song,ch01,secondary,pending,history/city_langzhong__northern_song.md,city_langzhong__ch01.yaml,assets/default/town/city_langzhong__ch01,本轮未执行逐城史料检索、规格与渲染；不可视为已完成
city_zunyi,ch01,northern_song,ch01,secondary,pending,history/city_zunyi__northern_song.md,city_zunyi__ch01.yaml,assets/default/town/city_zunyi__ch01,本轮未执行逐城史料检索、规格与渲染；不可视为已完成
city_jinghong,ch01,northern_song,ch01,secondary,pending,history/city_jinghong__northern_song.md,city_jinghong__ch01.yaml,assets/default/town/city_jinghong__ch01,本轮未执行逐城史料检索、规格与渲染；不可视为已完成
city_yushu,ch01,northern_song,ch01,secondary,pending,history/city_yushu__northern_song.md,city_yushu__ch01.yaml,assets/default/town/city_yushu__ch01,本轮未执行逐城史料检索、规格与渲染；不可视为已完成
city_altay,ch01,northern_song,ch01,secondary,pending,history/city_altay__northern_song.md,city_altay__ch01.yaml,assets/default/town/city_altay__ch01,本轮未执行逐城史料检索、规格与渲染；不可视为已完成
city_beijing,ch02,southern_song_jin_mongol,ch02,capital,pending,history/city_beijing__southern_song_jin_mongol.md,city_beijing__ch02.yaml,assets/default/town/city_beijing__ch02,本轮未执行逐城史料检索、规格与渲染；不可视为已完成
city_kaifeng,ch02,southern_song_jin_mongol,ch02,capital,pending,history/city_kaifeng__southern_song_jin_mongol.md,city_kaifeng__ch02.yaml,assets/default/town/city_kaifeng__ch02,本轮未执行逐城史料检索、规格与渲染；不可视为已完成
city_luoyang,ch02,southern_song_jin_mongol,ch02,capital,pending,history/city_luoyang__southern_song_jin_mongol.md,city_luoyang__ch02.yaml,assets/default/town/city_luoyang__ch02,本轮未执行逐城史料检索、规格与渲染；不可视为已完成
city_datong,ch02,southern_song_jin_mongol,ch02,capital,pending,history/city_datong__southern_song_jin_mongol.md,city_datong__ch02.yaml,assets/default/town/city_datong__ch02,本轮未执行逐城史料检索、规格与渲染；不可视为已完成
city_nanjing,ch02,southern_song_jin_mongol,ch02,capital,pending,history/city_nanjing__southern_song_jin_mongol.md,city_nanjing__ch02.yaml,assets/default/town/city_nanjing__ch02,本轮未执行逐城史料检索、规格与渲染；不可视为已完成
city_hangzhou,ch02,southern_song_jin_mongol,ch02,capital,baseline_existing,history/linan.md,city_hangzhou__ch02.yaml,assets/default/baseline/town,按任务跳过已完成基线
city_kunming,ch02,southern_song_jin_mongol,ch02,capital,pending,history/city_kunming__southern_song_jin_mongol.md,city_kunming__ch02.yaml,assets/default/town/city_kunming__ch02,本轮未执行逐城史料检索、规格与渲染；不可视为已完成
city_dali,ch02,southern_song_jin_mongol,ch02,capital,pending,history/city_dali__southern_song_jin_mongol.md,city_dali__ch02.yaml,assets/default/town/city_dali__ch02,本轮未执行逐城史料检索、规格与渲染；不可视为已完成
city_lhasa,ch02,southern_song_jin_mongol,ch02,capital,pending,history/city_lhasa__southern_song_jin_mongol.md,city_lhasa__ch02.yaml,assets/default/town/city_lhasa__ch02,本轮未执行逐城史料检索、规格与渲染；不可视为已完成
city_yinchuan,ch02,southern_song_jin_mongol,ch02,capital,pending,history/city_yinchuan__southern_song_jin_mongol.md,city_yinchuan__ch02.yaml,assets/default/town/city_yinchuan__ch02,本轮未执行逐城史料检索、规格与渲染；不可视为已完成
city_kashgar,ch02,southern_song_jin_mongol,ch02,capital,pending,history/city_kashgar__southern_song_jin_mongol.md,city_kashgar__ch02.yaml,assets/default/town/city_kashgar__ch02,本轮未执行逐城史料检索、规格与渲染；不可视为已完成
city_shenyang,ch02,southern_song_jin_mongol,ch02,capital,pending,history/city_shenyang__southern_song_jin_mongol.md,city_shenyang__ch02.yaml,assets/default/town/city_shenyang__ch02,本轮未执行逐城史料检索、规格与渲染；不可视为已完成
city_karakorum,ch02,southern_song_jin_mongol,ch02,capital,pending,history/city_karakorum__southern_song_jin_mongol.md,city_karakorum__ch02.yaml,assets/default/town/city_karakorum__ch02,本轮未执行逐城史料检索、规格与渲染；不可视为已完成
city_tianjin,ch02,southern_song_jin_mongol,ch02,major,pending,history/city_tianjin__southern_song_jin_mongol.md,city_tianjin__ch02.yaml,assets/default/town/city_tianjin__ch02,本轮未执行逐城史料检索、规格与渲染；不可视为已完成
city_baoding,ch02,southern_song_jin_mongol,ch02,major,pending,history/city_baoding__southern_song_jin_mongol.md,city_baoding__ch02.yaml,assets/default/town/city_baoding__ch02,本轮未执行逐城史料检索、规格与渲染；不可视为已完成
city_zhengding,ch02,southern_song_jin_mongol,ch02,major,pending,history/city_zhengding__southern_song_jin_mongol.md,city_zhengding__ch02.yaml,assets/default/town/city_zhengding__ch02,本轮未执行逐城史料检索、规格与渲染；不可视为已完成
city_cangzhou,ch02,southern_song_jin_mongol,ch02,major,pending,history/city_cangzhou__southern_song_jin_mongol.md,city_cangzhou__ch02.yaml,assets/default/town/city_cangzhou__ch02,本轮未执行逐城史料检索、规格与渲染；不可视为已完成
city_zhangjiakou,ch02,southern_song_jin_mongol,ch02,major,pending,history/city_zhangjiakou__southern_song_jin_mongol.md,city_zhangjiakou__ch02.yaml,assets/default/town/city_zhangjiakou__ch02,本轮未执行逐城史料检索、规格与渲染；不可视为已完成
city_shanhaiguan,ch02,southern_song_jin_mongol,ch02,major,pending,history/city_shanhaiguan__southern_song_jin_mongol.md,city_shanhaiguan__ch02.yaml,assets/default/town/city_shanhaiguan__ch02,本轮未执行逐城史料检索、规格与渲染；不可视为已完成
city_zhengzhou,ch02,southern_song_jin_mongol,ch02,major,pending,history/city_zhengzhou__southern_song_jin_mongol.md,city_zhengzhou__ch02.yaml,assets/default/town/city_zhengzhou__ch02,本轮未执行逐城史料检索、规格与渲染；不可视为已完成
city_dengfeng,ch02,southern_song_jin_mongol,ch02,major,pending,history/city_dengfeng__southern_song_jin_mongol.md,city_dengfeng__ch02.yaml,assets/default/town/city_dengfeng__ch02,本轮未执行逐城史料检索、规格与渲染；不可视为已完成
city_anyang,ch02,southern_song_jin_mongol,ch02,major,pending,history/city_anyang__southern_song_jin_mongol.md,city_anyang__ch02.yaml,assets/default/town/city_anyang__ch02,本轮未执行逐城史料检索、规格与渲染；不可视为已完成
city_shangqiu,ch02,southern_song_jin_mongol,ch02,major,pending,history/city_shangqiu__southern_song_jin_mongol.md,city_shangqiu__ch02.yaml,assets/default/town/city_shangqiu__ch02,本轮未执行逐城史料检索、规格与渲染；不可视为已完成
city_nanyang,ch02,southern_song_jin_mongol,ch02,major,pending,history/city_nanyang__southern_song_jin_mongol.md,city_nanyang__ch02.yaml,assets/default/town/city_nanyang__ch02,本轮未执行逐城史料检索、规格与渲染；不可视为已完成
city_xinyang,ch02,southern_song_jin_mongol,ch02,major,pending,history/city_xinyang__southern_song_jin_mongol.md,city_xinyang__ch02.yaml,assets/default/town/city_xinyang__ch02,本轮未执行逐城史料检索、规格与渲染；不可视为已完成
city_xian,ch02,southern_song_jin_mongol,ch02,major,pending,history/city_xian__southern_song_jin_mongol.md,city_xian__ch02.yaml,assets/default/town/city_xian__ch02,本轮未执行逐城史料检索、规格与渲染；不可视为已完成
city_huayin,ch02,southern_song_jin_mongol,ch02,major,pending,history/city_huayin__southern_song_jin_mongol.md,city_huayin__ch02.yaml,assets/default/town/city_huayin__ch02,本轮未执行逐城史料检索、规格与渲染；不可视为已完成
city_baoji,ch02,southern_song_jin_mongol,ch02,major,pending,history/city_baoji__southern_song_jin_mongol.md,city_baoji__ch02.yaml,assets/default/town/city_baoji__ch02,本轮未执行逐城史料检索、规格与渲染；不可视为已完成
city_hanzhong,ch02,southern_song_jin_mongol,ch02,major,pending,history/city_hanzhong__southern_song_jin_mongol.md,city_hanzhong__ch02.yaml,assets/default/town/city_hanzhong__ch02,本轮未执行逐城史料检索、规格与渲染；不可视为已完成
city_yanan,ch02,southern_song_jin_mongol,ch02,major,pending,history/city_yanan__southern_song_jin_mongol.md,city_yanan__ch02.yaml,assets/default/town/city_yanan__ch02,本轮未执行逐城史料检索、规格与渲染；不可视为已完成
city_yulin,ch02,southern_song_jin_mongol,ch02,major,pending,history/city_yulin__southern_song_jin_mongol.md,city_yulin__ch02.yaml,assets/default/town/city_yulin__ch02,本轮未执行逐城史料检索、规格与渲染；不可视为已完成
city_taiyuan,ch02,southern_song_jin_mongol,ch02,major,pending,history/city_taiyuan__southern_song_jin_mongol.md,city_taiyuan__ch02.yaml,assets/default/town/city_taiyuan__ch02,本轮未执行逐城史料检索、规格与渲染；不可视为已完成
city_yuncheng,ch02,southern_song_jin_mongol,ch02,major,pending,history/city_yuncheng__southern_song_jin_mongol.md,city_yuncheng__ch02.yaml,assets/default/town/city_yuncheng__ch02,本轮未执行逐城史料检索、规格与渲染；不可视为已完成
city_linfen,ch02,southern_song_jin_mongol,ch02,major,pending,history/city_linfen__southern_song_jin_mongol.md,city_linfen__ch02.yaml,assets/default/town/city_linfen__ch02,本轮未执行逐城史料检索、规格与渲染；不可视为已完成
city_changzhi,ch02,southern_song_jin_mongol,ch02,major,pending,history/city_changzhi__southern_song_jin_mongol.md,city_changzhi__ch02.yaml,assets/default/town/city_changzhi__ch02,本轮未执行逐城史料检索、规格与渲染；不可视为已完成
city_shuozhou,ch02,southern_song_jin_mongol,ch02,major,pending,history/city_shuozhou__southern_song_jin_mongol.md,city_shuozhou__ch02.yaml,assets/default/town/city_shuozhou__ch02,本轮未执行逐城史料检索、规格与渲染；不可视为已完成
city_jinan,ch02,southern_song_jin_mongol,ch02,major,pending,history/city_jinan__southern_song_jin_mongol.md,city_jinan__ch02.yaml,assets/default/town/city_jinan__ch02,本轮未执行逐城史料检索、规格与渲染；不可视为已完成
city_qufu,ch02,southern_song_jin_mongol,ch02,major,pending,history/city_qufu__southern_song_jin_mongol.md,city_qufu__ch02.yaml,assets/default/town/city_qufu__ch02,本轮未执行逐城史料检索、规格与渲染；不可视为已完成
city_taian,ch02,southern_song_jin_mongol,ch02,major,pending,history/city_taian__southern_song_jin_mongol.md,city_taian__ch02.yaml,assets/default/town/city_taian__ch02,本轮未执行逐城史料检索、规格与渲染；不可视为已完成
city_qingzhou,ch02,southern_song_jin_mongol,ch02,major,pending,history/city_qingzhou__southern_song_jin_mongol.md,city_qingzhou__ch02.yaml,assets/default/town/city_qingzhou__ch02,本轮未执行逐城史料检索、规格与渲染；不可视为已完成
city_dezhou,ch02,southern_song_jin_mongol,ch02,major,pending,history/city_dezhou__southern_song_jin_mongol.md,city_dezhou__ch02.yaml,assets/default/town/city_dezhou__ch02,本轮未执行逐城史料检索、规格与渲染；不可视为已完成
city_penglai,ch02,southern_song_jin_mongol,ch02,major,pending,history/city_penglai__southern_song_jin_mongol.md,city_penglai__ch02.yaml,assets/default/town/city_penglai__ch02,本轮未执行逐城史料检索、规格与渲染；不可视为已完成
city_yangzhou,ch02,southern_song_jin_mongol,ch02,major,pending,history/city_yangzhou__southern_song_jin_mongol.md,city_yangzhou__ch02.yaml,assets/default/town/city_yangzhou__ch02,本轮未执行逐城史料检索、规格与渲染；不可视为已完成
city_zhenjiang,ch02,southern_song_jin_mongol,ch02,major,pending,history/city_zhenjiang__southern_song_jin_mongol.md,city_zhenjiang__ch02.yaml,assets/default/town/city_zhenjiang__ch02,本轮未执行逐城史料检索、规格与渲染；不可视为已完成
city_xuzhou,ch02,southern_song_jin_mongol,ch02,major,pending,history/city_xuzhou__southern_song_jin_mongol.md,city_xuzhou__ch02.yaml,assets/default/town/city_xuzhou__ch02,本轮未执行逐城史料检索、规格与渲染；不可视为已完成
city_hefei,ch02,southern_song_jin_mongol,ch02,major,pending,history/city_hefei__southern_song_jin_mongol.md,city_hefei__ch02.yaml,assets/default/town/city_hefei__ch02,本轮未执行逐城史料检索、规格与渲染；不可视为已完成
city_anqing,ch02,southern_song_jin_mongol,ch02,major,pending,history/city_anqing__southern_song_jin_mongol.md,city_anqing__ch02.yaml,assets/default/town/city_anqing__ch02,本轮未执行逐城史料检索、规格与渲染；不可视为已完成
city_wuhu,ch02,southern_song_jin_mongol,ch02,major,pending,history/city_wuhu__southern_song_jin_mongol.md,city_wuhu__ch02.yaml,assets/default/town/city_wuhu__ch02,本轮未执行逐城史料检索、规格与渲染；不可视为已完成
city_huangshan,ch02,southern_song_jin_mongol,ch02,major,pending,history/city_huangshan__southern_song_jin_mongol.md,city_huangshan__ch02.yaml,assets/default/town/city_huangshan__ch02,本轮未执行逐城史料检索、规格与渲染；不可视为已完成
city_suzhou,ch02,southern_song_jin_mongol,ch02,major,pending,history/city_suzhou__southern_song_jin_mongol.md,city_suzhou__ch02.yaml,assets/default/town/city_suzhou__ch02,本轮未执行逐城史料检索、规格与渲染；不可视为已完成
city_wuxi,ch02,southern_song_jin_mongol,ch02,major,pending,history/city_wuxi__southern_song_jin_mongol.md,city_wuxi__ch02.yaml,assets/default/town/city_wuxi__ch02,本轮未执行逐城史料检索、规格与渲染；不可视为已完成
city_jiaxing,ch02,southern_song_jin_mongol,ch02,major,pending,history/city_jiaxing__southern_song_jin_mongol.md,city_jiaxing__ch02.yaml,assets/default/town/city_jiaxing__ch02,本轮未执行逐城史料检索、规格与渲染；不可视为已完成
city_shaoxing,ch02,southern_song_jin_mongol,ch02,major,pending,history/city_shaoxing__southern_song_jin_mongol.md,city_shaoxing__ch02.yaml,assets/default/town/city_shaoxing__ch02,本轮未执行逐城史料检索、规格与渲染；不可视为已完成
city_ningbo,ch02,southern_song_jin_mongol,ch02,major,pending,history/city_ningbo__southern_song_jin_mongol.md,city_ningbo__ch02.yaml,assets/default/town/city_ningbo__ch02,本轮未执行逐城史料检索、规格与渲染；不可视为已完成
city_zhoushan,ch02,southern_song_jin_mongol,ch02,major,pending,history/city_zhoushan__southern_song_jin_mongol.md,city_zhoushan__ch02.yaml,assets/default/town/city_zhoushan__ch02,本轮未执行逐城史料检索、规格与渲染；不可视为已完成
city_wenzhou,ch02,southern_song_jin_mongol,ch02,major,pending,history/city_wenzhou__southern_song_jin_mongol.md,city_wenzhou__ch02.yaml,assets/default/town/city_wenzhou__ch02,本轮未执行逐城史料检索、规格与渲染；不可视为已完成
city_fuzhou,ch02,southern_song_jin_mongol,ch02,major,pending,history/city_fuzhou__southern_song_jin_mongol.md,city_fuzhou__ch02.yaml,assets/default/town/city_fuzhou__ch02,本轮未执行逐城史料检索、规格与渲染；不可视为已完成
city_quanzhou,ch02,southern_song_jin_mongol,ch02,major,pending,history/city_quanzhou__southern_song_jin_mongol.md,city_quanzhou__ch02.yaml,assets/default/town/city_quanzhou__ch02,本轮未执行逐城史料检索、规格与渲染；不可视为已完成
city_putian,ch02,southern_song_jin_mongol,ch02,major,pending,history/city_putian__southern_song_jin_mongol.md,city_putian__ch02.yaml,assets/default/town/city_putian__ch02,本轮未执行逐城史料检索、规格与渲染；不可视为已完成
city_zhangzhou,ch02,southern_song_jin_mongol,ch02,major,pending,history/city_zhangzhou__southern_song_jin_mongol.md,city_zhangzhou__ch02.yaml,assets/default/town/city_zhangzhou__ch02,本轮未执行逐城史料检索、规格与渲染；不可视为已完成
city_nanchang,ch02,southern_song_jin_mongol,ch02,major,pending,history/city_nanchang__southern_song_jin_mongol.md,city_nanchang__ch02.yaml,assets/default/town/city_nanchang__ch02,本轮未执行逐城史料检索、规格与渲染；不可视为已完成
city_jiujiang,ch02,southern_song_jin_mongol,ch02,major,pending,history/city_jiujiang__southern_song_jin_mongol.md,city_jiujiang__ch02.yaml,assets/default/town/city_jiujiang__ch02,本轮未执行逐城史料检索、规格与渲染；不可视为已完成
city_ganzhou,ch02,southern_song_jin_mongol,ch02,major,pending,history/city_ganzhou__southern_song_jin_mongol.md,city_ganzhou__ch02.yaml,assets/default/town/city_ganzhou__ch02,本轮未执行逐城史料检索、规格与渲染；不可视为已完成
city_jingdezhen,ch02,southern_song_jin_mongol,ch02,major,pending,history/city_jingdezhen__southern_song_jin_mongol.md,city_jingdezhen__ch02.yaml,assets/default/town/city_jingdezhen__ch02,本轮未执行逐城史料检索、规格与渲染；不可视为已完成
city_wuhan,ch02,southern_song_jin_mongol,ch02,major,pending,history/city_wuhan__southern_song_jin_mongol.md,city_wuhan__ch02.yaml,assets/default/town/city_wuhan__ch02,本轮未执行逐城史料检索、规格与渲染；不可视为已完成
city_xiangyang,ch02,southern_song_jin_mongol,ch02,major,pending,history/city_xiangyang__southern_song_jin_mongol.md,city_xiangyang__ch02.yaml,assets/default/town/city_xiangyang__ch02,本轮未执行逐城史料检索、规格与渲染；不可视为已完成
city_jingzhou,ch02,southern_song_jin_mongol,ch02,major,pending,history/city_jingzhou__southern_song_jin_mongol.md,city_jingzhou__ch02.yaml,assets/default/town/city_jingzhou__ch02,本轮未执行逐城史料检索、规格与渲染；不可视为已完成
city_yueyang,ch02,southern_song_jin_mongol,ch02,major,pending,history/city_yueyang__southern_song_jin_mongol.md,city_yueyang__ch02.yaml,assets/default/town/city_yueyang__ch02,本轮未执行逐城史料检索、规格与渲染；不可视为已完成
city_changsha,ch02,southern_song_jin_mongol,ch02,major,pending,history/city_changsha__southern_song_jin_mongol.md,city_changsha__ch02.yaml,assets/default/town/city_changsha__ch02,本轮未执行逐城史料检索、规格与渲染；不可视为已完成
city_hengyang,ch02,southern_song_jin_mongol,ch02,major,pending,history/city_hengyang__southern_song_jin_mongol.md,city_hengyang__ch02.yaml,assets/default/town/city_hengyang__ch02,本轮未执行逐城史料检索、规格与渲染；不可视为已完成
city_shiyan,ch02,southern_song_jin_mongol,ch02,major,pending,history/city_shiyan__southern_song_jin_mongol.md,city_shiyan__ch02.yaml,assets/default/town/city_shiyan__ch02,本轮未执行逐城史料检索、规格与渲染；不可视为已完成
city_yichang,ch02,southern_song_jin_mongol,ch02,major,pending,history/city_yichang__southern_song_jin_mongol.md,city_yichang__ch02.yaml,assets/default/town/city_yichang__ch02,本轮未执行逐城史料检索、规格与渲染；不可视为已完成
city_guangzhou,ch02,southern_song_jin_mongol,ch02,major,pending,history/city_guangzhou__southern_song_jin_mongol.md,city_guangzhou__ch02.yaml,assets/default/town/city_guangzhou__ch02,本轮未执行逐城史料检索、规格与渲染；不可视为已完成
city_zhaoqing,ch02,southern_song_jin_mongol,ch02,major,pending,history/city_zhaoqing__southern_song_jin_mongol.md,city_zhaoqing__ch02.yaml,assets/default/town/city_zhaoqing__ch02,本轮未执行逐城史料检索、规格与渲染；不可视为已完成
city_chaozhou,ch02,southern_song_jin_mongol,ch02,major,pending,history/city_chaozhou__southern_song_jin_mongol.md,city_chaozhou__ch02.yaml,assets/default/town/city_chaozhou__ch02,本轮未执行逐城史料检索、规格与渲染；不可视为已完成
city_guilin,ch02,southern_song_jin_mongol,ch02,major,pending,history/city_guilin__southern_song_jin_mongol.md,city_guilin__ch02.yaml,assets/default/town/city_guilin__ch02,本轮未执行逐城史料检索、规格与渲染；不可视为已完成
city_liuzhou,ch02,southern_song_jin_mongol,ch02,major,pending,history/city_liuzhou__southern_song_jin_mongol.md,city_liuzhou__ch02.yaml,assets/default/town/city_liuzhou__ch02,本轮未执行逐城史料检索、规格与渲染；不可视为已完成
city_nanning,ch02,southern_song_jin_mongol,ch02,major,pending,history/city_nanning__southern_song_jin_mongol.md,city_nanning__ch02.yaml,assets/default/town/city_nanning__ch02,本轮未执行逐城史料检索、规格与渲染；不可视为已完成
city_haikou,ch02,southern_song_jin_mongol,ch02,major,pending,history/city_haikou__southern_song_jin_mongol.md,city_haikou__ch02.yaml,assets/default/town/city_haikou__ch02,本轮未执行逐城史料检索、规格与渲染；不可视为已完成
city_chengdu,ch02,southern_song_jin_mongol,ch02,major,pending,history/city_chengdu__southern_song_jin_mongol.md,city_chengdu__ch02.yaml,assets/default/town/city_chengdu__ch02,本轮未执行逐城史料检索、规格与渲染；不可视为已完成
city_chongqing,ch02,southern_song_jin_mongol,ch02,major,pending,history/city_chongqing__southern_song_jin_mongol.md,city_chongqing__ch02.yaml,assets/default/town/city_chongqing__ch02,本轮未执行逐城史料检索、规格与渲染；不可视为已完成
city_dujiangyan,ch02,southern_song_jin_mongol,ch02,major,pending,history/city_dujiangyan__southern_song_jin_mongol.md,city_dujiangyan__ch02.yaml,assets/default/town/city_dujiangyan__ch02,本轮未执行逐城史料检索、规格与渲染；不可视为已完成
city_leshan,ch02,southern_song_jin_mongol,ch02,major,pending,history/city_leshan__southern_song_jin_mongol.md,city_leshan__ch02.yaml,assets/default/town/city_leshan__ch02,本轮未执行逐城史料检索、规格与渲染；不可视为已完成
city_fengjie,ch02,southern_song_jin_mongol,ch02,major,pending,history/city_fengjie__southern_song_jin_mongol.md,city_fengjie__ch02.yaml,assets/default/town/city_fengjie__ch02,本轮未执行逐城史料检索、规格与渲染；不可视为已完成
city_lijiang,ch02,southern_song_jin_mongol,ch02,major,pending,history/city_lijiang__southern_song_jin_mongol.md,city_lijiang__ch02.yaml,assets/default/town/city_lijiang__ch02,本轮未执行逐城史料检索、规格与渲染；不可视为已完成
city_baoshan,ch02,southern_song_jin_mongol,ch02,major,pending,history/city_baoshan__southern_song_jin_mongol.md,city_baoshan__ch02.yaml,assets/default/town/city_baoshan__ch02,本轮未执行逐城史料检索、规格与渲染；不可视为已完成
city_tengchong,ch02,southern_song_jin_mongol,ch02,major,pending,history/city_tengchong__southern_song_jin_mongol.md,city_tengchong__ch02.yaml,assets/default/town/city_tengchong__ch02,本轮未执行逐城史料检索、规格与渲染；不可视为已完成
city_qujing,ch02,southern_song_jin_mongol,ch02,major,pending,history/city_qujing__southern_song_jin_mongol.md,city_qujing__ch02.yaml,assets/default/town/city_qujing__ch02,本轮未执行逐城史料检索、规格与渲染；不可视为已完成
city_guiyang,ch02,southern_song_jin_mongol,ch02,major,pending,history/city_guiyang__southern_song_jin_mongol.md,city_guiyang__ch02.yaml,assets/default/town/city_guiyang__ch02,本轮未执行逐城史料检索、规格与渲染；不可视为已完成
city_qamdo,ch02,southern_song_jin_mongol,ch02,major,pending,history/city_qamdo__southern_song_jin_mongol.md,city_qamdo__ch02.yaml,assets/default/town/city_qamdo__ch02,本轮未执行逐城史料检索、规格与渲染；不可视为已完成
city_ngari,ch02,southern_song_jin_mongol,ch02,major,pending,history/city_ngari__southern_song_jin_mongol.md,city_ngari__ch02.yaml,assets/default/town/city_ngari__ch02,本轮未执行逐城史料检索、规格与渲染；不可视为已完成
city_lanzhou,ch02,southern_song_jin_mongol,ch02,major,pending,history/city_lanzhou__southern_song_jin_mongol.md,city_lanzhou__ch02.yaml,assets/default/town/city_lanzhou__ch02,本轮未执行逐城史料检索、规格与渲染；不可视为已完成
city_tianshui,ch02,southern_song_jin_mongol,ch02,major,pending,history/city_tianshui__southern_song_jin_mongol.md,city_tianshui__ch02.yaml,assets/default/town/city_tianshui__ch02,本轮未执行逐城史料检索、规格与渲染；不可视为已完成
city_pingliang,ch02,southern_song_jin_mongol,ch02,major,pending,history/city_pingliang__southern_song_jin_mongol.md,city_pingliang__ch02.yaml,assets/default/town/city_pingliang__ch02,本轮未执行逐城史料检索、规格与渲染；不可视为已完成
city_wuwei,ch02,southern_song_jin_mongol,ch02,major,pending,history/city_wuwei__southern_song_jin_mongol.md,city_wuwei__ch02.yaml,assets/default/town/city_wuwei__ch02,本轮未执行逐城史料检索、规格与渲染；不可视为已完成
city_zhangye,ch02,southern_song_jin_mongol,ch02,major,pending,history/city_zhangye__southern_song_jin_mongol.md,city_zhangye__ch02.yaml,assets/default/town/city_zhangye__ch02,本轮未执行逐城史料检索、规格与渲染；不可视为已完成
city_jiuquan,ch02,southern_song_jin_mongol,ch02,major,pending,history/city_jiuquan__southern_song_jin_mongol.md,city_jiuquan__ch02.yaml,assets/default/town/city_jiuquan__ch02,本轮未执行逐城史料检索、规格与渲染；不可视为已完成
city_dunhuang,ch02,southern_song_jin_mongol,ch02,major,pending,history/city_dunhuang__southern_song_jin_mongol.md,city_dunhuang__ch02.yaml,assets/default/town/city_dunhuang__ch02,本轮未执行逐城史料检索、规格与渲染；不可视为已完成
city_zhongwei,ch02,southern_song_jin_mongol,ch02,major,pending,history/city_zhongwei__southern_song_jin_mongol.md,city_zhongwei__ch02.yaml,assets/default/town/city_zhongwei__ch02,本轮未执行逐城史料检索、规格与渲染；不可视为已完成
city_xining,ch02,southern_song_jin_mongol,ch02,major,pending,history/city_xining__southern_song_jin_mongol.md,city_xining__ch02.yaml,assets/default/town/city_xining__ch02,本轮未执行逐城史料检索、规格与渲染；不可视为已完成
city_hotan,ch02,southern_song_jin_mongol,ch02,major,pending,history/city_hotan__southern_song_jin_mongol.md,city_hotan__ch02.yaml,assets/default/town/city_hotan__ch02,本轮未执行逐城史料检索、规格与渲染；不可视为已完成
city_yarkand,ch02,southern_song_jin_mongol,ch02,major,pending,history/city_yarkand__southern_song_jin_mongol.md,city_yarkand__ch02.yaml,assets/default/town/city_yarkand__ch02,本轮未执行逐城史料检索、规格与渲染；不可视为已完成
city_aksu,ch02,southern_song_jin_mongol,ch02,major,pending,history/city_aksu__southern_song_jin_mongol.md,city_aksu__ch02.yaml,assets/default/town/city_aksu__ch02,本轮未执行逐城史料检索、规格与渲染；不可视为已完成
city_kuqa,ch02,southern_song_jin_mongol,ch02,major,pending,history/city_kuqa__southern_song_jin_mongol.md,city_kuqa__ch02.yaml,assets/default/town/city_kuqa__ch02,本轮未执行逐城史料检索、规格与渲染；不可视为已完成
city_korla,ch02,southern_song_jin_mongol,ch02,major,pending,history/city_korla__southern_song_jin_mongol.md,city_korla__ch02.yaml,assets/default/town/city_korla__ch02,本轮未执行逐城史料检索、规格与渲染；不可视为已完成
city_turpan,ch02,southern_song_jin_mongol,ch02,major,pending,history/city_turpan__southern_song_jin_mongol.md,city_turpan__ch02.yaml,assets/default/town/city_turpan__ch02,本轮未执行逐城史料检索、规格与渲染；不可视为已完成
city_hami,ch02,southern_song_jin_mongol,ch02,major,pending,history/city_hami__southern_song_jin_mongol.md,city_hami__ch02.yaml,assets/default/town/city_hami__ch02,本轮未执行逐城史料检索、规格与渲染；不可视为已完成
city_yining,ch02,southern_song_jin_mongol,ch02,major,pending,history/city_yining__southern_song_jin_mongol.md,city_yining__ch02.yaml,assets/default/town/city_yining__ch02,本轮未执行逐城史料检索、规格与渲染；不可视为已完成
city_liaoyang,ch02,southern_song_jin_mongol,ch02,major,pending,history/city_liaoyang__southern_song_jin_mongol.md,city_liaoyang__ch02.yaml,assets/default/town/city_liaoyang__ch02,本轮未执行逐城史料检索、规格与渲染；不可视为已完成
city_jinzhou,ch02,southern_song_jin_mongol,ch02,major,pending,history/city_jinzhou__southern_song_jin_mongol.md,city_jinzhou__ch02.yaml,assets/default/town/city_jinzhou__ch02,本轮未执行逐城史料检索、规格与渲染；不可视为已完成
city_dandong,ch02,southern_song_jin_mongol,ch02,major,pending,history/city_dandong__southern_song_jin_mongol.md,city_dandong__ch02.yaml,assets/default/town/city_dandong__ch02,本轮未执行逐城史料检索、规格与渲染；不可视为已完成
city_jilin,ch02,southern_song_jin_mongol,ch02,major,pending,history/city_jilin__southern_song_jin_mongol.md,city_jilin__ch02.yaml,assets/default/town/city_jilin__ch02,本轮未执行逐城史料检索、规格与渲染；不可视为已完成
city_chifeng,ch02,southern_song_jin_mongol,ch02,major,pending,history/city_chifeng__southern_song_jin_mongol.md,city_chifeng__ch02.yaml,assets/default/town/city_chifeng__ch02,本轮未执行逐城史料检索、规格与渲染；不可视为已完成
city_hohhot,ch02,southern_song_jin_mongol,ch02,major,pending,history/city_hohhot__southern_song_jin_mongol.md,city_hohhot__ch02.yaml,assets/default/town/city_hohhot__ch02,本轮未执行逐城史料检索、规格与渲染；不可视为已完成
city_ordos,ch02,southern_song_jin_mongol,ch02,major,pending,history/city_ordos__southern_song_jin_mongol.md,city_ordos__ch02.yaml,assets/default/town/city_ordos__ch02,本轮未执行逐城史料检索、规格与渲染；不可视为已完成
city_xilinhot,ch02,southern_song_jin_mongol,ch02,major,pending,history/city_xilinhot__southern_song_jin_mongol.md,city_xilinhot__ch02.yaml,assets/default/town/city_xilinhot__ch02,本轮未执行逐城史料检索、规格与渲染；不可视为已完成
city_penghu,ch02,southern_song_jin_mongol,ch02,major,pending,history/city_penghu__southern_song_jin_mongol.md,city_penghu__ch02.yaml,assets/default/town/city_penghu__ch02,本轮未执行逐城史料检索、规格与渲染；不可视为已完成
city_hejian,ch02,southern_song_jin_mongol,ch02,secondary,pending,history/city_hejian__southern_song_jin_mongol.md,city_hejian__ch02.yaml,assets/default/town/city_hejian__ch02,本轮未执行逐城史料检索、规格与渲染；不可视为已完成
city_qinhuangdao,ch02,southern_song_jin_mongol,ch02,secondary,pending,history/city_qinhuangdao__southern_song_jin_mongol.md,city_qinhuangdao__ch02.yaml,assets/default/town/city_qinhuangdao__ch02,本轮未执行逐城史料检索、规格与渲染；不可视为已完成
city_xinxiang,ch02,southern_song_jin_mongol,ch02,secondary,pending,history/city_xinxiang__southern_song_jin_mongol.md,city_xinxiang__ch02.yaml,assets/default/town/city_xinxiang__ch02,本轮未执行逐城史料检索、规格与渲染；不可视为已完成
city_jiaozuo,ch02,southern_song_jin_mongol,ch02,secondary,pending,history/city_jiaozuo__southern_song_jin_mongol.md,city_jiaozuo__ch02.yaml,assets/default/town/city_jiaozuo__ch02,本轮未执行逐城史料检索、规格与渲染；不可视为已完成
city_xuchang,ch02,southern_song_jin_mongol,ch02,secondary,pending,history/city_xuchang__southern_song_jin_mongol.md,city_xuchang__ch02.yaml,assets/default/town/city_xuchang__ch02,本轮未执行逐城史料检索、规格与渲染；不可视为已完成
city_pingdingshan,ch02,southern_song_jin_mongol,ch02,secondary,pending,history/city_pingdingshan__southern_song_jin_mongol.md,city_pingdingshan__ch02.yaml,assets/default/town/city_pingdingshan__ch02,本轮未执行逐城史料检索、规格与渲染；不可视为已完成
city_xianyang,ch02,southern_song_jin_mongol,ch02,secondary,pending,history/city_xianyang__southern_song_jin_mongol.md,city_xianyang__ch02.yaml,assets/default/town/city_xianyang__ch02,本轮未执行逐城史料检索、规格与渲染；不可视为已完成
city_weinan,ch02,southern_song_jin_mongol,ch02,secondary,pending,history/city_weinan__southern_song_jin_mongol.md,city_weinan__ch02.yaml,assets/default/town/city_weinan__ch02,本轮未执行逐城史料检索、规格与渲染；不可视为已完成
city_ankang,ch02,southern_song_jin_mongol,ch02,secondary,pending,history/city_ankang__southern_song_jin_mongol.md,city_ankang__ch02.yaml,assets/default/town/city_ankang__ch02,本轮未执行逐城史料检索、规格与渲染；不可视为已完成
city_shangluo,ch02,southern_song_jin_mongol,ch02,secondary,pending,history/city_shangluo__southern_song_jin_mongol.md,city_shangluo__ch02.yaml,assets/default/town/city_shangluo__ch02,本轮未执行逐城史料检索、规格与渲染；不可视为已完成
city_xinzhou,ch02,southern_song_jin_mongol,ch02,secondary,pending,history/city_xinzhou__southern_song_jin_mongol.md,city_xinzhou__ch02.yaml,assets/default/town/city_xinzhou__ch02,本轮未执行逐城史料检索、规格与渲染；不可视为已完成
city_jincheng,ch02,southern_song_jin_mongol,ch02,secondary,pending,history/city_jincheng__southern_song_jin_mongol.md,city_jincheng__ch02.yaml,assets/default/town/city_jincheng__ch02,本轮未执行逐城史料检索、规格与渲染；不可视为已完成
city_liaocheng,ch02,southern_song_jin_mongol,ch02,secondary,pending,history/city_liaocheng__southern_song_jin_mongol.md,city_liaocheng__ch02.yaml,assets/default/town/city_liaocheng__ch02,本轮未执行逐城史料检索、规格与渲染；不可视为已完成
city_linyi,ch02,southern_song_jin_mongol,ch02,secondary,pending,history/city_linyi__southern_song_jin_mongol.md,city_linyi__ch02.yaml,assets/default/town/city_linyi__ch02,本轮未执行逐城史料检索、规格与渲染；不可视为已完成
city_dongping,ch02,southern_song_jin_mongol,ch02,secondary,pending,history/city_dongping__southern_song_jin_mongol.md,city_dongping__ch02.yaml,assets/default/town/city_dongping__ch02,本轮未执行逐城史料检索、规格与渲染；不可视为已完成
city_lianyungang,ch02,southern_song_jin_mongol,ch02,secondary,pending,history/city_lianyungang__southern_song_jin_mongol.md,city_lianyungang__ch02.yaml,assets/default/town/city_lianyungang__ch02,本轮未执行逐城史料检索、规格与渲染；不可视为已完成
city_fuyang,ch02,southern_song_jin_mongol,ch02,secondary,pending,history/city_fuyang__southern_song_jin_mongol.md,city_fuyang__ch02.yaml,assets/default/town/city_fuyang__ch02,本轮未执行逐城史料检索、规格与渲染；不可视为已完成
city_jinhua,ch02,southern_song_jin_mongol,ch02,secondary,pending,history/city_jinhua__southern_song_jin_mongol.md,city_jinhua__ch02.yaml,assets/default/town/city_jinhua__ch02,本轮未执行逐城史料检索、规格与渲染；不可视为已完成
city_quzhou,ch02,southern_song_jin_mongol,ch02,secondary,pending,history/city_quzhou__southern_song_jin_mongol.md,city_quzhou__ch02.yaml,assets/default/town/city_quzhou__ch02,本轮未执行逐城史料检索、规格与渲染；不可视为已完成
city_huzhou,ch02,southern_song_jin_mongol,ch02,secondary,pending,history/city_huzhou__southern_song_jin_mongol.md,city_huzhou__ch02.yaml,assets/default/town/city_huzhou__ch02,本轮未执行逐城史料检索、规格与渲染；不可视为已完成
city_changzhou,ch02,southern_song_jin_mongol,ch02,secondary,pending,history/city_changzhou__southern_song_jin_mongol.md,city_changzhou__ch02.yaml,assets/default/town/city_changzhou__ch02,本轮未执行逐城史料检索、规格与渲染；不可视为已完成
city_wuyishan,ch02,southern_song_jin_mongol,ch02,secondary,pending,history/city_wuyishan__southern_song_jin_mongol.md,city_wuyishan__ch02.yaml,assets/default/town/city_wuyishan__ch02,本轮未执行逐城史料检索、规格与渲染；不可视为已完成
city_shangrao,ch02,southern_song_jin_mongol,ch02,secondary,pending,history/city_shangrao__southern_song_jin_mongol.md,city_shangrao__ch02.yaml,assets/default/town/city_shangrao__ch02,本轮未执行逐城史料检索、规格与渲染；不可视为已完成
city_chenzhou,ch02,southern_song_jin_mongol,ch02,secondary,pending,history/city_chenzhou__southern_song_jin_mongol.md,city_chenzhou__ch02.yaml,assets/default/town/city_chenzhou__ch02,本轮未执行逐城史料检索、规格与渲染；不可视为已完成
city_enshi,ch02,southern_song_jin_mongol,ch02,secondary,pending,history/city_enshi__southern_song_jin_mongol.md,city_enshi__ch02.yaml,assets/default/town/city_enshi__ch02,本轮未执行逐城史料检索、规格与渲染；不可视为已完成
city_chenzhou_yuanling,ch02,southern_song_jin_mongol,ch02,secondary,pending,history/city_chenzhou_yuanling__southern_song_jin_mongol.md,city_chenzhou_yuanling__ch02.yaml,assets/default/town/city_chenzhou_yuanling__ch02,本轮未执行逐城史料检索、规格与渲染；不可视为已完成
city_jingmen,ch02,southern_song_jin_mongol,ch02,secondary,pending,history/city_jingmen__southern_song_jin_mongol.md,city_jingmen__ch02.yaml,assets/default/town/city_jingmen__ch02,本轮未执行逐城史料检索、规格与渲染；不可视为已完成
city_shaoguan,ch02,southern_song_jin_mongol,ch02,secondary,pending,history/city_shaoguan__southern_song_jin_mongol.md,city_shaoguan__ch02.yaml,assets/default/town/city_shaoguan__ch02,本轮未执行逐城史料检索、规格与渲染；不可视为已完成
city_sanya,ch02,southern_song_jin_mongol,ch02,secondary,pending,history/city_sanya__southern_song_jin_mongol.md,city_sanya__ch02.yaml,assets/default/town/city_sanya__ch02,本轮未执行逐城史料检索、规格与渲染；不可视为已完成
city_meishan,ch02,southern_song_jin_mongol,ch02,secondary,pending,history/city_meishan__southern_song_jin_mongol.md,city_meishan__ch02.yaml,assets/default/town/city_meishan__ch02,本轮未执行逐城史料检索、规格与渲染；不可视为已完成
city_yaan,ch02,southern_song_jin_mongol,ch02,secondary,pending,history/city_yaan__southern_song_jin_mongol.md,city_yaan__ch02.yaml,assets/default/town/city_yaan__ch02,本轮未执行逐城史料检索、规格与渲染；不可视为已完成
city_dazhou,ch02,southern_song_jin_mongol,ch02,secondary,pending,history/city_dazhou__southern_song_jin_mongol.md,city_dazhou__ch02.yaml,assets/default/town/city_dazhou__ch02,本轮未执行逐城史料检索、规格与渲染；不可视为已完成
city_bazhong,ch02,southern_song_jin_mongol,ch02,secondary,pending,history/city_bazhong__southern_song_jin_mongol.md,city_bazhong__ch02.yaml,assets/default/town/city_bazhong__ch02,本轮未执行逐城史料检索、规格与渲染；不可视为已完成
city_langzhong,ch02,southern_song_jin_mongol,ch02,secondary,pending,history/city_langzhong__southern_song_jin_mongol.md,city_langzhong__ch02.yaml,assets/default/town/city_langzhong__ch02,本轮未执行逐城史料检索、规格与渲染；不可视为已完成
city_zunyi,ch02,southern_song_jin_mongol,ch02,secondary,pending,history/city_zunyi__southern_song_jin_mongol.md,city_zunyi__ch02.yaml,assets/default/town/city_zunyi__ch02,本轮未执行逐城史料检索、规格与渲染；不可视为已完成
city_jinghong,ch02,southern_song_jin_mongol,ch02,secondary,pending,history/city_jinghong__southern_song_jin_mongol.md,city_jinghong__ch02.yaml,assets/default/town/city_jinghong__ch02,本轮未执行逐城史料检索、规格与渲染；不可视为已完成
city_yushu,ch02,southern_song_jin_mongol,ch02,secondary,pending,history/city_yushu__southern_song_jin_mongol.md,city_yushu__ch02.yaml,assets/default/town/city_yushu__ch02,本轮未执行逐城史料检索、规格与渲染；不可视为已完成
city_altay,ch02,southern_song_jin_mongol,ch02,secondary,pending,history/city_altay__southern_song_jin_mongol.md,city_altay__ch02.yaml,assets/default/town/city_altay__ch02,本轮未执行逐城史料检索、规格与渲染；不可视为已完成
city_taohuadao,ch02,southern_song_jin_mongol,ch02,site,pending,history/city_taohuadao__southern_song_jin_mongol.md,city_taohuadao__ch02.yaml,assets/default/town/city_taohuadao__ch02,本轮未执行逐城史料检索、规格与渲染；不可视为已完成
city_beijing,ch03,southern_song_jin_mongol,ch02,capital,pending,history/city_beijing__southern_song_jin_mongol.md,city_beijing__ch03.yaml,assets/default/town/city_beijing__ch03,本轮未执行逐城史料检索、规格与渲染；不可视为已完成
city_kaifeng,ch03,southern_song_jin_mongol,ch02,capital,pending,history/city_kaifeng__southern_song_jin_mongol.md,city_kaifeng__ch03.yaml,assets/default/town/city_kaifeng__ch03,本轮未执行逐城史料检索、规格与渲染；不可视为已完成
city_luoyang,ch03,southern_song_jin_mongol,ch02,capital,pending,history/city_luoyang__southern_song_jin_mongol.md,city_luoyang__ch03.yaml,assets/default/town/city_luoyang__ch03,本轮未执行逐城史料检索、规格与渲染；不可视为已完成
city_datong,ch03,southern_song_jin_mongol,ch02,capital,pending,history/city_datong__southern_song_jin_mongol.md,city_datong__ch03.yaml,assets/default/town/city_datong__ch03,本轮未执行逐城史料检索、规格与渲染；不可视为已完成
city_nanjing,ch03,southern_song_jin_mongol,ch02,capital,pending,history/city_nanjing__southern_song_jin_mongol.md,city_nanjing__ch03.yaml,assets/default/town/city_nanjing__ch03,本轮未执行逐城史料检索、规格与渲染；不可视为已完成
city_hangzhou,ch03,southern_song_jin_mongol,ch02,capital,pending,history/city_hangzhou__southern_song_jin_mongol.md,city_hangzhou__ch03.yaml,assets/default/town/city_hangzhou__ch03,本轮未执行逐城史料检索、规格与渲染；不可视为已完成
city_kunming,ch03,southern_song_jin_mongol,ch02,capital,pending,history/city_kunming__southern_song_jin_mongol.md,city_kunming__ch03.yaml,assets/default/town/city_kunming__ch03,本轮未执行逐城史料检索、规格与渲染；不可视为已完成
city_dali,ch03,southern_song_jin_mongol,ch02,capital,pending,history/city_dali__southern_song_jin_mongol.md,city_dali__ch03.yaml,assets/default/town/city_dali__ch03,本轮未执行逐城史料检索、规格与渲染；不可视为已完成
city_lhasa,ch03,southern_song_jin_mongol,ch02,capital,pending,history/city_lhasa__southern_song_jin_mongol.md,city_lhasa__ch03.yaml,assets/default/town/city_lhasa__ch03,本轮未执行逐城史料检索、规格与渲染；不可视为已完成
city_yinchuan,ch03,southern_song_jin_mongol,ch02,capital,pending,history/city_yinchuan__southern_song_jin_mongol.md,city_yinchuan__ch03.yaml,assets/default/town/city_yinchuan__ch03,本轮未执行逐城史料检索、规格与渲染；不可视为已完成
city_kashgar,ch03,southern_song_jin_mongol,ch02,capital,pending,history/city_kashgar__southern_song_jin_mongol.md,city_kashgar__ch03.yaml,assets/default/town/city_kashgar__ch03,本轮未执行逐城史料检索、规格与渲染；不可视为已完成
city_shenyang,ch03,southern_song_jin_mongol,ch02,capital,pending,history/city_shenyang__southern_song_jin_mongol.md,city_shenyang__ch03.yaml,assets/default/town/city_shenyang__ch03,本轮未执行逐城史料检索、规格与渲染；不可视为已完成
city_karakorum,ch03,southern_song_jin_mongol,ch02,capital,pending,history/city_karakorum__southern_song_jin_mongol.md,city_karakorum__ch03.yaml,assets/default/town/city_karakorum__ch03,本轮未执行逐城史料检索、规格与渲染；不可视为已完成
city_tianjin,ch03,southern_song_jin_mongol,ch02,major,pending,history/city_tianjin__southern_song_jin_mongol.md,city_tianjin__ch03.yaml,assets/default/town/city_tianjin__ch03,本轮未执行逐城史料检索、规格与渲染；不可视为已完成
city_baoding,ch03,southern_song_jin_mongol,ch02,major,pending,history/city_baoding__southern_song_jin_mongol.md,city_baoding__ch03.yaml,assets/default/town/city_baoding__ch03,本轮未执行逐城史料检索、规格与渲染；不可视为已完成
city_zhengding,ch03,southern_song_jin_mongol,ch02,major,pending,history/city_zhengding__southern_song_jin_mongol.md,city_zhengding__ch03.yaml,assets/default/town/city_zhengding__ch03,本轮未执行逐城史料检索、规格与渲染；不可视为已完成
city_cangzhou,ch03,southern_song_jin_mongol,ch02,major,pending,history/city_cangzhou__southern_song_jin_mongol.md,city_cangzhou__ch03.yaml,assets/default/town/city_cangzhou__ch03,本轮未执行逐城史料检索、规格与渲染；不可视为已完成
city_zhangjiakou,ch03,southern_song_jin_mongol,ch02,major,pending,history/city_zhangjiakou__southern_song_jin_mongol.md,city_zhangjiakou__ch03.yaml,assets/default/town/city_zhangjiakou__ch03,本轮未执行逐城史料检索、规格与渲染；不可视为已完成
city_shanhaiguan,ch03,southern_song_jin_mongol,ch02,major,pending,history/city_shanhaiguan__southern_song_jin_mongol.md,city_shanhaiguan__ch03.yaml,assets/default/town/city_shanhaiguan__ch03,本轮未执行逐城史料检索、规格与渲染；不可视为已完成
city_zhengzhou,ch03,southern_song_jin_mongol,ch02,major,pending,history/city_zhengzhou__southern_song_jin_mongol.md,city_zhengzhou__ch03.yaml,assets/default/town/city_zhengzhou__ch03,本轮未执行逐城史料检索、规格与渲染；不可视为已完成
city_dengfeng,ch03,southern_song_jin_mongol,ch02,major,pending,history/city_dengfeng__southern_song_jin_mongol.md,city_dengfeng__ch03.yaml,assets/default/town/city_dengfeng__ch03,本轮未执行逐城史料检索、规格与渲染；不可视为已完成
city_anyang,ch03,southern_song_jin_mongol,ch02,major,pending,history/city_anyang__southern_song_jin_mongol.md,city_anyang__ch03.yaml,assets/default/town/city_anyang__ch03,本轮未执行逐城史料检索、规格与渲染；不可视为已完成
city_shangqiu,ch03,southern_song_jin_mongol,ch02,major,pending,history/city_shangqiu__southern_song_jin_mongol.md,city_shangqiu__ch03.yaml,assets/default/town/city_shangqiu__ch03,本轮未执行逐城史料检索、规格与渲染；不可视为已完成
city_nanyang,ch03,southern_song_jin_mongol,ch02,major,pending,history/city_nanyang__southern_song_jin_mongol.md,city_nanyang__ch03.yaml,assets/default/town/city_nanyang__ch03,本轮未执行逐城史料检索、规格与渲染；不可视为已完成
city_xinyang,ch03,southern_song_jin_mongol,ch02,major,pending,history/city_xinyang__southern_song_jin_mongol.md,city_xinyang__ch03.yaml,assets/default/town/city_xinyang__ch03,本轮未执行逐城史料检索、规格与渲染；不可视为已完成
city_xian,ch03,southern_song_jin_mongol,ch02,major,pending,history/city_xian__southern_song_jin_mongol.md,city_xian__ch03.yaml,assets/default/town/city_xian__ch03,本轮未执行逐城史料检索、规格与渲染；不可视为已完成
city_huayin,ch03,southern_song_jin_mongol,ch02,major,pending,history/city_huayin__southern_song_jin_mongol.md,city_huayin__ch03.yaml,assets/default/town/city_huayin__ch03,本轮未执行逐城史料检索、规格与渲染；不可视为已完成
city_baoji,ch03,southern_song_jin_mongol,ch02,major,pending,history/city_baoji__southern_song_jin_mongol.md,city_baoji__ch03.yaml,assets/default/town/city_baoji__ch03,本轮未执行逐城史料检索、规格与渲染；不可视为已完成
city_hanzhong,ch03,southern_song_jin_mongol,ch02,major,pending,history/city_hanzhong__southern_song_jin_mongol.md,city_hanzhong__ch03.yaml,assets/default/town/city_hanzhong__ch03,本轮未执行逐城史料检索、规格与渲染；不可视为已完成
city_yanan,ch03,southern_song_jin_mongol,ch02,major,pending,history/city_yanan__southern_song_jin_mongol.md,city_yanan__ch03.yaml,assets/default/town/city_yanan__ch03,本轮未执行逐城史料检索、规格与渲染；不可视为已完成
city_taiyuan,ch03,southern_song_jin_mongol,ch02,major,pending,history/city_taiyuan__southern_song_jin_mongol.md,city_taiyuan__ch03.yaml,assets/default/town/city_taiyuan__ch03,本轮未执行逐城史料检索、规格与渲染；不可视为已完成
city_yuncheng,ch03,southern_song_jin_mongol,ch02,major,pending,history/city_yuncheng__southern_song_jin_mongol.md,city_yuncheng__ch03.yaml,assets/default/town/city_yuncheng__ch03,本轮未执行逐城史料检索、规格与渲染；不可视为已完成
city_linfen,ch03,southern_song_jin_mongol,ch02,major,pending,history/city_linfen__southern_song_jin_mongol.md,city_linfen__ch03.yaml,assets/default/town/city_linfen__ch03,本轮未执行逐城史料检索、规格与渲染；不可视为已完成
city_changzhi,ch03,southern_song_jin_mongol,ch02,major,pending,history/city_changzhi__southern_song_jin_mongol.md,city_changzhi__ch03.yaml,assets/default/town/city_changzhi__ch03,本轮未执行逐城史料检索、规格与渲染；不可视为已完成
city_shuozhou,ch03,southern_song_jin_mongol,ch02,major,pending,history/city_shuozhou__southern_song_jin_mongol.md,city_shuozhou__ch03.yaml,assets/default/town/city_shuozhou__ch03,本轮未执行逐城史料检索、规格与渲染；不可视为已完成
city_jinan,ch03,southern_song_jin_mongol,ch02,major,pending,history/city_jinan__southern_song_jin_mongol.md,city_jinan__ch03.yaml,assets/default/town/city_jinan__ch03,本轮未执行逐城史料检索、规格与渲染；不可视为已完成
city_qufu,ch03,southern_song_jin_mongol,ch02,major,pending,history/city_qufu__southern_song_jin_mongol.md,city_qufu__ch03.yaml,assets/default/town/city_qufu__ch03,本轮未执行逐城史料检索、规格与渲染；不可视为已完成
city_taian,ch03,southern_song_jin_mongol,ch02,major,pending,history/city_taian__southern_song_jin_mongol.md,city_taian__ch03.yaml,assets/default/town/city_taian__ch03,本轮未执行逐城史料检索、规格与渲染；不可视为已完成
city_qingzhou,ch03,southern_song_jin_mongol,ch02,major,pending,history/city_qingzhou__southern_song_jin_mongol.md,city_qingzhou__ch03.yaml,assets/default/town/city_qingzhou__ch03,本轮未执行逐城史料检索、规格与渲染；不可视为已完成
city_dezhou,ch03,southern_song_jin_mongol,ch02,major,pending,history/city_dezhou__southern_song_jin_mongol.md,city_dezhou__ch03.yaml,assets/default/town/city_dezhou__ch03,本轮未执行逐城史料检索、规格与渲染；不可视为已完成
city_penglai,ch03,southern_song_jin_mongol,ch02,major,pending,history/city_penglai__southern_song_jin_mongol.md,city_penglai__ch03.yaml,assets/default/town/city_penglai__ch03,本轮未执行逐城史料检索、规格与渲染；不可视为已完成
city_yangzhou,ch03,southern_song_jin_mongol,ch02,major,pending,history/city_yangzhou__southern_song_jin_mongol.md,city_yangzhou__ch03.yaml,assets/default/town/city_yangzhou__ch03,本轮未执行逐城史料检索、规格与渲染；不可视为已完成
city_zhenjiang,ch03,southern_song_jin_mongol,ch02,major,pending,history/city_zhenjiang__southern_song_jin_mongol.md,city_zhenjiang__ch03.yaml,assets/default/town/city_zhenjiang__ch03,本轮未执行逐城史料检索、规格与渲染；不可视为已完成
city_xuzhou,ch03,southern_song_jin_mongol,ch02,major,pending,history/city_xuzhou__southern_song_jin_mongol.md,city_xuzhou__ch03.yaml,assets/default/town/city_xuzhou__ch03,本轮未执行逐城史料检索、规格与渲染；不可视为已完成
city_hefei,ch03,southern_song_jin_mongol,ch02,major,pending,history/city_hefei__southern_song_jin_mongol.md,city_hefei__ch03.yaml,assets/default/town/city_hefei__ch03,本轮未执行逐城史料检索、规格与渲染；不可视为已完成
city_anqing,ch03,southern_song_jin_mongol,ch02,major,pending,history/city_anqing__southern_song_jin_mongol.md,city_anqing__ch03.yaml,assets/default/town/city_anqing__ch03,本轮未执行逐城史料检索、规格与渲染；不可视为已完成
city_wuhu,ch03,southern_song_jin_mongol,ch02,major,pending,history/city_wuhu__southern_song_jin_mongol.md,city_wuhu__ch03.yaml,assets/default/town/city_wuhu__ch03,本轮未执行逐城史料检索、规格与渲染；不可视为已完成
city_huangshan,ch03,southern_song_jin_mongol,ch02,major,pending,history/city_huangshan__southern_song_jin_mongol.md,city_huangshan__ch03.yaml,assets/default/town/city_huangshan__ch03,本轮未执行逐城史料检索、规格与渲染；不可视为已完成
city_suzhou,ch03,southern_song_jin_mongol,ch02,major,pending,history/city_suzhou__southern_song_jin_mongol.md,city_suzhou__ch03.yaml,assets/default/town/city_suzhou__ch03,本轮未执行逐城史料检索、规格与渲染；不可视为已完成
city_wuxi,ch03,southern_song_jin_mongol,ch02,major,pending,history/city_wuxi__southern_song_jin_mongol.md,city_wuxi__ch03.yaml,assets/default/town/city_wuxi__ch03,本轮未执行逐城史料检索、规格与渲染；不可视为已完成
city_jiaxing,ch03,southern_song_jin_mongol,ch02,major,pending,history/city_jiaxing__southern_song_jin_mongol.md,city_jiaxing__ch03.yaml,assets/default/town/city_jiaxing__ch03,本轮未执行逐城史料检索、规格与渲染；不可视为已完成
city_shaoxing,ch03,southern_song_jin_mongol,ch02,major,pending,history/city_shaoxing__southern_song_jin_mongol.md,city_shaoxing__ch03.yaml,assets/default/town/city_shaoxing__ch03,本轮未执行逐城史料检索、规格与渲染；不可视为已完成
city_ningbo,ch03,southern_song_jin_mongol,ch02,major,pending,history/city_ningbo__southern_song_jin_mongol.md,city_ningbo__ch03.yaml,assets/default/town/city_ningbo__ch03,本轮未执行逐城史料检索、规格与渲染；不可视为已完成
city_zhoushan,ch03,southern_song_jin_mongol,ch02,major,pending,history/city_zhoushan__southern_song_jin_mongol.md,city_zhoushan__ch03.yaml,assets/default/town/city_zhoushan__ch03,本轮未执行逐城史料检索、规格与渲染；不可视为已完成
city_wenzhou,ch03,southern_song_jin_mongol,ch02,major,pending,history/city_wenzhou__southern_song_jin_mongol.md,city_wenzhou__ch03.yaml,assets/default/town/city_wenzhou__ch03,本轮未执行逐城史料检索、规格与渲染；不可视为已完成
city_fuzhou,ch03,southern_song_jin_mongol,ch02,major,pending,history/city_fuzhou__southern_song_jin_mongol.md,city_fuzhou__ch03.yaml,assets/default/town/city_fuzhou__ch03,本轮未执行逐城史料检索、规格与渲染；不可视为已完成
city_quanzhou,ch03,southern_song_jin_mongol,ch02,major,pending,history/city_quanzhou__southern_song_jin_mongol.md,city_quanzhou__ch03.yaml,assets/default/town/city_quanzhou__ch03,本轮未执行逐城史料检索、规格与渲染；不可视为已完成
city_putian,ch03,southern_song_jin_mongol,ch02,major,pending,history/city_putian__southern_song_jin_mongol.md,city_putian__ch03.yaml,assets/default/town/city_putian__ch03,本轮未执行逐城史料检索、规格与渲染；不可视为已完成
city_zhangzhou,ch03,southern_song_jin_mongol,ch02,major,pending,history/city_zhangzhou__southern_song_jin_mongol.md,city_zhangzhou__ch03.yaml,assets/default/town/city_zhangzhou__ch03,本轮未执行逐城史料检索、规格与渲染；不可视为已完成
city_nanchang,ch03,southern_song_jin_mongol,ch02,major,pending,history/city_nanchang__southern_song_jin_mongol.md,city_nanchang__ch03.yaml,assets/default/town/city_nanchang__ch03,本轮未执行逐城史料检索、规格与渲染；不可视为已完成
city_jiujiang,ch03,southern_song_jin_mongol,ch02,major,pending,history/city_jiujiang__southern_song_jin_mongol.md,city_jiujiang__ch03.yaml,assets/default/town/city_jiujiang__ch03,本轮未执行逐城史料检索、规格与渲染；不可视为已完成
city_ganzhou,ch03,southern_song_jin_mongol,ch02,major,pending,history/city_ganzhou__southern_song_jin_mongol.md,city_ganzhou__ch03.yaml,assets/default/town/city_ganzhou__ch03,本轮未执行逐城史料检索、规格与渲染；不可视为已完成
city_jingdezhen,ch03,southern_song_jin_mongol,ch02,major,pending,history/city_jingdezhen__southern_song_jin_mongol.md,city_jingdezhen__ch03.yaml,assets/default/town/city_jingdezhen__ch03,本轮未执行逐城史料检索、规格与渲染；不可视为已完成
city_wuhan,ch03,southern_song_jin_mongol,ch02,major,pending,history/city_wuhan__southern_song_jin_mongol.md,city_wuhan__ch03.yaml,assets/default/town/city_wuhan__ch03,本轮未执行逐城史料检索、规格与渲染；不可视为已完成
city_xiangyang,ch03,southern_song_jin_mongol,ch02,major,pending,history/city_xiangyang__southern_song_jin_mongol.md,city_xiangyang__ch03.yaml,assets/default/town/city_xiangyang__ch03,本轮未执行逐城史料检索、规格与渲染；不可视为已完成
city_jingzhou,ch03,southern_song_jin_mongol,ch02,major,pending,history/city_jingzhou__southern_song_jin_mongol.md,city_jingzhou__ch03.yaml,assets/default/town/city_jingzhou__ch03,本轮未执行逐城史料检索、规格与渲染；不可视为已完成
city_yueyang,ch03,southern_song_jin_mongol,ch02,major,pending,history/city_yueyang__southern_song_jin_mongol.md,city_yueyang__ch03.yaml,assets/default/town/city_yueyang__ch03,本轮未执行逐城史料检索、规格与渲染；不可视为已完成
city_changsha,ch03,southern_song_jin_mongol,ch02,major,pending,history/city_changsha__southern_song_jin_mongol.md,city_changsha__ch03.yaml,assets/default/town/city_changsha__ch03,本轮未执行逐城史料检索、规格与渲染；不可视为已完成
city_hengyang,ch03,southern_song_jin_mongol,ch02,major,pending,history/city_hengyang__southern_song_jin_mongol.md,city_hengyang__ch03.yaml,assets/default/town/city_hengyang__ch03,本轮未执行逐城史料检索、规格与渲染；不可视为已完成
city_shiyan,ch03,southern_song_jin_mongol,ch02,major,pending,history/city_shiyan__southern_song_jin_mongol.md,city_shiyan__ch03.yaml,assets/default/town/city_shiyan__ch03,本轮未执行逐城史料检索、规格与渲染；不可视为已完成
city_yichang,ch03,southern_song_jin_mongol,ch02,major,pending,history/city_yichang__southern_song_jin_mongol.md,city_yichang__ch03.yaml,assets/default/town/city_yichang__ch03,本轮未执行逐城史料检索、规格与渲染；不可视为已完成
city_guangzhou,ch03,southern_song_jin_mongol,ch02,major,pending,history/city_guangzhou__southern_song_jin_mongol.md,city_guangzhou__ch03.yaml,assets/default/town/city_guangzhou__ch03,本轮未执行逐城史料检索、规格与渲染；不可视为已完成
city_zhaoqing,ch03,southern_song_jin_mongol,ch02,major,pending,history/city_zhaoqing__southern_song_jin_mongol.md,city_zhaoqing__ch03.yaml,assets/default/town/city_zhaoqing__ch03,本轮未执行逐城史料检索、规格与渲染；不可视为已完成
city_chaozhou,ch03,southern_song_jin_mongol,ch02,major,pending,history/city_chaozhou__southern_song_jin_mongol.md,city_chaozhou__ch03.yaml,assets/default/town/city_chaozhou__ch03,本轮未执行逐城史料检索、规格与渲染；不可视为已完成
city_guilin,ch03,southern_song_jin_mongol,ch02,major,pending,history/city_guilin__southern_song_jin_mongol.md,city_guilin__ch03.yaml,assets/default/town/city_guilin__ch03,本轮未执行逐城史料检索、规格与渲染；不可视为已完成
city_liuzhou,ch03,southern_song_jin_mongol,ch02,major,pending,history/city_liuzhou__southern_song_jin_mongol.md,city_liuzhou__ch03.yaml,assets/default/town/city_liuzhou__ch03,本轮未执行逐城史料检索、规格与渲染；不可视为已完成
city_nanning,ch03,southern_song_jin_mongol,ch02,major,pending,history/city_nanning__southern_song_jin_mongol.md,city_nanning__ch03.yaml,assets/default/town/city_nanning__ch03,本轮未执行逐城史料检索、规格与渲染；不可视为已完成
city_haikou,ch03,southern_song_jin_mongol,ch02,major,pending,history/city_haikou__southern_song_jin_mongol.md,city_haikou__ch03.yaml,assets/default/town/city_haikou__ch03,本轮未执行逐城史料检索、规格与渲染；不可视为已完成
city_chengdu,ch03,southern_song_jin_mongol,ch02,major,pending,history/city_chengdu__southern_song_jin_mongol.md,city_chengdu__ch03.yaml,assets/default/town/city_chengdu__ch03,本轮未执行逐城史料检索、规格与渲染；不可视为已完成
city_chongqing,ch03,southern_song_jin_mongol,ch02,major,pending,history/city_chongqing__southern_song_jin_mongol.md,city_chongqing__ch03.yaml,assets/default/town/city_chongqing__ch03,本轮未执行逐城史料检索、规格与渲染；不可视为已完成
city_dujiangyan,ch03,southern_song_jin_mongol,ch02,major,pending,history/city_dujiangyan__southern_song_jin_mongol.md,city_dujiangyan__ch03.yaml,assets/default/town/city_dujiangyan__ch03,本轮未执行逐城史料检索、规格与渲染；不可视为已完成
city_leshan,ch03,southern_song_jin_mongol,ch02,major,pending,history/city_leshan__southern_song_jin_mongol.md,city_leshan__ch03.yaml,assets/default/town/city_leshan__ch03,本轮未执行逐城史料检索、规格与渲染；不可视为已完成
city_fengjie,ch03,southern_song_jin_mongol,ch02,major,pending,history/city_fengjie__southern_song_jin_mongol.md,city_fengjie__ch03.yaml,assets/default/town/city_fengjie__ch03,本轮未执行逐城史料检索、规格与渲染；不可视为已完成
city_lijiang,ch03,southern_song_jin_mongol,ch02,major,pending,history/city_lijiang__southern_song_jin_mongol.md,city_lijiang__ch03.yaml,assets/default/town/city_lijiang__ch03,本轮未执行逐城史料检索、规格与渲染；不可视为已完成
city_baoshan,ch03,southern_song_jin_mongol,ch02,major,pending,history/city_baoshan__southern_song_jin_mongol.md,city_baoshan__ch03.yaml,assets/default/town/city_baoshan__ch03,本轮未执行逐城史料检索、规格与渲染；不可视为已完成
city_tengchong,ch03,southern_song_jin_mongol,ch02,major,pending,history/city_tengchong__southern_song_jin_mongol.md,city_tengchong__ch03.yaml,assets/default/town/city_tengchong__ch03,本轮未执行逐城史料检索、规格与渲染；不可视为已完成
city_qujing,ch03,southern_song_jin_mongol,ch02,major,pending,history/city_qujing__southern_song_jin_mongol.md,city_qujing__ch03.yaml,assets/default/town/city_qujing__ch03,本轮未执行逐城史料检索、规格与渲染；不可视为已完成
city_guiyang,ch03,southern_song_jin_mongol,ch02,major,pending,history/city_guiyang__southern_song_jin_mongol.md,city_guiyang__ch03.yaml,assets/default/town/city_guiyang__ch03,本轮未执行逐城史料检索、规格与渲染；不可视为已完成
city_qamdo,ch03,southern_song_jin_mongol,ch02,major,pending,history/city_qamdo__southern_song_jin_mongol.md,city_qamdo__ch03.yaml,assets/default/town/city_qamdo__ch03,本轮未执行逐城史料检索、规格与渲染；不可视为已完成
city_ngari,ch03,southern_song_jin_mongol,ch02,major,pending,history/city_ngari__southern_song_jin_mongol.md,city_ngari__ch03.yaml,assets/default/town/city_ngari__ch03,本轮未执行逐城史料检索、规格与渲染；不可视为已完成
city_lanzhou,ch03,southern_song_jin_mongol,ch02,major,pending,history/city_lanzhou__southern_song_jin_mongol.md,city_lanzhou__ch03.yaml,assets/default/town/city_lanzhou__ch03,本轮未执行逐城史料检索、规格与渲染；不可视为已完成
city_tianshui,ch03,southern_song_jin_mongol,ch02,major,pending,history/city_tianshui__southern_song_jin_mongol.md,city_tianshui__ch03.yaml,assets/default/town/city_tianshui__ch03,本轮未执行逐城史料检索、规格与渲染；不可视为已完成
city_pingliang,ch03,southern_song_jin_mongol,ch02,major,pending,history/city_pingliang__southern_song_jin_mongol.md,city_pingliang__ch03.yaml,assets/default/town/city_pingliang__ch03,本轮未执行逐城史料检索、规格与渲染；不可视为已完成
city_wuwei,ch03,southern_song_jin_mongol,ch02,major,pending,history/city_wuwei__southern_song_jin_mongol.md,city_wuwei__ch03.yaml,assets/default/town/city_wuwei__ch03,本轮未执行逐城史料检索、规格与渲染；不可视为已完成
city_zhangye,ch03,southern_song_jin_mongol,ch02,major,pending,history/city_zhangye__southern_song_jin_mongol.md,city_zhangye__ch03.yaml,assets/default/town/city_zhangye__ch03,本轮未执行逐城史料检索、规格与渲染；不可视为已完成
city_jiuquan,ch03,southern_song_jin_mongol,ch02,major,pending,history/city_jiuquan__southern_song_jin_mongol.md,city_jiuquan__ch03.yaml,assets/default/town/city_jiuquan__ch03,本轮未执行逐城史料检索、规格与渲染；不可视为已完成
city_dunhuang,ch03,southern_song_jin_mongol,ch02,major,pending,history/city_dunhuang__southern_song_jin_mongol.md,city_dunhuang__ch03.yaml,assets/default/town/city_dunhuang__ch03,本轮未执行逐城史料检索、规格与渲染；不可视为已完成
city_zhongwei,ch03,southern_song_jin_mongol,ch02,major,pending,history/city_zhongwei__southern_song_jin_mongol.md,city_zhongwei__ch03.yaml,assets/default/town/city_zhongwei__ch03,本轮未执行逐城史料检索、规格与渲染；不可视为已完成
city_xining,ch03,southern_song_jin_mongol,ch02,major,pending,history/city_xining__southern_song_jin_mongol.md,city_xining__ch03.yaml,assets/default/town/city_xining__ch03,本轮未执行逐城史料检索、规格与渲染；不可视为已完成
city_hotan,ch03,southern_song_jin_mongol,ch02,major,pending,history/city_hotan__southern_song_jin_mongol.md,city_hotan__ch03.yaml,assets/default/town/city_hotan__ch03,本轮未执行逐城史料检索、规格与渲染；不可视为已完成
city_yarkand,ch03,southern_song_jin_mongol,ch02,major,pending,history/city_yarkand__southern_song_jin_mongol.md,city_yarkand__ch03.yaml,assets/default/town/city_yarkand__ch03,本轮未执行逐城史料检索、规格与渲染；不可视为已完成
city_aksu,ch03,southern_song_jin_mongol,ch02,major,pending,history/city_aksu__southern_song_jin_mongol.md,city_aksu__ch03.yaml,assets/default/town/city_aksu__ch03,本轮未执行逐城史料检索、规格与渲染；不可视为已完成
city_kuqa,ch03,southern_song_jin_mongol,ch02,major,pending,history/city_kuqa__southern_song_jin_mongol.md,city_kuqa__ch03.yaml,assets/default/town/city_kuqa__ch03,本轮未执行逐城史料检索、规格与渲染；不可视为已完成
city_korla,ch03,southern_song_jin_mongol,ch02,major,pending,history/city_korla__southern_song_jin_mongol.md,city_korla__ch03.yaml,assets/default/town/city_korla__ch03,本轮未执行逐城史料检索、规格与渲染；不可视为已完成
city_turpan,ch03,southern_song_jin_mongol,ch02,major,pending,history/city_turpan__southern_song_jin_mongol.md,city_turpan__ch03.yaml,assets/default/town/city_turpan__ch03,本轮未执行逐城史料检索、规格与渲染；不可视为已完成
city_hami,ch03,southern_song_jin_mongol,ch02,major,pending,history/city_hami__southern_song_jin_mongol.md,city_hami__ch03.yaml,assets/default/town/city_hami__ch03,本轮未执行逐城史料检索、规格与渲染；不可视为已完成
city_yining,ch03,southern_song_jin_mongol,ch02,major,pending,history/city_yining__southern_song_jin_mongol.md,city_yining__ch03.yaml,assets/default/town/city_yining__ch03,本轮未执行逐城史料检索、规格与渲染；不可视为已完成
city_liaoyang,ch03,southern_song_jin_mongol,ch02,major,pending,history/city_liaoyang__southern_song_jin_mongol.md,city_liaoyang__ch03.yaml,assets/default/town/city_liaoyang__ch03,本轮未执行逐城史料检索、规格与渲染；不可视为已完成
city_jinzhou,ch03,southern_song_jin_mongol,ch02,major,pending,history/city_jinzhou__southern_song_jin_mongol.md,city_jinzhou__ch03.yaml,assets/default/town/city_jinzhou__ch03,本轮未执行逐城史料检索、规格与渲染；不可视为已完成
city_dandong,ch03,southern_song_jin_mongol,ch02,major,pending,history/city_dandong__southern_song_jin_mongol.md,city_dandong__ch03.yaml,assets/default/town/city_dandong__ch03,本轮未执行逐城史料检索、规格与渲染；不可视为已完成
city_jilin,ch03,southern_song_jin_mongol,ch02,major,pending,history/city_jilin__southern_song_jin_mongol.md,city_jilin__ch03.yaml,assets/default/town/city_jilin__ch03,本轮未执行逐城史料检索、规格与渲染；不可视为已完成
city_chifeng,ch03,southern_song_jin_mongol,ch02,major,pending,history/city_chifeng__southern_song_jin_mongol.md,city_chifeng__ch03.yaml,assets/default/town/city_chifeng__ch03,本轮未执行逐城史料检索、规格与渲染；不可视为已完成
city_hohhot,ch03,southern_song_jin_mongol,ch02,major,pending,history/city_hohhot__southern_song_jin_mongol.md,city_hohhot__ch03.yaml,assets/default/town/city_hohhot__ch03,本轮未执行逐城史料检索、规格与渲染；不可视为已完成
city_ordos,ch03,southern_song_jin_mongol,ch02,major,pending,history/city_ordos__southern_song_jin_mongol.md,city_ordos__ch03.yaml,assets/default/town/city_ordos__ch03,本轮未执行逐城史料检索、规格与渲染；不可视为已完成
city_xilinhot,ch03,southern_song_jin_mongol,ch02,major,pending,history/city_xilinhot__southern_song_jin_mongol.md,city_xilinhot__ch03.yaml,assets/default/town/city_xilinhot__ch03,本轮未执行逐城史料检索、规格与渲染；不可视为已完成
city_penghu,ch03,southern_song_jin_mongol,ch02,major,pending,history/city_penghu__southern_song_jin_mongol.md,city_penghu__ch03.yaml,assets/default/town/city_penghu__ch03,本轮未执行逐城史料检索、规格与渲染；不可视为已完成
city_hejian,ch03,southern_song_jin_mongol,ch02,secondary,pending,history/city_hejian__southern_song_jin_mongol.md,city_hejian__ch03.yaml,assets/default/town/city_hejian__ch03,本轮未执行逐城史料检索、规格与渲染；不可视为已完成
city_qinhuangdao,ch03,southern_song_jin_mongol,ch02,secondary,pending,history/city_qinhuangdao__southern_song_jin_mongol.md,city_qinhuangdao__ch03.yaml,assets/default/town/city_qinhuangdao__ch03,本轮未执行逐城史料检索、规格与渲染；不可视为已完成
city_xinxiang,ch03,southern_song_jin_mongol,ch02,secondary,pending,history/city_xinxiang__southern_song_jin_mongol.md,city_xinxiang__ch03.yaml,assets/default/town/city_xinxiang__ch03,本轮未执行逐城史料检索、规格与渲染；不可视为已完成
city_jiaozuo,ch03,southern_song_jin_mongol,ch02,secondary,pending,history/city_jiaozuo__southern_song_jin_mongol.md,city_jiaozuo__ch03.yaml,assets/default/town/city_jiaozuo__ch03,本轮未执行逐城史料检索、规格与渲染；不可视为已完成
city_xuchang,ch03,southern_song_jin_mongol,ch02,secondary,pending,history/city_xuchang__southern_song_jin_mongol.md,city_xuchang__ch03.yaml,assets/default/town/city_xuchang__ch03,本轮未执行逐城史料检索、规格与渲染；不可视为已完成
city_pingdingshan,ch03,southern_song_jin_mongol,ch02,secondary,pending,history/city_pingdingshan__southern_song_jin_mongol.md,city_pingdingshan__ch03.yaml,assets/default/town/city_pingdingshan__ch03,本轮未执行逐城史料检索、规格与渲染；不可视为已完成
city_xianyang,ch03,southern_song_jin_mongol,ch02,secondary,pending,history/city_xianyang__southern_song_jin_mongol.md,city_xianyang__ch03.yaml,assets/default/town/city_xianyang__ch03,本轮未执行逐城史料检索、规格与渲染；不可视为已完成
city_weinan,ch03,southern_song_jin_mongol,ch02,secondary,pending,history/city_weinan__southern_song_jin_mongol.md,city_weinan__ch03.yaml,assets/default/town/city_weinan__ch03,本轮未执行逐城史料检索、规格与渲染；不可视为已完成
city_ankang,ch03,southern_song_jin_mongol,ch02,secondary,pending,history/city_ankang__southern_song_jin_mongol.md,city_ankang__ch03.yaml,assets/default/town/city_ankang__ch03,本轮未执行逐城史料检索、规格与渲染；不可视为已完成
city_shangluo,ch03,southern_song_jin_mongol,ch02,secondary,pending,history/city_shangluo__southern_song_jin_mongol.md,city_shangluo__ch03.yaml,assets/default/town/city_shangluo__ch03,本轮未执行逐城史料检索、规格与渲染；不可视为已完成
city_xinzhou,ch03,southern_song_jin_mongol,ch02,secondary,pending,history/city_xinzhou__southern_song_jin_mongol.md,city_xinzhou__ch03.yaml,assets/default/town/city_xinzhou__ch03,本轮未执行逐城史料检索、规格与渲染；不可视为已完成
city_jincheng,ch03,southern_song_jin_mongol,ch02,secondary,pending,history/city_jincheng__southern_song_jin_mongol.md,city_jincheng__ch03.yaml,assets/default/town/city_jincheng__ch03,本轮未执行逐城史料检索、规格与渲染；不可视为已完成
city_liaocheng,ch03,southern_song_jin_mongol,ch02,secondary,pending,history/city_liaocheng__southern_song_jin_mongol.md,city_liaocheng__ch03.yaml,assets/default/town/city_liaocheng__ch03,本轮未执行逐城史料检索、规格与渲染；不可视为已完成
city_linyi,ch03,southern_song_jin_mongol,ch02,secondary,pending,history/city_linyi__southern_song_jin_mongol.md,city_linyi__ch03.yaml,assets/default/town/city_linyi__ch03,本轮未执行逐城史料检索、规格与渲染；不可视为已完成
city_dongping,ch03,southern_song_jin_mongol,ch02,secondary,pending,history/city_dongping__southern_song_jin_mongol.md,city_dongping__ch03.yaml,assets/default/town/city_dongping__ch03,本轮未执行逐城史料检索、规格与渲染；不可视为已完成
city_lianyungang,ch03,southern_song_jin_mongol,ch02,secondary,pending,history/city_lianyungang__southern_song_jin_mongol.md,city_lianyungang__ch03.yaml,assets/default/town/city_lianyungang__ch03,本轮未执行逐城史料检索、规格与渲染；不可视为已完成
city_fuyang,ch03,southern_song_jin_mongol,ch02,secondary,pending,history/city_fuyang__southern_song_jin_mongol.md,city_fuyang__ch03.yaml,assets/default/town/city_fuyang__ch03,本轮未执行逐城史料检索、规格与渲染；不可视为已完成
city_jinhua,ch03,southern_song_jin_mongol,ch02,secondary,pending,history/city_jinhua__southern_song_jin_mongol.md,city_jinhua__ch03.yaml,assets/default/town/city_jinhua__ch03,本轮未执行逐城史料检索、规格与渲染；不可视为已完成
city_quzhou,ch03,southern_song_jin_mongol,ch02,secondary,pending,history/city_quzhou__southern_song_jin_mongol.md,city_quzhou__ch03.yaml,assets/default/town/city_quzhou__ch03,本轮未执行逐城史料检索、规格与渲染；不可视为已完成
city_huzhou,ch03,southern_song_jin_mongol,ch02,secondary,pending,history/city_huzhou__southern_song_jin_mongol.md,city_huzhou__ch03.yaml,assets/default/town/city_huzhou__ch03,本轮未执行逐城史料检索、规格与渲染；不可视为已完成
city_changzhou,ch03,southern_song_jin_mongol,ch02,secondary,pending,history/city_changzhou__southern_song_jin_mongol.md,city_changzhou__ch03.yaml,assets/default/town/city_changzhou__ch03,本轮未执行逐城史料检索、规格与渲染；不可视为已完成
city_wuyishan,ch03,southern_song_jin_mongol,ch02,secondary,pending,history/city_wuyishan__southern_song_jin_mongol.md,city_wuyishan__ch03.yaml,assets/default/town/city_wuyishan__ch03,本轮未执行逐城史料检索、规格与渲染；不可视为已完成
city_shangrao,ch03,southern_song_jin_mongol,ch02,secondary,pending,history/city_shangrao__southern_song_jin_mongol.md,city_shangrao__ch03.yaml,assets/default/town/city_shangrao__ch03,本轮未执行逐城史料检索、规格与渲染；不可视为已完成
city_chenzhou,ch03,southern_song_jin_mongol,ch02,secondary,pending,history/city_chenzhou__southern_song_jin_mongol.md,city_chenzhou__ch03.yaml,assets/default/town/city_chenzhou__ch03,本轮未执行逐城史料检索、规格与渲染；不可视为已完成
city_enshi,ch03,southern_song_jin_mongol,ch02,secondary,pending,history/city_enshi__southern_song_jin_mongol.md,city_enshi__ch03.yaml,assets/default/town/city_enshi__ch03,本轮未执行逐城史料检索、规格与渲染；不可视为已完成
city_chenzhou_yuanling,ch03,southern_song_jin_mongol,ch02,secondary,pending,history/city_chenzhou_yuanling__southern_song_jin_mongol.md,city_chenzhou_yuanling__ch03.yaml,assets/default/town/city_chenzhou_yuanling__ch03,本轮未执行逐城史料检索、规格与渲染；不可视为已完成
city_jingmen,ch03,southern_song_jin_mongol,ch02,secondary,pending,history/city_jingmen__southern_song_jin_mongol.md,city_jingmen__ch03.yaml,assets/default/town/city_jingmen__ch03,本轮未执行逐城史料检索、规格与渲染；不可视为已完成
city_shaoguan,ch03,southern_song_jin_mongol,ch02,secondary,pending,history/city_shaoguan__southern_song_jin_mongol.md,city_shaoguan__ch03.yaml,assets/default/town/city_shaoguan__ch03,本轮未执行逐城史料检索、规格与渲染；不可视为已完成
city_sanya,ch03,southern_song_jin_mongol,ch02,secondary,pending,history/city_sanya__southern_song_jin_mongol.md,city_sanya__ch03.yaml,assets/default/town/city_sanya__ch03,本轮未执行逐城史料检索、规格与渲染；不可视为已完成
city_meishan,ch03,southern_song_jin_mongol,ch02,secondary,pending,history/city_meishan__southern_song_jin_mongol.md,city_meishan__ch03.yaml,assets/default/town/city_meishan__ch03,本轮未执行逐城史料检索、规格与渲染；不可视为已完成
city_yaan,ch03,southern_song_jin_mongol,ch02,secondary,pending,history/city_yaan__southern_song_jin_mongol.md,city_yaan__ch03.yaml,assets/default/town/city_yaan__ch03,本轮未执行逐城史料检索、规格与渲染；不可视为已完成
city_dazhou,ch03,southern_song_jin_mongol,ch02,secondary,pending,history/city_dazhou__southern_song_jin_mongol.md,city_dazhou__ch03.yaml,assets/default/town/city_dazhou__ch03,本轮未执行逐城史料检索、规格与渲染；不可视为已完成
city_bazhong,ch03,southern_song_jin_mongol,ch02,secondary,pending,history/city_bazhong__southern_song_jin_mongol.md,city_bazhong__ch03.yaml,assets/default/town/city_bazhong__ch03,本轮未执行逐城史料检索、规格与渲染；不可视为已完成
city_langzhong,ch03,southern_song_jin_mongol,ch02,secondary,pending,history/city_langzhong__southern_song_jin_mongol.md,city_langzhong__ch03.yaml,assets/default/town/city_langzhong__ch03,本轮未执行逐城史料检索、规格与渲染；不可视为已完成
city_zunyi,ch03,southern_song_jin_mongol,ch02,secondary,pending,history/city_zunyi__southern_song_jin_mongol.md,city_zunyi__ch03.yaml,assets/default/town/city_zunyi__ch03,本轮未执行逐城史料检索、规格与渲染；不可视为已完成
city_jinghong,ch03,southern_song_jin_mongol,ch02,secondary,pending,history/city_jinghong__southern_song_jin_mongol.md,city_jinghong__ch03.yaml,assets/default/town/city_jinghong__ch03,本轮未执行逐城史料检索、规格与渲染；不可视为已完成
city_yushu,ch03,southern_song_jin_mongol,ch02,secondary,pending,history/city_yushu__southern_song_jin_mongol.md,city_yushu__ch03.yaml,assets/default/town/city_yushu__ch03,本轮未执行逐城史料检索、规格与渲染；不可视为已完成
city_altay,ch03,southern_song_jin_mongol,ch02,secondary,pending,history/city_altay__southern_song_jin_mongol.md,city_altay__ch03.yaml,assets/default/town/city_altay__ch03,本轮未执行逐城史料检索、规格与渲染；不可视为已完成
city_khotan_kunlun,ch03,southern_song_jin_mongol,ch03,site,pending,history/city_khotan_kunlun__southern_song_jin_mongol.md,city_khotan_kunlun__ch03.yaml,assets/default/town/city_khotan_kunlun__ch03,本轮未执行逐城史料检索、规格与渲染；不可视为已完成
city_taohuadao,ch03,southern_song_jin_mongol,ch02,site,pending,history/city_taohuadao__southern_song_jin_mongol.md,city_taohuadao__ch03.yaml,assets/default/town/city_taohuadao__ch03,本轮未执行逐城史料检索、规格与渲染；不可视为已完成
city_beijing,ch04,yuan,ch04,capital,pending,history/city_beijing__yuan.md,city_beijing__ch04.yaml,assets/default/town/city_beijing__ch04,本轮未执行逐城史料检索、规格与渲染；不可视为已完成
city_kaifeng,ch04,yuan,ch04,capital,pending,history/city_kaifeng__yuan.md,city_kaifeng__ch04.yaml,assets/default/town/city_kaifeng__ch04,本轮未执行逐城史料检索、规格与渲染；不可视为已完成
city_luoyang,ch04,yuan,ch04,capital,pending,history/city_luoyang__yuan.md,city_luoyang__ch04.yaml,assets/default/town/city_luoyang__ch04,本轮未执行逐城史料检索、规格与渲染；不可视为已完成
city_datong,ch04,yuan,ch04,capital,pending,history/city_datong__yuan.md,city_datong__ch04.yaml,assets/default/town/city_datong__ch04,本轮未执行逐城史料检索、规格与渲染；不可视为已完成
city_nanjing,ch04,yuan,ch04,capital,pending,history/city_nanjing__yuan.md,city_nanjing__ch04.yaml,assets/default/town/city_nanjing__ch04,本轮未执行逐城史料检索、规格与渲染；不可视为已完成
city_hangzhou,ch04,yuan,ch04,capital,pending,history/city_hangzhou__yuan.md,city_hangzhou__ch04.yaml,assets/default/town/city_hangzhou__ch04,本轮未执行逐城史料检索、规格与渲染；不可视为已完成
city_kunming,ch04,yuan,ch04,capital,pending,history/city_kunming__yuan.md,city_kunming__ch04.yaml,assets/default/town/city_kunming__ch04,本轮未执行逐城史料检索、规格与渲染；不可视为已完成
city_dali,ch04,yuan,ch04,capital,pending,history/city_dali__yuan.md,city_dali__ch04.yaml,assets/default/town/city_dali__ch04,本轮未执行逐城史料检索、规格与渲染；不可视为已完成
city_lhasa,ch04,yuan,ch04,capital,pending,history/city_lhasa__yuan.md,city_lhasa__ch04.yaml,assets/default/town/city_lhasa__ch04,本轮未执行逐城史料检索、规格与渲染；不可视为已完成
city_yinchuan,ch04,yuan,ch04,capital,pending,history/city_yinchuan__yuan.md,city_yinchuan__ch04.yaml,assets/default/town/city_yinchuan__ch04,本轮未执行逐城史料检索、规格与渲染；不可视为已完成
city_kashgar,ch04,yuan,ch04,capital,pending,history/city_kashgar__yuan.md,city_kashgar__ch04.yaml,assets/default/town/city_kashgar__ch04,本轮未执行逐城史料检索、规格与渲染；不可视为已完成
city_shenyang,ch04,yuan,ch04,capital,pending,history/city_shenyang__yuan.md,city_shenyang__ch04.yaml,assets/default/town/city_shenyang__ch04,本轮未执行逐城史料检索、规格与渲染；不可视为已完成
city_karakorum,ch04,yuan,ch04,capital,pending,history/city_karakorum__yuan.md,city_karakorum__ch04.yaml,assets/default/town/city_karakorum__ch04,本轮未执行逐城史料检索、规格与渲染；不可视为已完成
city_tianjin,ch04,yuan,ch04,major,pending,history/city_tianjin__yuan.md,city_tianjin__ch04.yaml,assets/default/town/city_tianjin__ch04,本轮未执行逐城史料检索、规格与渲染；不可视为已完成
city_baoding,ch04,yuan,ch04,major,pending,history/city_baoding__yuan.md,city_baoding__ch04.yaml,assets/default/town/city_baoding__ch04,本轮未执行逐城史料检索、规格与渲染；不可视为已完成
city_zhengding,ch04,yuan,ch04,major,pending,history/city_zhengding__yuan.md,city_zhengding__ch04.yaml,assets/default/town/city_zhengding__ch04,本轮未执行逐城史料检索、规格与渲染；不可视为已完成
city_cangzhou,ch04,yuan,ch04,major,pending,history/city_cangzhou__yuan.md,city_cangzhou__ch04.yaml,assets/default/town/city_cangzhou__ch04,本轮未执行逐城史料检索、规格与渲染；不可视为已完成
city_zhangjiakou,ch04,yuan,ch04,major,pending,history/city_zhangjiakou__yuan.md,city_zhangjiakou__ch04.yaml,assets/default/town/city_zhangjiakou__ch04,本轮未执行逐城史料检索、规格与渲染；不可视为已完成
city_shanhaiguan,ch04,yuan,ch04,major,pending,history/city_shanhaiguan__yuan.md,city_shanhaiguan__ch04.yaml,assets/default/town/city_shanhaiguan__ch04,本轮未执行逐城史料检索、规格与渲染；不可视为已完成
city_zhengzhou,ch04,yuan,ch04,major,pending,history/city_zhengzhou__yuan.md,city_zhengzhou__ch04.yaml,assets/default/town/city_zhengzhou__ch04,本轮未执行逐城史料检索、规格与渲染；不可视为已完成
city_dengfeng,ch04,yuan,ch04,major,pending,history/city_dengfeng__yuan.md,city_dengfeng__ch04.yaml,assets/default/town/city_dengfeng__ch04,本轮未执行逐城史料检索、规格与渲染；不可视为已完成
city_anyang,ch04,yuan,ch04,major,pending,history/city_anyang__yuan.md,city_anyang__ch04.yaml,assets/default/town/city_anyang__ch04,本轮未执行逐城史料检索、规格与渲染；不可视为已完成
city_shangqiu,ch04,yuan,ch04,major,pending,history/city_shangqiu__yuan.md,city_shangqiu__ch04.yaml,assets/default/town/city_shangqiu__ch04,本轮未执行逐城史料检索、规格与渲染；不可视为已完成
city_nanyang,ch04,yuan,ch04,major,pending,history/city_nanyang__yuan.md,city_nanyang__ch04.yaml,assets/default/town/city_nanyang__ch04,本轮未执行逐城史料检索、规格与渲染；不可视为已完成
city_xinyang,ch04,yuan,ch04,major,pending,history/city_xinyang__yuan.md,city_xinyang__ch04.yaml,assets/default/town/city_xinyang__ch04,本轮未执行逐城史料检索、规格与渲染；不可视为已完成
city_xian,ch04,yuan,ch04,major,pending,history/city_xian__yuan.md,city_xian__ch04.yaml,assets/default/town/city_xian__ch04,本轮未执行逐城史料检索、规格与渲染；不可视为已完成
city_huayin,ch04,yuan,ch04,major,pending,history/city_huayin__yuan.md,city_huayin__ch04.yaml,assets/default/town/city_huayin__ch04,本轮未执行逐城史料检索、规格与渲染；不可视为已完成
city_baoji,ch04,yuan,ch04,major,pending,history/city_baoji__yuan.md,city_baoji__ch04.yaml,assets/default/town/city_baoji__ch04,本轮未执行逐城史料检索、规格与渲染；不可视为已完成
city_hanzhong,ch04,yuan,ch04,major,pending,history/city_hanzhong__yuan.md,city_hanzhong__ch04.yaml,assets/default/town/city_hanzhong__ch04,本轮未执行逐城史料检索、规格与渲染；不可视为已完成
city_yanan,ch04,yuan,ch04,major,pending,history/city_yanan__yuan.md,city_yanan__ch04.yaml,assets/default/town/city_yanan__ch04,本轮未执行逐城史料检索、规格与渲染；不可视为已完成
city_yulin,ch04,yuan,ch04,major,pending,history/city_yulin__yuan.md,city_yulin__ch04.yaml,assets/default/town/city_yulin__ch04,本轮未执行逐城史料检索、规格与渲染；不可视为已完成
city_taiyuan,ch04,yuan,ch04,major,pending,history/city_taiyuan__yuan.md,city_taiyuan__ch04.yaml,assets/default/town/city_taiyuan__ch04,本轮未执行逐城史料检索、规格与渲染；不可视为已完成
city_yuncheng,ch04,yuan,ch04,major,pending,history/city_yuncheng__yuan.md,city_yuncheng__ch04.yaml,assets/default/town/city_yuncheng__ch04,本轮未执行逐城史料检索、规格与渲染；不可视为已完成
city_linfen,ch04,yuan,ch04,major,pending,history/city_linfen__yuan.md,city_linfen__ch04.yaml,assets/default/town/city_linfen__ch04,本轮未执行逐城史料检索、规格与渲染；不可视为已完成
city_changzhi,ch04,yuan,ch04,major,pending,history/city_changzhi__yuan.md,city_changzhi__ch04.yaml,assets/default/town/city_changzhi__ch04,本轮未执行逐城史料检索、规格与渲染；不可视为已完成
city_shuozhou,ch04,yuan,ch04,major,pending,history/city_shuozhou__yuan.md,city_shuozhou__ch04.yaml,assets/default/town/city_shuozhou__ch04,本轮未执行逐城史料检索、规格与渲染；不可视为已完成
city_jinan,ch04,yuan,ch04,major,pending,history/city_jinan__yuan.md,city_jinan__ch04.yaml,assets/default/town/city_jinan__ch04,本轮未执行逐城史料检索、规格与渲染；不可视为已完成
city_qufu,ch04,yuan,ch04,major,pending,history/city_qufu__yuan.md,city_qufu__ch04.yaml,assets/default/town/city_qufu__ch04,本轮未执行逐城史料检索、规格与渲染；不可视为已完成
city_taian,ch04,yuan,ch04,major,pending,history/city_taian__yuan.md,city_taian__ch04.yaml,assets/default/town/city_taian__ch04,本轮未执行逐城史料检索、规格与渲染；不可视为已完成
city_qingzhou,ch04,yuan,ch04,major,pending,history/city_qingzhou__yuan.md,city_qingzhou__ch04.yaml,assets/default/town/city_qingzhou__ch04,本轮未执行逐城史料检索、规格与渲染；不可视为已完成
city_dezhou,ch04,yuan,ch04,major,pending,history/city_dezhou__yuan.md,city_dezhou__ch04.yaml,assets/default/town/city_dezhou__ch04,本轮未执行逐城史料检索、规格与渲染；不可视为已完成
city_yantai,ch04,yuan,ch04,major,pending,history/city_yantai__yuan.md,city_yantai__ch04.yaml,assets/default/town/city_yantai__ch04,本轮未执行逐城史料检索、规格与渲染；不可视为已完成
city_penglai,ch04,yuan,ch04,major,pending,history/city_penglai__yuan.md,city_penglai__ch04.yaml,assets/default/town/city_penglai__ch04,本轮未执行逐城史料检索、规格与渲染；不可视为已完成
city_yangzhou,ch04,yuan,ch04,major,pending,history/city_yangzhou__yuan.md,city_yangzhou__ch04.yaml,assets/default/town/city_yangzhou__ch04,本轮未执行逐城史料检索、规格与渲染；不可视为已完成
city_zhenjiang,ch04,yuan,ch04,major,pending,history/city_zhenjiang__yuan.md,city_zhenjiang__ch04.yaml,assets/default/town/city_zhenjiang__ch04,本轮未执行逐城史料检索、规格与渲染；不可视为已完成
city_xuzhou,ch04,yuan,ch04,major,pending,history/city_xuzhou__yuan.md,city_xuzhou__ch04.yaml,assets/default/town/city_xuzhou__ch04,本轮未执行逐城史料检索、规格与渲染；不可视为已完成
city_hefei,ch04,yuan,ch04,major,pending,history/city_hefei__yuan.md,city_hefei__ch04.yaml,assets/default/town/city_hefei__ch04,本轮未执行逐城史料检索、规格与渲染；不可视为已完成
city_anqing,ch04,yuan,ch04,major,pending,history/city_anqing__yuan.md,city_anqing__ch04.yaml,assets/default/town/city_anqing__ch04,本轮未执行逐城史料检索、规格与渲染；不可视为已完成
city_wuhu,ch04,yuan,ch04,major,pending,history/city_wuhu__yuan.md,city_wuhu__ch04.yaml,assets/default/town/city_wuhu__ch04,本轮未执行逐城史料检索、规格与渲染；不可视为已完成
city_huangshan,ch04,yuan,ch04,major,pending,history/city_huangshan__yuan.md,city_huangshan__ch04.yaml,assets/default/town/city_huangshan__ch04,本轮未执行逐城史料检索、规格与渲染；不可视为已完成
city_suzhou,ch04,yuan,ch04,major,pending,history/city_suzhou__yuan.md,city_suzhou__ch04.yaml,assets/default/town/city_suzhou__ch04,本轮未执行逐城史料检索、规格与渲染；不可视为已完成
city_wuxi,ch04,yuan,ch04,major,pending,history/city_wuxi__yuan.md,city_wuxi__ch04.yaml,assets/default/town/city_wuxi__ch04,本轮未执行逐城史料检索、规格与渲染；不可视为已完成
city_jiaxing,ch04,yuan,ch04,major,pending,history/city_jiaxing__yuan.md,city_jiaxing__ch04.yaml,assets/default/town/city_jiaxing__ch04,本轮未执行逐城史料检索、规格与渲染；不可视为已完成
city_shaoxing,ch04,yuan,ch04,major,pending,history/city_shaoxing__yuan.md,city_shaoxing__ch04.yaml,assets/default/town/city_shaoxing__ch04,本轮未执行逐城史料检索、规格与渲染；不可视为已完成
city_ningbo,ch04,yuan,ch04,major,pending,history/city_ningbo__yuan.md,city_ningbo__ch04.yaml,assets/default/town/city_ningbo__ch04,本轮未执行逐城史料检索、规格与渲染；不可视为已完成
city_zhoushan,ch04,yuan,ch04,major,pending,history/city_zhoushan__yuan.md,city_zhoushan__ch04.yaml,assets/default/town/city_zhoushan__ch04,本轮未执行逐城史料检索、规格与渲染；不可视为已完成
city_wenzhou,ch04,yuan,ch04,major,pending,history/city_wenzhou__yuan.md,city_wenzhou__ch04.yaml,assets/default/town/city_wenzhou__ch04,本轮未执行逐城史料检索、规格与渲染；不可视为已完成
city_fuzhou,ch04,yuan,ch04,major,pending,history/city_fuzhou__yuan.md,city_fuzhou__ch04.yaml,assets/default/town/city_fuzhou__ch04,本轮未执行逐城史料检索、规格与渲染；不可视为已完成
city_quanzhou,ch04,yuan,ch04,major,pending,history/city_quanzhou__yuan.md,city_quanzhou__ch04.yaml,assets/default/town/city_quanzhou__ch04,本轮未执行逐城史料检索、规格与渲染；不可视为已完成
city_putian,ch04,yuan,ch04,major,pending,history/city_putian__yuan.md,city_putian__ch04.yaml,assets/default/town/city_putian__ch04,本轮未执行逐城史料检索、规格与渲染；不可视为已完成
city_xiamen,ch04,yuan,ch04,major,pending,history/city_xiamen__yuan.md,city_xiamen__ch04.yaml,assets/default/town/city_xiamen__ch04,本轮未执行逐城史料检索、规格与渲染；不可视为已完成
city_zhangzhou,ch04,yuan,ch04,major,pending,history/city_zhangzhou__yuan.md,city_zhangzhou__ch04.yaml,assets/default/town/city_zhangzhou__ch04,本轮未执行逐城史料检索、规格与渲染；不可视为已完成
city_nanchang,ch04,yuan,ch04,major,pending,history/city_nanchang__yuan.md,city_nanchang__ch04.yaml,assets/default/town/city_nanchang__ch04,本轮未执行逐城史料检索、规格与渲染；不可视为已完成
city_jiujiang,ch04,yuan,ch04,major,pending,history/city_jiujiang__yuan.md,city_jiujiang__ch04.yaml,assets/default/town/city_jiujiang__ch04,本轮未执行逐城史料检索、规格与渲染；不可视为已完成
city_ganzhou,ch04,yuan,ch04,major,pending,history/city_ganzhou__yuan.md,city_ganzhou__ch04.yaml,assets/default/town/city_ganzhou__ch04,本轮未执行逐城史料检索、规格与渲染；不可视为已完成
city_jingdezhen,ch04,yuan,ch04,major,pending,history/city_jingdezhen__yuan.md,city_jingdezhen__ch04.yaml,assets/default/town/city_jingdezhen__ch04,本轮未执行逐城史料检索、规格与渲染；不可视为已完成
city_wuhan,ch04,yuan,ch04,major,pending,history/city_wuhan__yuan.md,city_wuhan__ch04.yaml,assets/default/town/city_wuhan__ch04,本轮未执行逐城史料检索、规格与渲染；不可视为已完成
city_xiangyang,ch04,yuan,ch04,major,pending,history/city_xiangyang__yuan.md,city_xiangyang__ch04.yaml,assets/default/town/city_xiangyang__ch04,本轮未执行逐城史料检索、规格与渲染；不可视为已完成
city_jingzhou,ch04,yuan,ch04,major,pending,history/city_jingzhou__yuan.md,city_jingzhou__ch04.yaml,assets/default/town/city_jingzhou__ch04,本轮未执行逐城史料检索、规格与渲染；不可视为已完成
city_yueyang,ch04,yuan,ch04,major,pending,history/city_yueyang__yuan.md,city_yueyang__ch04.yaml,assets/default/town/city_yueyang__ch04,本轮未执行逐城史料检索、规格与渲染；不可视为已完成
city_changsha,ch04,yuan,ch04,major,pending,history/city_changsha__yuan.md,city_changsha__ch04.yaml,assets/default/town/city_changsha__ch04,本轮未执行逐城史料检索、规格与渲染；不可视为已完成
city_hengyang,ch04,yuan,ch04,major,pending,history/city_hengyang__yuan.md,city_hengyang__ch04.yaml,assets/default/town/city_hengyang__ch04,本轮未执行逐城史料检索、规格与渲染；不可视为已完成
city_shiyan,ch04,yuan,ch04,major,pending,history/city_shiyan__yuan.md,city_shiyan__ch04.yaml,assets/default/town/city_shiyan__ch04,本轮未执行逐城史料检索、规格与渲染；不可视为已完成
city_yichang,ch04,yuan,ch04,major,pending,history/city_yichang__yuan.md,city_yichang__ch04.yaml,assets/default/town/city_yichang__ch04,本轮未执行逐城史料检索、规格与渲染；不可视为已完成
city_guangzhou,ch04,yuan,ch04,major,pending,history/city_guangzhou__yuan.md,city_guangzhou__ch04.yaml,assets/default/town/city_guangzhou__ch04,本轮未执行逐城史料检索、规格与渲染；不可视为已完成
city_zhaoqing,ch04,yuan,ch04,major,pending,history/city_zhaoqing__yuan.md,city_zhaoqing__ch04.yaml,assets/default/town/city_zhaoqing__ch04,本轮未执行逐城史料检索、规格与渲染；不可视为已完成
city_chaozhou,ch04,yuan,ch04,major,pending,history/city_chaozhou__yuan.md,city_chaozhou__ch04.yaml,assets/default/town/city_chaozhou__ch04,本轮未执行逐城史料检索、规格与渲染；不可视为已完成
city_guilin,ch04,yuan,ch04,major,pending,history/city_guilin__yuan.md,city_guilin__ch04.yaml,assets/default/town/city_guilin__ch04,本轮未执行逐城史料检索、规格与渲染；不可视为已完成
city_liuzhou,ch04,yuan,ch04,major,pending,history/city_liuzhou__yuan.md,city_liuzhou__ch04.yaml,assets/default/town/city_liuzhou__ch04,本轮未执行逐城史料检索、规格与渲染；不可视为已完成
city_nanning,ch04,yuan,ch04,major,pending,history/city_nanning__yuan.md,city_nanning__ch04.yaml,assets/default/town/city_nanning__ch04,本轮未执行逐城史料检索、规格与渲染；不可视为已完成
city_haikou,ch04,yuan,ch04,major,pending,history/city_haikou__yuan.md,city_haikou__ch04.yaml,assets/default/town/city_haikou__ch04,本轮未执行逐城史料检索、规格与渲染；不可视为已完成
city_chengdu,ch04,yuan,ch04,major,pending,history/city_chengdu__yuan.md,city_chengdu__ch04.yaml,assets/default/town/city_chengdu__ch04,本轮未执行逐城史料检索、规格与渲染；不可视为已完成
city_chongqing,ch04,yuan,ch04,major,pending,history/city_chongqing__yuan.md,city_chongqing__ch04.yaml,assets/default/town/city_chongqing__ch04,本轮未执行逐城史料检索、规格与渲染；不可视为已完成
city_dujiangyan,ch04,yuan,ch04,major,pending,history/city_dujiangyan__yuan.md,city_dujiangyan__ch04.yaml,assets/default/town/city_dujiangyan__ch04,本轮未执行逐城史料检索、规格与渲染；不可视为已完成
city_leshan,ch04,yuan,ch04,major,pending,history/city_leshan__yuan.md,city_leshan__ch04.yaml,assets/default/town/city_leshan__ch04,本轮未执行逐城史料检索、规格与渲染；不可视为已完成
city_fengjie,ch04,yuan,ch04,major,pending,history/city_fengjie__yuan.md,city_fengjie__ch04.yaml,assets/default/town/city_fengjie__ch04,本轮未执行逐城史料检索、规格与渲染；不可视为已完成
city_lijiang,ch04,yuan,ch04,major,pending,history/city_lijiang__yuan.md,city_lijiang__ch04.yaml,assets/default/town/city_lijiang__ch04,本轮未执行逐城史料检索、规格与渲染；不可视为已完成
city_baoshan,ch04,yuan,ch04,major,pending,history/city_baoshan__yuan.md,city_baoshan__ch04.yaml,assets/default/town/city_baoshan__ch04,本轮未执行逐城史料检索、规格与渲染；不可视为已完成
city_tengchong,ch04,yuan,ch04,major,pending,history/city_tengchong__yuan.md,city_tengchong__ch04.yaml,assets/default/town/city_tengchong__ch04,本轮未执行逐城史料检索、规格与渲染；不可视为已完成
city_qujing,ch04,yuan,ch04,major,pending,history/city_qujing__yuan.md,city_qujing__ch04.yaml,assets/default/town/city_qujing__ch04,本轮未执行逐城史料检索、规格与渲染；不可视为已完成
city_guiyang,ch04,yuan,ch04,major,pending,history/city_guiyang__yuan.md,city_guiyang__ch04.yaml,assets/default/town/city_guiyang__ch04,本轮未执行逐城史料检索、规格与渲染；不可视为已完成
city_shigatse,ch04,yuan,ch04,major,pending,history/city_shigatse__yuan.md,city_shigatse__ch04.yaml,assets/default/town/city_shigatse__ch04,本轮未执行逐城史料检索、规格与渲染；不可视为已完成
city_qamdo,ch04,yuan,ch04,major,pending,history/city_qamdo__yuan.md,city_qamdo__ch04.yaml,assets/default/town/city_qamdo__ch04,本轮未执行逐城史料检索、规格与渲染；不可视为已完成
city_ngari,ch04,yuan,ch04,major,pending,history/city_ngari__yuan.md,city_ngari__ch04.yaml,assets/default/town/city_ngari__ch04,本轮未执行逐城史料检索、规格与渲染；不可视为已完成
city_lanzhou,ch04,yuan,ch04,major,pending,history/city_lanzhou__yuan.md,city_lanzhou__ch04.yaml,assets/default/town/city_lanzhou__ch04,本轮未执行逐城史料检索、规格与渲染；不可视为已完成
city_tianshui,ch04,yuan,ch04,major,pending,history/city_tianshui__yuan.md,city_tianshui__ch04.yaml,assets/default/town/city_tianshui__ch04,本轮未执行逐城史料检索、规格与渲染；不可视为已完成
city_pingliang,ch04,yuan,ch04,major,pending,history/city_pingliang__yuan.md,city_pingliang__ch04.yaml,assets/default/town/city_pingliang__ch04,本轮未执行逐城史料检索、规格与渲染；不可视为已完成
city_wuwei,ch04,yuan,ch04,major,pending,history/city_wuwei__yuan.md,city_wuwei__ch04.yaml,assets/default/town/city_wuwei__ch04,本轮未执行逐城史料检索、规格与渲染；不可视为已完成
city_zhangye,ch04,yuan,ch04,major,pending,history/city_zhangye__yuan.md,city_zhangye__ch04.yaml,assets/default/town/city_zhangye__ch04,本轮未执行逐城史料检索、规格与渲染；不可视为已完成
city_jiuquan,ch04,yuan,ch04,major,pending,history/city_jiuquan__yuan.md,city_jiuquan__ch04.yaml,assets/default/town/city_jiuquan__ch04,本轮未执行逐城史料检索、规格与渲染；不可视为已完成
city_dunhuang,ch04,yuan,ch04,major,pending,history/city_dunhuang__yuan.md,city_dunhuang__ch04.yaml,assets/default/town/city_dunhuang__ch04,本轮未执行逐城史料检索、规格与渲染；不可视为已完成
city_zhongwei,ch04,yuan,ch04,major,pending,history/city_zhongwei__yuan.md,city_zhongwei__ch04.yaml,assets/default/town/city_zhongwei__ch04,本轮未执行逐城史料检索、规格与渲染；不可视为已完成
city_xining,ch04,yuan,ch04,major,pending,history/city_xining__yuan.md,city_xining__ch04.yaml,assets/default/town/city_xining__ch04,本轮未执行逐城史料检索、规格与渲染；不可视为已完成
city_hotan,ch04,yuan,ch04,major,pending,history/city_hotan__yuan.md,city_hotan__ch04.yaml,assets/default/town/city_hotan__ch04,本轮未执行逐城史料检索、规格与渲染；不可视为已完成
city_yarkand,ch04,yuan,ch04,major,pending,history/city_yarkand__yuan.md,city_yarkand__ch04.yaml,assets/default/town/city_yarkand__ch04,本轮未执行逐城史料检索、规格与渲染；不可视为已完成
city_aksu,ch04,yuan,ch04,major,pending,history/city_aksu__yuan.md,city_aksu__ch04.yaml,assets/default/town/city_aksu__ch04,本轮未执行逐城史料检索、规格与渲染；不可视为已完成
city_kuqa,ch04,yuan,ch04,major,pending,history/city_kuqa__yuan.md,city_kuqa__ch04.yaml,assets/default/town/city_kuqa__ch04,本轮未执行逐城史料检索、规格与渲染；不可视为已完成
city_korla,ch04,yuan,ch04,major,pending,history/city_korla__yuan.md,city_korla__ch04.yaml,assets/default/town/city_korla__ch04,本轮未执行逐城史料检索、规格与渲染；不可视为已完成
city_turpan,ch04,yuan,ch04,major,pending,history/city_turpan__yuan.md,city_turpan__ch04.yaml,assets/default/town/city_turpan__ch04,本轮未执行逐城史料检索、规格与渲染；不可视为已完成
city_hami,ch04,yuan,ch04,major,pending,history/city_hami__yuan.md,city_hami__ch04.yaml,assets/default/town/city_hami__ch04,本轮未执行逐城史料检索、规格与渲染；不可视为已完成
city_yining,ch04,yuan,ch04,major,pending,history/city_yining__yuan.md,city_yining__ch04.yaml,assets/default/town/city_yining__ch04,本轮未执行逐城史料检索、规格与渲染；不可视为已完成
city_liaoyang,ch04,yuan,ch04,major,pending,history/city_liaoyang__yuan.md,city_liaoyang__ch04.yaml,assets/default/town/city_liaoyang__ch04,本轮未执行逐城史料检索、规格与渲染；不可视为已完成
city_jinzhou,ch04,yuan,ch04,major,pending,history/city_jinzhou__yuan.md,city_jinzhou__ch04.yaml,assets/default/town/city_jinzhou__ch04,本轮未执行逐城史料检索、规格与渲染；不可视为已完成
city_dandong,ch04,yuan,ch04,major,pending,history/city_dandong__yuan.md,city_dandong__ch04.yaml,assets/default/town/city_dandong__ch04,本轮未执行逐城史料检索、规格与渲染；不可视为已完成
city_yingkou,ch04,yuan,ch04,major,pending,history/city_yingkou__yuan.md,city_yingkou__ch04.yaml,assets/default/town/city_yingkou__ch04,本轮未执行逐城史料检索、规格与渲染；不可视为已完成
city_jilin,ch04,yuan,ch04,major,pending,history/city_jilin__yuan.md,city_jilin__ch04.yaml,assets/default/town/city_jilin__ch04,本轮未执行逐城史料检索、规格与渲染；不可视为已完成
city_chifeng,ch04,yuan,ch04,major,pending,history/city_chifeng__yuan.md,city_chifeng__ch04.yaml,assets/default/town/city_chifeng__ch04,本轮未执行逐城史料检索、规格与渲染；不可视为已完成
city_hohhot,ch04,yuan,ch04,major,pending,history/city_hohhot__yuan.md,city_hohhot__ch04.yaml,assets/default/town/city_hohhot__ch04,本轮未执行逐城史料检索、规格与渲染；不可视为已完成
city_ordos,ch04,yuan,ch04,major,pending,history/city_ordos__yuan.md,city_ordos__ch04.yaml,assets/default/town/city_ordos__ch04,本轮未执行逐城史料检索、规格与渲染；不可视为已完成
city_xilinhot,ch04,yuan,ch04,major,pending,history/city_xilinhot__yuan.md,city_xilinhot__ch04.yaml,assets/default/town/city_xilinhot__ch04,本轮未执行逐城史料检索、规格与渲染；不可视为已完成
city_penghu,ch04,yuan,ch04,major,pending,history/city_penghu__yuan.md,city_penghu__ch04.yaml,assets/default/town/city_penghu__ch04,本轮未执行逐城史料检索、规格与渲染；不可视为已完成
city_hejian,ch04,yuan,ch04,secondary,pending,history/city_hejian__yuan.md,city_hejian__ch04.yaml,assets/default/town/city_hejian__ch04,本轮未执行逐城史料检索、规格与渲染；不可视为已完成
city_qinhuangdao,ch04,yuan,ch04,secondary,pending,history/city_qinhuangdao__yuan.md,city_qinhuangdao__ch04.yaml,assets/default/town/city_qinhuangdao__ch04,本轮未执行逐城史料检索、规格与渲染；不可视为已完成
city_xinxiang,ch04,yuan,ch04,secondary,pending,history/city_xinxiang__yuan.md,city_xinxiang__ch04.yaml,assets/default/town/city_xinxiang__ch04,本轮未执行逐城史料检索、规格与渲染；不可视为已完成
city_jiaozuo,ch04,yuan,ch04,secondary,pending,history/city_jiaozuo__yuan.md,city_jiaozuo__ch04.yaml,assets/default/town/city_jiaozuo__ch04,本轮未执行逐城史料检索、规格与渲染；不可视为已完成
city_xuchang,ch04,yuan,ch04,secondary,pending,history/city_xuchang__yuan.md,city_xuchang__ch04.yaml,assets/default/town/city_xuchang__ch04,本轮未执行逐城史料检索、规格与渲染；不可视为已完成
city_pingdingshan,ch04,yuan,ch04,secondary,pending,history/city_pingdingshan__yuan.md,city_pingdingshan__ch04.yaml,assets/default/town/city_pingdingshan__ch04,本轮未执行逐城史料检索、规格与渲染；不可视为已完成
city_xianyang,ch04,yuan,ch04,secondary,pending,history/city_xianyang__yuan.md,city_xianyang__ch04.yaml,assets/default/town/city_xianyang__ch04,本轮未执行逐城史料检索、规格与渲染；不可视为已完成
city_weinan,ch04,yuan,ch04,secondary,pending,history/city_weinan__yuan.md,city_weinan__ch04.yaml,assets/default/town/city_weinan__ch04,本轮未执行逐城史料检索、规格与渲染；不可视为已完成
city_ankang,ch04,yuan,ch04,secondary,pending,history/city_ankang__yuan.md,city_ankang__ch04.yaml,assets/default/town/city_ankang__ch04,本轮未执行逐城史料检索、规格与渲染；不可视为已完成
city_shangluo,ch04,yuan,ch04,secondary,pending,history/city_shangluo__yuan.md,city_shangluo__ch04.yaml,assets/default/town/city_shangluo__ch04,本轮未执行逐城史料检索、规格与渲染；不可视为已完成
city_pingyao,ch04,yuan,ch04,secondary,pending,history/city_pingyao__yuan.md,city_pingyao__ch04.yaml,assets/default/town/city_pingyao__ch04,本轮未执行逐城史料检索、规格与渲染；不可视为已完成
city_xinzhou,ch04,yuan,ch04,secondary,pending,history/city_xinzhou__yuan.md,city_xinzhou__ch04.yaml,assets/default/town/city_xinzhou__ch04,本轮未执行逐城史料检索、规格与渲染；不可视为已完成
city_jincheng,ch04,yuan,ch04,secondary,pending,history/city_jincheng__yuan.md,city_jincheng__ch04.yaml,assets/default/town/city_jincheng__ch04,本轮未执行逐城史料检索、规格与渲染；不可视为已完成
city_liaocheng,ch04,yuan,ch04,secondary,pending,history/city_liaocheng__yuan.md,city_liaocheng__ch04.yaml,assets/default/town/city_liaocheng__ch04,本轮未执行逐城史料检索、规格与渲染；不可视为已完成
city_linyi,ch04,yuan,ch04,secondary,pending,history/city_linyi__yuan.md,city_linyi__ch04.yaml,assets/default/town/city_linyi__ch04,本轮未执行逐城史料检索、规格与渲染；不可视为已完成
city_weihai,ch04,yuan,ch04,secondary,pending,history/city_weihai__yuan.md,city_weihai__ch04.yaml,assets/default/town/city_weihai__ch04,本轮未执行逐城史料检索、规格与渲染；不可视为已完成
city_zibo,ch04,yuan,ch04,secondary,pending,history/city_zibo__yuan.md,city_zibo__ch04.yaml,assets/default/town/city_zibo__ch04,本轮未执行逐城史料检索、规格与渲染；不可视为已完成
city_dongping,ch04,yuan,ch04,secondary,pending,history/city_dongping__yuan.md,city_dongping__ch04.yaml,assets/default/town/city_dongping__ch04,本轮未执行逐城史料检索、规格与渲染；不可视为已完成
city_lianyungang,ch04,yuan,ch04,secondary,pending,history/city_lianyungang__yuan.md,city_lianyungang__ch04.yaml,assets/default/town/city_lianyungang__ch04,本轮未执行逐城史料检索、规格与渲染；不可视为已完成
city_fuyang,ch04,yuan,ch04,secondary,pending,history/city_fuyang__yuan.md,city_fuyang__ch04.yaml,assets/default/town/city_fuyang__ch04,本轮未执行逐城史料检索、规格与渲染；不可视为已完成
city_jinhua,ch04,yuan,ch04,secondary,pending,history/city_jinhua__yuan.md,city_jinhua__ch04.yaml,assets/default/town/city_jinhua__ch04,本轮未执行逐城史料检索、规格与渲染；不可视为已完成
city_quzhou,ch04,yuan,ch04,secondary,pending,history/city_quzhou__yuan.md,city_quzhou__ch04.yaml,assets/default/town/city_quzhou__ch04,本轮未执行逐城史料检索、规格与渲染；不可视为已完成
city_huzhou,ch04,yuan,ch04,secondary,pending,history/city_huzhou__yuan.md,city_huzhou__ch04.yaml,assets/default/town/city_huzhou__ch04,本轮未执行逐城史料检索、规格与渲染；不可视为已完成
city_changzhou,ch04,yuan,ch04,secondary,pending,history/city_changzhou__yuan.md,city_changzhou__ch04.yaml,assets/default/town/city_changzhou__ch04,本轮未执行逐城史料检索、规格与渲染；不可视为已完成
city_wuyishan,ch04,yuan,ch04,secondary,pending,history/city_wuyishan__yuan.md,city_wuyishan__ch04.yaml,assets/default/town/city_wuyishan__ch04,本轮未执行逐城史料检索、规格与渲染；不可视为已完成
city_shangrao,ch04,yuan,ch04,secondary,pending,history/city_shangrao__yuan.md,city_shangrao__ch04.yaml,assets/default/town/city_shangrao__ch04,本轮未执行逐城史料检索、规格与渲染；不可视为已完成
city_chenzhou,ch04,yuan,ch04,secondary,pending,history/city_chenzhou__yuan.md,city_chenzhou__ch04.yaml,assets/default/town/city_chenzhou__ch04,本轮未执行逐城史料检索、规格与渲染；不可视为已完成
city_enshi,ch04,yuan,ch04,secondary,pending,history/city_enshi__yuan.md,city_enshi__ch04.yaml,assets/default/town/city_enshi__ch04,本轮未执行逐城史料检索、规格与渲染；不可视为已完成
city_chenzhou_yuanling,ch04,yuan,ch04,secondary,pending,history/city_chenzhou_yuanling__yuan.md,city_chenzhou_yuanling__ch04.yaml,assets/default/town/city_chenzhou_yuanling__ch04,本轮未执行逐城史料检索、规格与渲染；不可视为已完成
city_jingmen,ch04,yuan,ch04,secondary,pending,history/city_jingmen__yuan.md,city_jingmen__ch04.yaml,assets/default/town/city_jingmen__ch04,本轮未执行逐城史料检索、规格与渲染；不可视为已完成
city_shaoguan,ch04,yuan,ch04,secondary,pending,history/city_shaoguan__yuan.md,city_shaoguan__ch04.yaml,assets/default/town/city_shaoguan__ch04,本轮未执行逐城史料检索、规格与渲染；不可视为已完成
city_sanya,ch04,yuan,ch04,secondary,pending,history/city_sanya__yuan.md,city_sanya__ch04.yaml,assets/default/town/city_sanya__ch04,本轮未执行逐城史料检索、规格与渲染；不可视为已完成
city_meishan,ch04,yuan,ch04,secondary,pending,history/city_meishan__yuan.md,city_meishan__ch04.yaml,assets/default/town/city_meishan__ch04,本轮未执行逐城史料检索、规格与渲染；不可视为已完成
city_yaan,ch04,yuan,ch04,secondary,pending,history/city_yaan__yuan.md,city_yaan__ch04.yaml,assets/default/town/city_yaan__ch04,本轮未执行逐城史料检索、规格与渲染；不可视为已完成
city_dazhou,ch04,yuan,ch04,secondary,pending,history/city_dazhou__yuan.md,city_dazhou__ch04.yaml,assets/default/town/city_dazhou__ch04,本轮未执行逐城史料检索、规格与渲染；不可视为已完成
city_bazhong,ch04,yuan,ch04,secondary,pending,history/city_bazhong__yuan.md,city_bazhong__ch04.yaml,assets/default/town/city_bazhong__ch04,本轮未执行逐城史料检索、规格与渲染；不可视为已完成
city_langzhong,ch04,yuan,ch04,secondary,pending,history/city_langzhong__yuan.md,city_langzhong__ch04.yaml,assets/default/town/city_langzhong__ch04,本轮未执行逐城史料检索、规格与渲染；不可视为已完成
city_zunyi,ch04,yuan,ch04,secondary,pending,history/city_zunyi__yuan.md,city_zunyi__ch04.yaml,assets/default/town/city_zunyi__ch04,本轮未执行逐城史料检索、规格与渲染；不可视为已完成
city_jinghong,ch04,yuan,ch04,secondary,pending,history/city_jinghong__yuan.md,city_jinghong__ch04.yaml,assets/default/town/city_jinghong__ch04,本轮未执行逐城史料检索、规格与渲染；不可视为已完成
city_gyantse,ch04,yuan,ch04,secondary,pending,history/city_gyantse__yuan.md,city_gyantse__ch04.yaml,assets/default/town/city_gyantse__ch04,本轮未执行逐城史料检索、规格与渲染；不可视为已完成
city_yushu,ch04,yuan,ch04,secondary,pending,history/city_yushu__yuan.md,city_yushu__ch04.yaml,assets/default/town/city_yushu__ch04,本轮未执行逐城史料检索、规格与渲染；不可视为已完成
city_altay,ch04,yuan,ch04,secondary,pending,history/city_altay__yuan.md,city_altay__ch04.yaml,assets/default/town/city_altay__ch04,本轮未执行逐城史料检索、规格与渲染；不可视为已完成
city_xingcheng,ch04,yuan,ch04,secondary,pending,history/city_xingcheng__yuan.md,city_xingcheng__ch04.yaml,assets/default/town/city_xingcheng__ch04,本轮未执行逐城史料检索、规格与渲染；不可视为已完成
city_khotan_kunlun,ch04,yuan,ch04,site,pending,history/city_khotan_kunlun__yuan.md,city_khotan_kunlun__ch04.yaml,assets/default/town/city_khotan_kunlun__ch04,本轮未执行逐城史料检索、规格与渲染；不可视为已完成
city_taohuadao,ch04,yuan,ch04,site,pending,history/city_taohuadao__yuan.md,city_taohuadao__ch04.yaml,assets/default/town/city_taohuadao__ch04,本轮未执行逐城史料检索、规格与渲染；不可视为已完成
city_lingshedao,ch04,yuan,ch04,site,pending,history/city_lingshedao__yuan.md,city_lingshedao__ch04.yaml,assets/default/town/city_lingshedao__ch04,本轮未执行逐城史料检索、规格与渲染；不可视为已完成
city_binghuodao,ch04,yuan,ch04,site,pending,history/city_binghuodao__yuan.md,city_binghuodao__ch04.yaml,assets/default/town/city_binghuodao__ch04,本轮未执行逐城史料检索、规格与渲染；不可视为已完成
city_wangpanshan,ch04,yuan,ch04,site,pending,history/city_wangpanshan__yuan.md,city_wangpanshan__ch04.yaml,assets/default/town/city_wangpanshan__ch04,本轮未执行逐城史料检索、规格与渲染；不可视为已完成
city_beijing,ch05,ming,ch05,capital,pending,history/city_beijing__ming.md,city_beijing__ch05.yaml,assets/default/town/city_beijing__ch05,本轮未执行逐城史料检索、规格与渲染；不可视为已完成
city_kaifeng,ch05,ming,ch05,capital,pending,history/city_kaifeng__ming.md,city_kaifeng__ch05.yaml,assets/default/town/city_kaifeng__ch05,本轮未执行逐城史料检索、规格与渲染；不可视为已完成
city_luoyang,ch05,ming,ch05,capital,pending,history/city_luoyang__ming.md,city_luoyang__ch05.yaml,assets/default/town/city_luoyang__ch05,本轮未执行逐城史料检索、规格与渲染；不可视为已完成
city_datong,ch05,ming,ch05,capital,pending,history/city_datong__ming.md,city_datong__ch05.yaml,assets/default/town/city_datong__ch05,本轮未执行逐城史料检索、规格与渲染；不可视为已完成
city_nanjing,ch05,ming,ch05,capital,pending,history/city_nanjing__ming.md,city_nanjing__ch05.yaml,assets/default/town/city_nanjing__ch05,本轮未执行逐城史料检索、规格与渲染；不可视为已完成
city_hangzhou,ch05,ming,ch05,capital,pending,history/city_hangzhou__ming.md,city_hangzhou__ch05.yaml,assets/default/town/city_hangzhou__ch05,本轮未执行逐城史料检索、规格与渲染；不可视为已完成
city_kunming,ch05,ming,ch05,capital,pending,history/city_kunming__ming.md,city_kunming__ch05.yaml,assets/default/town/city_kunming__ch05,本轮未执行逐城史料检索、规格与渲染；不可视为已完成
city_dali,ch05,ming,ch05,capital,pending,history/city_dali__ming.md,city_dali__ch05.yaml,assets/default/town/city_dali__ch05,本轮未执行逐城史料检索、规格与渲染；不可视为已完成
city_lhasa,ch05,ming,ch05,capital,pending,history/city_lhasa__ming.md,city_lhasa__ch05.yaml,assets/default/town/city_lhasa__ch05,本轮未执行逐城史料检索、规格与渲染；不可视为已完成
city_yinchuan,ch05,ming,ch05,capital,pending,history/city_yinchuan__ming.md,city_yinchuan__ch05.yaml,assets/default/town/city_yinchuan__ch05,本轮未执行逐城史料检索、规格与渲染；不可视为已完成
city_kashgar,ch05,ming,ch05,capital,pending,history/city_kashgar__ming.md,city_kashgar__ch05.yaml,assets/default/town/city_kashgar__ch05,本轮未执行逐城史料检索、规格与渲染；不可视为已完成
city_shenyang,ch05,ming,ch05,capital,pending,history/city_shenyang__ming.md,city_shenyang__ch05.yaml,assets/default/town/city_shenyang__ch05,本轮未执行逐城史料检索、规格与渲染；不可视为已完成
city_tianjin,ch05,ming,ch05,major,pending,history/city_tianjin__ming.md,city_tianjin__ch05.yaml,assets/default/town/city_tianjin__ch05,本轮未执行逐城史料检索、规格与渲染；不可视为已完成
city_baoding,ch05,ming,ch05,major,pending,history/city_baoding__ming.md,city_baoding__ch05.yaml,assets/default/town/city_baoding__ch05,本轮未执行逐城史料检索、规格与渲染；不可视为已完成
city_zhengding,ch05,ming,ch05,major,pending,history/city_zhengding__ming.md,city_zhengding__ch05.yaml,assets/default/town/city_zhengding__ch05,本轮未执行逐城史料检索、规格与渲染；不可视为已完成
city_cangzhou,ch05,ming,ch05,major,pending,history/city_cangzhou__ming.md,city_cangzhou__ch05.yaml,assets/default/town/city_cangzhou__ch05,本轮未执行逐城史料检索、规格与渲染；不可视为已完成
city_zhangjiakou,ch05,ming,ch05,major,pending,history/city_zhangjiakou__ming.md,city_zhangjiakou__ch05.yaml,assets/default/town/city_zhangjiakou__ch05,本轮未执行逐城史料检索、规格与渲染；不可视为已完成
city_shanhaiguan,ch05,ming,ch05,major,pending,history/city_shanhaiguan__ming.md,city_shanhaiguan__ch05.yaml,assets/default/town/city_shanhaiguan__ch05,本轮未执行逐城史料检索、规格与渲染；不可视为已完成
city_zhengzhou,ch05,ming,ch05,major,pending,history/city_zhengzhou__ming.md,city_zhengzhou__ch05.yaml,assets/default/town/city_zhengzhou__ch05,本轮未执行逐城史料检索、规格与渲染；不可视为已完成
city_dengfeng,ch05,ming,ch05,major,pending,history/city_dengfeng__ming.md,city_dengfeng__ch05.yaml,assets/default/town/city_dengfeng__ch05,本轮未执行逐城史料检索、规格与渲染；不可视为已完成
city_anyang,ch05,ming,ch05,major,pending,history/city_anyang__ming.md,city_anyang__ch05.yaml,assets/default/town/city_anyang__ch05,本轮未执行逐城史料检索、规格与渲染；不可视为已完成
city_shangqiu,ch05,ming,ch05,major,pending,history/city_shangqiu__ming.md,city_shangqiu__ch05.yaml,assets/default/town/city_shangqiu__ch05,本轮未执行逐城史料检索、规格与渲染；不可视为已完成
city_nanyang,ch05,ming,ch05,major,pending,history/city_nanyang__ming.md,city_nanyang__ch05.yaml,assets/default/town/city_nanyang__ch05,本轮未执行逐城史料检索、规格与渲染；不可视为已完成
city_xinyang,ch05,ming,ch05,major,pending,history/city_xinyang__ming.md,city_xinyang__ch05.yaml,assets/default/town/city_xinyang__ch05,本轮未执行逐城史料检索、规格与渲染；不可视为已完成
city_xian,ch05,ming,ch05,major,pending,history/city_xian__ming.md,city_xian__ch05.yaml,assets/default/town/city_xian__ch05,本轮未执行逐城史料检索、规格与渲染；不可视为已完成
city_huayin,ch05,ming,ch05,major,pending,history/city_huayin__ming.md,city_huayin__ch05.yaml,assets/default/town/city_huayin__ch05,本轮未执行逐城史料检索、规格与渲染；不可视为已完成
city_baoji,ch05,ming,ch05,major,pending,history/city_baoji__ming.md,city_baoji__ch05.yaml,assets/default/town/city_baoji__ch05,本轮未执行逐城史料检索、规格与渲染；不可视为已完成
city_hanzhong,ch05,ming,ch05,major,pending,history/city_hanzhong__ming.md,city_hanzhong__ch05.yaml,assets/default/town/city_hanzhong__ch05,本轮未执行逐城史料检索、规格与渲染；不可视为已完成
city_yanan,ch05,ming,ch05,major,pending,history/city_yanan__ming.md,city_yanan__ch05.yaml,assets/default/town/city_yanan__ch05,本轮未执行逐城史料检索、规格与渲染；不可视为已完成
city_yulin,ch05,ming,ch05,major,pending,history/city_yulin__ming.md,city_yulin__ch05.yaml,assets/default/town/city_yulin__ch05,本轮未执行逐城史料检索、规格与渲染；不可视为已完成
city_taiyuan,ch05,ming,ch05,major,pending,history/city_taiyuan__ming.md,city_taiyuan__ch05.yaml,assets/default/town/city_taiyuan__ch05,本轮未执行逐城史料检索、规格与渲染；不可视为已完成
city_yuncheng,ch05,ming,ch05,major,pending,history/city_yuncheng__ming.md,city_yuncheng__ch05.yaml,assets/default/town/city_yuncheng__ch05,本轮未执行逐城史料检索、规格与渲染；不可视为已完成
city_linfen,ch05,ming,ch05,major,pending,history/city_linfen__ming.md,city_linfen__ch05.yaml,assets/default/town/city_linfen__ch05,本轮未执行逐城史料检索、规格与渲染；不可视为已完成
city_changzhi,ch05,ming,ch05,major,pending,history/city_changzhi__ming.md,city_changzhi__ch05.yaml,assets/default/town/city_changzhi__ch05,本轮未执行逐城史料检索、规格与渲染；不可视为已完成
city_shuozhou,ch05,ming,ch05,major,pending,history/city_shuozhou__ming.md,city_shuozhou__ch05.yaml,assets/default/town/city_shuozhou__ch05,本轮未执行逐城史料检索、规格与渲染；不可视为已完成
city_jinan,ch05,ming,ch05,major,pending,history/city_jinan__ming.md,city_jinan__ch05.yaml,assets/default/town/city_jinan__ch05,本轮未执行逐城史料检索、规格与渲染；不可视为已完成
city_qufu,ch05,ming,ch05,major,pending,history/city_qufu__ming.md,city_qufu__ch05.yaml,assets/default/town/city_qufu__ch05,本轮未执行逐城史料检索、规格与渲染；不可视为已完成
city_taian,ch05,ming,ch05,major,pending,history/city_taian__ming.md,city_taian__ch05.yaml,assets/default/town/city_taian__ch05,本轮未执行逐城史料检索、规格与渲染；不可视为已完成
city_qingzhou,ch05,ming,ch05,major,pending,history/city_qingzhou__ming.md,city_qingzhou__ch05.yaml,assets/default/town/city_qingzhou__ch05,本轮未执行逐城史料检索、规格与渲染；不可视为已完成
city_dezhou,ch05,ming,ch05,major,pending,history/city_dezhou__ming.md,city_dezhou__ch05.yaml,assets/default/town/city_dezhou__ch05,本轮未执行逐城史料检索、规格与渲染；不可视为已完成
city_yantai,ch05,ming,ch05,major,pending,history/city_yantai__ming.md,city_yantai__ch05.yaml,assets/default/town/city_yantai__ch05,本轮未执行逐城史料检索、规格与渲染；不可视为已完成
city_penglai,ch05,ming,ch05,major,pending,history/city_penglai__ming.md,city_penglai__ch05.yaml,assets/default/town/city_penglai__ch05,本轮未执行逐城史料检索、规格与渲染；不可视为已完成
city_yangzhou,ch05,ming,ch05,major,pending,history/city_yangzhou__ming.md,city_yangzhou__ch05.yaml,assets/default/town/city_yangzhou__ch05,本轮未执行逐城史料检索、规格与渲染；不可视为已完成
city_zhenjiang,ch05,ming,ch05,major,pending,history/city_zhenjiang__ming.md,city_zhenjiang__ch05.yaml,assets/default/town/city_zhenjiang__ch05,本轮未执行逐城史料检索、规格与渲染；不可视为已完成
city_xuzhou,ch05,ming,ch05,major,pending,history/city_xuzhou__ming.md,city_xuzhou__ch05.yaml,assets/default/town/city_xuzhou__ch05,本轮未执行逐城史料检索、规格与渲染；不可视为已完成
city_hefei,ch05,ming,ch05,major,pending,history/city_hefei__ming.md,city_hefei__ch05.yaml,assets/default/town/city_hefei__ch05,本轮未执行逐城史料检索、规格与渲染；不可视为已完成
city_anqing,ch05,ming,ch05,major,pending,history/city_anqing__ming.md,city_anqing__ch05.yaml,assets/default/town/city_anqing__ch05,本轮未执行逐城史料检索、规格与渲染；不可视为已完成
city_wuhu,ch05,ming,ch05,major,pending,history/city_wuhu__ming.md,city_wuhu__ch05.yaml,assets/default/town/city_wuhu__ch05,本轮未执行逐城史料检索、规格与渲染；不可视为已完成
city_huangshan,ch05,ming,ch05,major,pending,history/city_huangshan__ming.md,city_huangshan__ch05.yaml,assets/default/town/city_huangshan__ch05,本轮未执行逐城史料检索、规格与渲染；不可视为已完成
city_suzhou,ch05,ming,ch05,major,pending,history/city_suzhou__ming.md,city_suzhou__ch05.yaml,assets/default/town/city_suzhou__ch05,本轮未执行逐城史料检索、规格与渲染；不可视为已完成
city_wuxi,ch05,ming,ch05,major,pending,history/city_wuxi__ming.md,city_wuxi__ch05.yaml,assets/default/town/city_wuxi__ch05,本轮未执行逐城史料检索、规格与渲染；不可视为已完成
city_jiaxing,ch05,ming,ch05,major,pending,history/city_jiaxing__ming.md,city_jiaxing__ch05.yaml,assets/default/town/city_jiaxing__ch05,本轮未执行逐城史料检索、规格与渲染；不可视为已完成
city_shaoxing,ch05,ming,ch05,major,pending,history/city_shaoxing__ming.md,city_shaoxing__ch05.yaml,assets/default/town/city_shaoxing__ch05,本轮未执行逐城史料检索、规格与渲染；不可视为已完成
city_ningbo,ch05,ming,ch05,major,pending,history/city_ningbo__ming.md,city_ningbo__ch05.yaml,assets/default/town/city_ningbo__ch05,本轮未执行逐城史料检索、规格与渲染；不可视为已完成
city_zhoushan,ch05,ming,ch05,major,pending,history/city_zhoushan__ming.md,city_zhoushan__ch05.yaml,assets/default/town/city_zhoushan__ch05,本轮未执行逐城史料检索、规格与渲染；不可视为已完成
city_wenzhou,ch05,ming,ch05,major,pending,history/city_wenzhou__ming.md,city_wenzhou__ch05.yaml,assets/default/town/city_wenzhou__ch05,本轮未执行逐城史料检索、规格与渲染；不可视为已完成
city_fuzhou,ch05,ming,ch05,major,pending,history/city_fuzhou__ming.md,city_fuzhou__ch05.yaml,assets/default/town/city_fuzhou__ch05,本轮未执行逐城史料检索、规格与渲染；不可视为已完成
city_quanzhou,ch05,ming,ch05,major,pending,history/city_quanzhou__ming.md,city_quanzhou__ch05.yaml,assets/default/town/city_quanzhou__ch05,本轮未执行逐城史料检索、规格与渲染；不可视为已完成
city_putian,ch05,ming,ch05,major,pending,history/city_putian__ming.md,city_putian__ch05.yaml,assets/default/town/city_putian__ch05,本轮未执行逐城史料检索、规格与渲染；不可视为已完成
city_xiamen,ch05,ming,ch05,major,pending,history/city_xiamen__ming.md,city_xiamen__ch05.yaml,assets/default/town/city_xiamen__ch05,本轮未执行逐城史料检索、规格与渲染；不可视为已完成
city_zhangzhou,ch05,ming,ch05,major,pending,history/city_zhangzhou__ming.md,city_zhangzhou__ch05.yaml,assets/default/town/city_zhangzhou__ch05,本轮未执行逐城史料检索、规格与渲染；不可视为已完成
city_nanchang,ch05,ming,ch05,major,pending,history/city_nanchang__ming.md,city_nanchang__ch05.yaml,assets/default/town/city_nanchang__ch05,本轮未执行逐城史料检索、规格与渲染；不可视为已完成
city_jiujiang,ch05,ming,ch05,major,pending,history/city_jiujiang__ming.md,city_jiujiang__ch05.yaml,assets/default/town/city_jiujiang__ch05,本轮未执行逐城史料检索、规格与渲染；不可视为已完成
city_ganzhou,ch05,ming,ch05,major,pending,history/city_ganzhou__ming.md,city_ganzhou__ch05.yaml,assets/default/town/city_ganzhou__ch05,本轮未执行逐城史料检索、规格与渲染；不可视为已完成
city_jingdezhen,ch05,ming,ch05,major,pending,history/city_jingdezhen__ming.md,city_jingdezhen__ch05.yaml,assets/default/town/city_jingdezhen__ch05,本轮未执行逐城史料检索、规格与渲染；不可视为已完成
city_wuhan,ch05,ming,ch05,major,pending,history/city_wuhan__ming.md,city_wuhan__ch05.yaml,assets/default/town/city_wuhan__ch05,本轮未执行逐城史料检索、规格与渲染；不可视为已完成
city_xiangyang,ch05,ming,ch05,major,pending,history/city_xiangyang__ming.md,city_xiangyang__ch05.yaml,assets/default/town/city_xiangyang__ch05,本轮未执行逐城史料检索、规格与渲染；不可视为已完成
city_jingzhou,ch05,ming,ch05,major,pending,history/city_jingzhou__ming.md,city_jingzhou__ch05.yaml,assets/default/town/city_jingzhou__ch05,本轮未执行逐城史料检索、规格与渲染；不可视为已完成
city_yueyang,ch05,ming,ch05,major,pending,history/city_yueyang__ming.md,city_yueyang__ch05.yaml,assets/default/town/city_yueyang__ch05,本轮未执行逐城史料检索、规格与渲染；不可视为已完成
city_changsha,ch05,ming,ch05,major,pending,history/city_changsha__ming.md,city_changsha__ch05.yaml,assets/default/town/city_changsha__ch05,本轮未执行逐城史料检索、规格与渲染；不可视为已完成
city_hengyang,ch05,ming,ch05,major,pending,history/city_hengyang__ming.md,city_hengyang__ch05.yaml,assets/default/town/city_hengyang__ch05,本轮未执行逐城史料检索、规格与渲染；不可视为已完成
city_shiyan,ch05,ming,ch05,major,pending,history/city_shiyan__ming.md,city_shiyan__ch05.yaml,assets/default/town/city_shiyan__ch05,本轮未执行逐城史料检索、规格与渲染；不可视为已完成
city_yichang,ch05,ming,ch05,major,pending,history/city_yichang__ming.md,city_yichang__ch05.yaml,assets/default/town/city_yichang__ch05,本轮未执行逐城史料检索、规格与渲染；不可视为已完成
city_guangzhou,ch05,ming,ch05,major,pending,history/city_guangzhou__ming.md,city_guangzhou__ch05.yaml,assets/default/town/city_guangzhou__ch05,本轮未执行逐城史料检索、规格与渲染；不可视为已完成
city_foshan,ch05,ming,ch05,major,pending,history/city_foshan__ming.md,city_foshan__ch05.yaml,assets/default/town/city_foshan__ch05,本轮未执行逐城史料检索、规格与渲染；不可视为已完成
city_zhaoqing,ch05,ming,ch05,major,pending,history/city_zhaoqing__ming.md,city_zhaoqing__ch05.yaml,assets/default/town/city_zhaoqing__ch05,本轮未执行逐城史料检索、规格与渲染；不可视为已完成
city_chaozhou,ch05,ming,ch05,major,pending,history/city_chaozhou__ming.md,city_chaozhou__ch05.yaml,assets/default/town/city_chaozhou__ch05,本轮未执行逐城史料检索、规格与渲染；不可视为已完成
city_guilin,ch05,ming,ch05,major,pending,history/city_guilin__ming.md,city_guilin__ch05.yaml,assets/default/town/city_guilin__ch05,本轮未执行逐城史料检索、规格与渲染；不可视为已完成
city_liuzhou,ch05,ming,ch05,major,pending,history/city_liuzhou__ming.md,city_liuzhou__ch05.yaml,assets/default/town/city_liuzhou__ch05,本轮未执行逐城史料检索、规格与渲染；不可视为已完成
city_nanning,ch05,ming,ch05,major,pending,history/city_nanning__ming.md,city_nanning__ch05.yaml,assets/default/town/city_nanning__ch05,本轮未执行逐城史料检索、规格与渲染；不可视为已完成
city_haikou,ch05,ming,ch05,major,pending,history/city_haikou__ming.md,city_haikou__ch05.yaml,assets/default/town/city_haikou__ch05,本轮未执行逐城史料检索、规格与渲染；不可视为已完成
city_chengdu,ch05,ming,ch05,major,pending,history/city_chengdu__ming.md,city_chengdu__ch05.yaml,assets/default/town/city_chengdu__ch05,本轮未执行逐城史料检索、规格与渲染；不可视为已完成
city_chongqing,ch05,ming,ch05,major,pending,history/city_chongqing__ming.md,city_chongqing__ch05.yaml,assets/default/town/city_chongqing__ch05,本轮未执行逐城史料检索、规格与渲染；不可视为已完成
city_dujiangyan,ch05,ming,ch05,major,pending,history/city_dujiangyan__ming.md,city_dujiangyan__ch05.yaml,assets/default/town/city_dujiangyan__ch05,本轮未执行逐城史料检索、规格与渲染；不可视为已完成
city_leshan,ch05,ming,ch05,major,pending,history/city_leshan__ming.md,city_leshan__ch05.yaml,assets/default/town/city_leshan__ch05,本轮未执行逐城史料检索、规格与渲染；不可视为已完成
city_fengjie,ch05,ming,ch05,major,pending,history/city_fengjie__ming.md,city_fengjie__ch05.yaml,assets/default/town/city_fengjie__ch05,本轮未执行逐城史料检索、规格与渲染；不可视为已完成
city_lijiang,ch05,ming,ch05,major,pending,history/city_lijiang__ming.md,city_lijiang__ch05.yaml,assets/default/town/city_lijiang__ch05,本轮未执行逐城史料检索、规格与渲染；不可视为已完成
city_baoshan,ch05,ming,ch05,major,pending,history/city_baoshan__ming.md,city_baoshan__ch05.yaml,assets/default/town/city_baoshan__ch05,本轮未执行逐城史料检索、规格与渲染；不可视为已完成
city_tengchong,ch05,ming,ch05,major,pending,history/city_tengchong__ming.md,city_tengchong__ch05.yaml,assets/default/town/city_tengchong__ch05,本轮未执行逐城史料检索、规格与渲染；不可视为已完成
city_qujing,ch05,ming,ch05,major,pending,history/city_qujing__ming.md,city_qujing__ch05.yaml,assets/default/town/city_qujing__ch05,本轮未执行逐城史料检索、规格与渲染；不可视为已完成
city_guiyang,ch05,ming,ch05,major,pending,history/city_guiyang__ming.md,city_guiyang__ch05.yaml,assets/default/town/city_guiyang__ch05,本轮未执行逐城史料检索、规格与渲染；不可视为已完成
city_shigatse,ch05,ming,ch05,major,pending,history/city_shigatse__ming.md,city_shigatse__ch05.yaml,assets/default/town/city_shigatse__ch05,本轮未执行逐城史料检索、规格与渲染；不可视为已完成
city_qamdo,ch05,ming,ch05,major,pending,history/city_qamdo__ming.md,city_qamdo__ch05.yaml,assets/default/town/city_qamdo__ch05,本轮未执行逐城史料检索、规格与渲染；不可视为已完成
city_ngari,ch05,ming,ch05,major,pending,history/city_ngari__ming.md,city_ngari__ch05.yaml,assets/default/town/city_ngari__ch05,本轮未执行逐城史料检索、规格与渲染；不可视为已完成
city_lanzhou,ch05,ming,ch05,major,pending,history/city_lanzhou__ming.md,city_lanzhou__ch05.yaml,assets/default/town/city_lanzhou__ch05,本轮未执行逐城史料检索、规格与渲染；不可视为已完成
city_tianshui,ch05,ming,ch05,major,pending,history/city_tianshui__ming.md,city_tianshui__ch05.yaml,assets/default/town/city_tianshui__ch05,本轮未执行逐城史料检索、规格与渲染；不可视为已完成
city_pingliang,ch05,ming,ch05,major,pending,history/city_pingliang__ming.md,city_pingliang__ch05.yaml,assets/default/town/city_pingliang__ch05,本轮未执行逐城史料检索、规格与渲染；不可视为已完成
city_wuwei,ch05,ming,ch05,major,pending,history/city_wuwei__ming.md,city_wuwei__ch05.yaml,assets/default/town/city_wuwei__ch05,本轮未执行逐城史料检索、规格与渲染；不可视为已完成
city_zhangye,ch05,ming,ch05,major,pending,history/city_zhangye__ming.md,city_zhangye__ch05.yaml,assets/default/town/city_zhangye__ch05,本轮未执行逐城史料检索、规格与渲染；不可视为已完成
city_jiuquan,ch05,ming,ch05,major,pending,history/city_jiuquan__ming.md,city_jiuquan__ch05.yaml,assets/default/town/city_jiuquan__ch05,本轮未执行逐城史料检索、规格与渲染；不可视为已完成
city_dunhuang,ch05,ming,ch05,major,pending,history/city_dunhuang__ming.md,city_dunhuang__ch05.yaml,assets/default/town/city_dunhuang__ch05,本轮未执行逐城史料检索、规格与渲染；不可视为已完成
city_zhongwei,ch05,ming,ch05,major,pending,history/city_zhongwei__ming.md,city_zhongwei__ch05.yaml,assets/default/town/city_zhongwei__ch05,本轮未执行逐城史料检索、规格与渲染；不可视为已完成
city_xining,ch05,ming,ch05,major,pending,history/city_xining__ming.md,city_xining__ch05.yaml,assets/default/town/city_xining__ch05,本轮未执行逐城史料检索、规格与渲染；不可视为已完成
city_hotan,ch05,ming,ch05,major,pending,history/city_hotan__ming.md,city_hotan__ch05.yaml,assets/default/town/city_hotan__ch05,本轮未执行逐城史料检索、规格与渲染；不可视为已完成
city_yarkand,ch05,ming,ch05,major,pending,history/city_yarkand__ming.md,city_yarkand__ch05.yaml,assets/default/town/city_yarkand__ch05,本轮未执行逐城史料检索、规格与渲染；不可视为已完成
city_aksu,ch05,ming,ch05,major,pending,history/city_aksu__ming.md,city_aksu__ch05.yaml,assets/default/town/city_aksu__ch05,本轮未执行逐城史料检索、规格与渲染；不可视为已完成
city_kuqa,ch05,ming,ch05,major,pending,history/city_kuqa__ming.md,city_kuqa__ch05.yaml,assets/default/town/city_kuqa__ch05,本轮未执行逐城史料检索、规格与渲染；不可视为已完成
city_korla,ch05,ming,ch05,major,pending,history/city_korla__ming.md,city_korla__ch05.yaml,assets/default/town/city_korla__ch05,本轮未执行逐城史料检索、规格与渲染；不可视为已完成
city_turpan,ch05,ming,ch05,major,pending,history/city_turpan__ming.md,city_turpan__ch05.yaml,assets/default/town/city_turpan__ch05,本轮未执行逐城史料检索、规格与渲染；不可视为已完成
city_hami,ch05,ming,ch05,major,pending,history/city_hami__ming.md,city_hami__ch05.yaml,assets/default/town/city_hami__ch05,本轮未执行逐城史料检索、规格与渲染；不可视为已完成
city_yining,ch05,ming,ch05,major,pending,history/city_yining__ming.md,city_yining__ch05.yaml,assets/default/town/city_yining__ch05,本轮未执行逐城史料检索、规格与渲染；不可视为已完成
city_liaoyang,ch05,ming,ch05,major,pending,history/city_liaoyang__ming.md,city_liaoyang__ch05.yaml,assets/default/town/city_liaoyang__ch05,本轮未执行逐城史料检索、规格与渲染；不可视为已完成
city_jinzhou,ch05,ming,ch05,major,pending,history/city_jinzhou__ming.md,city_jinzhou__ch05.yaml,assets/default/town/city_jinzhou__ch05,本轮未执行逐城史料检索、规格与渲染；不可视为已完成
city_dandong,ch05,ming,ch05,major,pending,history/city_dandong__ming.md,city_dandong__ch05.yaml,assets/default/town/city_dandong__ch05,本轮未执行逐城史料检索、规格与渲染；不可视为已完成
city_yingkou,ch05,ming,ch05,major,pending,history/city_yingkou__ming.md,city_yingkou__ch05.yaml,assets/default/town/city_yingkou__ch05,本轮未执行逐城史料检索、规格与渲染；不可视为已完成
city_jilin,ch05,ming,ch05,major,pending,history/city_jilin__ming.md,city_jilin__ch05.yaml,assets/default/town/city_jilin__ch05,本轮未执行逐城史料检索、规格与渲染；不可视为已完成
city_ningan,ch05,ming,ch05,major,pending,history/city_ningan__ming.md,city_ningan__ch05.yaml,assets/default/town/city_ningan__ch05,本轮未执行逐城史料检索、规格与渲染；不可视为已完成
city_chifeng,ch05,ming,ch05,major,pending,history/city_chifeng__ming.md,city_chifeng__ch05.yaml,assets/default/town/city_chifeng__ch05,本轮未执行逐城史料检索、规格与渲染；不可视为已完成
city_hohhot,ch05,ming,ch05,major,pending,history/city_hohhot__ming.md,city_hohhot__ch05.yaml,assets/default/town/city_hohhot__ch05,本轮未执行逐城史料检索、规格与渲染；不可视为已完成
city_ordos,ch05,ming,ch05,major,pending,history/city_ordos__ming.md,city_ordos__ch05.yaml,assets/default/town/city_ordos__ch05,本轮未执行逐城史料检索、规格与渲染；不可视为已完成
city_xilinhot,ch05,ming,ch05,major,pending,history/city_xilinhot__ming.md,city_xilinhot__ch05.yaml,assets/default/town/city_xilinhot__ch05,本轮未执行逐城史料检索、规格与渲染；不可视为已完成
city_penghu,ch05,ming,ch05,major,pending,history/city_penghu__ming.md,city_penghu__ch05.yaml,assets/default/town/city_penghu__ch05,本轮未执行逐城史料检索、规格与渲染；不可视为已完成
city_hejian,ch05,ming,ch05,secondary,pending,history/city_hejian__ming.md,city_hejian__ch05.yaml,assets/default/town/city_hejian__ch05,本轮未执行逐城史料检索、规格与渲染；不可视为已完成
city_qinhuangdao,ch05,ming,ch05,secondary,pending,history/city_qinhuangdao__ming.md,city_qinhuangdao__ch05.yaml,assets/default/town/city_qinhuangdao__ch05,本轮未执行逐城史料检索、规格与渲染；不可视为已完成
city_xinxiang,ch05,ming,ch05,secondary,pending,history/city_xinxiang__ming.md,city_xinxiang__ch05.yaml,assets/default/town/city_xinxiang__ch05,本轮未执行逐城史料检索、规格与渲染；不可视为已完成
city_jiaozuo,ch05,ming,ch05,secondary,pending,history/city_jiaozuo__ming.md,city_jiaozuo__ch05.yaml,assets/default/town/city_jiaozuo__ch05,本轮未执行逐城史料检索、规格与渲染；不可视为已完成
city_xuchang,ch05,ming,ch05,secondary,pending,history/city_xuchang__ming.md,city_xuchang__ch05.yaml,assets/default/town/city_xuchang__ch05,本轮未执行逐城史料检索、规格与渲染；不可视为已完成
city_pingdingshan,ch05,ming,ch05,secondary,pending,history/city_pingdingshan__ming.md,city_pingdingshan__ch05.yaml,assets/default/town/city_pingdingshan__ch05,本轮未执行逐城史料检索、规格与渲染；不可视为已完成
city_xianyang,ch05,ming,ch05,secondary,pending,history/city_xianyang__ming.md,city_xianyang__ch05.yaml,assets/default/town/city_xianyang__ch05,本轮未执行逐城史料检索、规格与渲染；不可视为已完成
city_weinan,ch05,ming,ch05,secondary,pending,history/city_weinan__ming.md,city_weinan__ch05.yaml,assets/default/town/city_weinan__ch05,本轮未执行逐城史料检索、规格与渲染；不可视为已完成
city_ankang,ch05,ming,ch05,secondary,pending,history/city_ankang__ming.md,city_ankang__ch05.yaml,assets/default/town/city_ankang__ch05,本轮未执行逐城史料检索、规格与渲染；不可视为已完成
city_shangluo,ch05,ming,ch05,secondary,pending,history/city_shangluo__ming.md,city_shangluo__ch05.yaml,assets/default/town/city_shangluo__ch05,本轮未执行逐城史料检索、规格与渲染；不可视为已完成
city_pingyao,ch05,ming,ch05,secondary,pending,history/city_pingyao__ming.md,city_pingyao__ch05.yaml,assets/default/town/city_pingyao__ch05,本轮未执行逐城史料检索、规格与渲染；不可视为已完成
city_xinzhou,ch05,ming,ch05,secondary,pending,history/city_xinzhou__ming.md,city_xinzhou__ch05.yaml,assets/default/town/city_xinzhou__ch05,本轮未执行逐城史料检索、规格与渲染；不可视为已完成
city_jincheng,ch05,ming,ch05,secondary,pending,history/city_jincheng__ming.md,city_jincheng__ch05.yaml,assets/default/town/city_jincheng__ch05,本轮未执行逐城史料检索、规格与渲染；不可视为已完成
city_liaocheng,ch05,ming,ch05,secondary,pending,history/city_liaocheng__ming.md,city_liaocheng__ch05.yaml,assets/default/town/city_liaocheng__ch05,本轮未执行逐城史料检索、规格与渲染；不可视为已完成
city_linyi,ch05,ming,ch05,secondary,pending,history/city_linyi__ming.md,city_linyi__ch05.yaml,assets/default/town/city_linyi__ch05,本轮未执行逐城史料检索、规格与渲染；不可视为已完成
city_weihai,ch05,ming,ch05,secondary,pending,history/city_weihai__ming.md,city_weihai__ch05.yaml,assets/default/town/city_weihai__ch05,本轮未执行逐城史料检索、规格与渲染；不可视为已完成
city_zibo,ch05,ming,ch05,secondary,pending,history/city_zibo__ming.md,city_zibo__ch05.yaml,assets/default/town/city_zibo__ch05,本轮未执行逐城史料检索、规格与渲染；不可视为已完成
city_dongping,ch05,ming,ch05,secondary,pending,history/city_dongping__ming.md,city_dongping__ch05.yaml,assets/default/town/city_dongping__ch05,本轮未执行逐城史料检索、规格与渲染；不可视为已完成
city_lianyungang,ch05,ming,ch05,secondary,pending,history/city_lianyungang__ming.md,city_lianyungang__ch05.yaml,assets/default/town/city_lianyungang__ch05,本轮未执行逐城史料检索、规格与渲染；不可视为已完成
city_fuyang,ch05,ming,ch05,secondary,pending,history/city_fuyang__ming.md,city_fuyang__ch05.yaml,assets/default/town/city_fuyang__ch05,本轮未执行逐城史料检索、规格与渲染；不可视为已完成
city_jinhua,ch05,ming,ch05,secondary,pending,history/city_jinhua__ming.md,city_jinhua__ch05.yaml,assets/default/town/city_jinhua__ch05,本轮未执行逐城史料检索、规格与渲染；不可视为已完成
city_quzhou,ch05,ming,ch05,secondary,pending,history/city_quzhou__ming.md,city_quzhou__ch05.yaml,assets/default/town/city_quzhou__ch05,本轮未执行逐城史料检索、规格与渲染；不可视为已完成
city_huzhou,ch05,ming,ch05,secondary,pending,history/city_huzhou__ming.md,city_huzhou__ch05.yaml,assets/default/town/city_huzhou__ch05,本轮未执行逐城史料检索、规格与渲染；不可视为已完成
city_changzhou,ch05,ming,ch05,secondary,pending,history/city_changzhou__ming.md,city_changzhou__ch05.yaml,assets/default/town/city_changzhou__ch05,本轮未执行逐城史料检索、规格与渲染；不可视为已完成
city_wuyishan,ch05,ming,ch05,secondary,pending,history/city_wuyishan__ming.md,city_wuyishan__ch05.yaml,assets/default/town/city_wuyishan__ch05,本轮未执行逐城史料检索、规格与渲染；不可视为已完成
city_shangrao,ch05,ming,ch05,secondary,pending,history/city_shangrao__ming.md,city_shangrao__ch05.yaml,assets/default/town/city_shangrao__ch05,本轮未执行逐城史料检索、规格与渲染；不可视为已完成
city_chenzhou,ch05,ming,ch05,secondary,pending,history/city_chenzhou__ming.md,city_chenzhou__ch05.yaml,assets/default/town/city_chenzhou__ch05,本轮未执行逐城史料检索、规格与渲染；不可视为已完成
city_enshi,ch05,ming,ch05,secondary,pending,history/city_enshi__ming.md,city_enshi__ch05.yaml,assets/default/town/city_enshi__ch05,本轮未执行逐城史料检索、规格与渲染；不可视为已完成
city_chenzhou_yuanling,ch05,ming,ch05,secondary,pending,history/city_chenzhou_yuanling__ming.md,city_chenzhou_yuanling__ch05.yaml,assets/default/town/city_chenzhou_yuanling__ch05,本轮未执行逐城史料检索、规格与渲染；不可视为已完成
city_jingmen,ch05,ming,ch05,secondary,pending,history/city_jingmen__ming.md,city_jingmen__ch05.yaml,assets/default/town/city_jingmen__ch05,本轮未执行逐城史料检索、规格与渲染；不可视为已完成
city_shaoguan,ch05,ming,ch05,secondary,pending,history/city_shaoguan__ming.md,city_shaoguan__ch05.yaml,assets/default/town/city_shaoguan__ch05,本轮未执行逐城史料检索、规格与渲染；不可视为已完成
city_sanya,ch05,ming,ch05,secondary,pending,history/city_sanya__ming.md,city_sanya__ch05.yaml,assets/default/town/city_sanya__ch05,本轮未执行逐城史料检索、规格与渲染；不可视为已完成
city_meishan,ch05,ming,ch05,secondary,pending,history/city_meishan__ming.md,city_meishan__ch05.yaml,assets/default/town/city_meishan__ch05,本轮未执行逐城史料检索、规格与渲染；不可视为已完成
city_yaan,ch05,ming,ch05,secondary,pending,history/city_yaan__ming.md,city_yaan__ch05.yaml,assets/default/town/city_yaan__ch05,本轮未执行逐城史料检索、规格与渲染；不可视为已完成
city_dazhou,ch05,ming,ch05,secondary,pending,history/city_dazhou__ming.md,city_dazhou__ch05.yaml,assets/default/town/city_dazhou__ch05,本轮未执行逐城史料检索、规格与渲染；不可视为已完成
city_bazhong,ch05,ming,ch05,secondary,pending,history/city_bazhong__ming.md,city_bazhong__ch05.yaml,assets/default/town/city_bazhong__ch05,本轮未执行逐城史料检索、规格与渲染；不可视为已完成
city_langzhong,ch05,ming,ch05,secondary,pending,history/city_langzhong__ming.md,city_langzhong__ch05.yaml,assets/default/town/city_langzhong__ch05,本轮未执行逐城史料检索、规格与渲染；不可视为已完成
city_zunyi,ch05,ming,ch05,secondary,pending,history/city_zunyi__ming.md,city_zunyi__ch05.yaml,assets/default/town/city_zunyi__ch05,本轮未执行逐城史料检索、规格与渲染；不可视为已完成
city_jinghong,ch05,ming,ch05,secondary,pending,history/city_jinghong__ming.md,city_jinghong__ch05.yaml,assets/default/town/city_jinghong__ch05,本轮未执行逐城史料检索、规格与渲染；不可视为已完成
city_gyantse,ch05,ming,ch05,secondary,pending,history/city_gyantse__ming.md,city_gyantse__ch05.yaml,assets/default/town/city_gyantse__ch05,本轮未执行逐城史料检索、规格与渲染；不可视为已完成
city_yushu,ch05,ming,ch05,secondary,pending,history/city_yushu__ming.md,city_yushu__ch05.yaml,assets/default/town/city_yushu__ch05,本轮未执行逐城史料检索、规格与渲染；不可视为已完成
city_altay,ch05,ming,ch05,secondary,pending,history/city_altay__ming.md,city_altay__ch05.yaml,assets/default/town/city_altay__ch05,本轮未执行逐城史料检索、规格与渲染；不可视为已完成
city_xingcheng,ch05,ming,ch05,secondary,pending,history/city_xingcheng__ming.md,city_xingcheng__ch05.yaml,assets/default/town/city_xingcheng__ch05,本轮未执行逐城史料检索、规格与渲染；不可视为已完成
city_khotan_kunlun,ch05,ming,ch05,site,pending,history/city_khotan_kunlun__ming.md,city_khotan_kunlun__ch05.yaml,assets/default/town/city_khotan_kunlun__ch05,本轮未执行逐城史料检索、规格与渲染；不可视为已完成
city_taohuadao,ch05,ming,ch05,site,pending,history/city_taohuadao__ming.md,city_taohuadao__ch05.yaml,assets/default/town/city_taohuadao__ch05,本轮未执行逐城史料检索、规格与渲染；不可视为已完成
city_beijing,ch06,ming,ch05,capital,pending,history/city_beijing__ming.md,city_beijing__ch06.yaml,assets/default/town/city_beijing__ch06,本轮未执行逐城史料检索、规格与渲染；不可视为已完成
city_kaifeng,ch06,ming,ch05,capital,pending,history/city_kaifeng__ming.md,city_kaifeng__ch06.yaml,assets/default/town/city_kaifeng__ch06,本轮未执行逐城史料检索、规格与渲染；不可视为已完成
city_luoyang,ch06,ming,ch05,capital,pending,history/city_luoyang__ming.md,city_luoyang__ch06.yaml,assets/default/town/city_luoyang__ch06,本轮未执行逐城史料检索、规格与渲染；不可视为已完成
city_datong,ch06,ming,ch05,capital,pending,history/city_datong__ming.md,city_datong__ch06.yaml,assets/default/town/city_datong__ch06,本轮未执行逐城史料检索、规格与渲染；不可视为已完成
city_nanjing,ch06,ming,ch05,capital,pending,history/city_nanjing__ming.md,city_nanjing__ch06.yaml,assets/default/town/city_nanjing__ch06,本轮未执行逐城史料检索、规格与渲染；不可视为已完成
city_hangzhou,ch06,ming,ch05,capital,pending,history/city_hangzhou__ming.md,city_hangzhou__ch06.yaml,assets/default/town/city_hangzhou__ch06,本轮未执行逐城史料检索、规格与渲染；不可视为已完成
city_kunming,ch06,ming,ch05,capital,pending,history/city_kunming__ming.md,city_kunming__ch06.yaml,assets/default/town/city_kunming__ch06,本轮未执行逐城史料检索、规格与渲染；不可视为已完成
city_dali,ch06,ming,ch05,capital,pending,history/city_dali__ming.md,city_dali__ch06.yaml,assets/default/town/city_dali__ch06,本轮未执行逐城史料检索、规格与渲染；不可视为已完成
city_lhasa,ch06,ming,ch05,capital,pending,history/city_lhasa__ming.md,city_lhasa__ch06.yaml,assets/default/town/city_lhasa__ch06,本轮未执行逐城史料检索、规格与渲染；不可视为已完成
city_yinchuan,ch06,ming,ch05,capital,pending,history/city_yinchuan__ming.md,city_yinchuan__ch06.yaml,assets/default/town/city_yinchuan__ch06,本轮未执行逐城史料检索、规格与渲染；不可视为已完成
city_kashgar,ch06,ming,ch05,capital,pending,history/city_kashgar__ming.md,city_kashgar__ch06.yaml,assets/default/town/city_kashgar__ch06,本轮未执行逐城史料检索、规格与渲染；不可视为已完成
city_shenyang,ch06,ming,ch05,capital,pending,history/city_shenyang__ming.md,city_shenyang__ch06.yaml,assets/default/town/city_shenyang__ch06,本轮未执行逐城史料检索、规格与渲染；不可视为已完成
city_tianjin,ch06,ming,ch05,major,pending,history/city_tianjin__ming.md,city_tianjin__ch06.yaml,assets/default/town/city_tianjin__ch06,本轮未执行逐城史料检索、规格与渲染；不可视为已完成
city_baoding,ch06,ming,ch05,major,pending,history/city_baoding__ming.md,city_baoding__ch06.yaml,assets/default/town/city_baoding__ch06,本轮未执行逐城史料检索、规格与渲染；不可视为已完成
city_zhengding,ch06,ming,ch05,major,pending,history/city_zhengding__ming.md,city_zhengding__ch06.yaml,assets/default/town/city_zhengding__ch06,本轮未执行逐城史料检索、规格与渲染；不可视为已完成
city_cangzhou,ch06,ming,ch05,major,pending,history/city_cangzhou__ming.md,city_cangzhou__ch06.yaml,assets/default/town/city_cangzhou__ch06,本轮未执行逐城史料检索、规格与渲染；不可视为已完成
city_zhangjiakou,ch06,ming,ch05,major,pending,history/city_zhangjiakou__ming.md,city_zhangjiakou__ch06.yaml,assets/default/town/city_zhangjiakou__ch06,本轮未执行逐城史料检索、规格与渲染；不可视为已完成
city_shanhaiguan,ch06,ming,ch05,major,pending,history/city_shanhaiguan__ming.md,city_shanhaiguan__ch06.yaml,assets/default/town/city_shanhaiguan__ch06,本轮未执行逐城史料检索、规格与渲染；不可视为已完成
city_zhengzhou,ch06,ming,ch05,major,pending,history/city_zhengzhou__ming.md,city_zhengzhou__ch06.yaml,assets/default/town/city_zhengzhou__ch06,本轮未执行逐城史料检索、规格与渲染；不可视为已完成
city_dengfeng,ch06,ming,ch05,major,pending,history/city_dengfeng__ming.md,city_dengfeng__ch06.yaml,assets/default/town/city_dengfeng__ch06,本轮未执行逐城史料检索、规格与渲染；不可视为已完成
city_anyang,ch06,ming,ch05,major,pending,history/city_anyang__ming.md,city_anyang__ch06.yaml,assets/default/town/city_anyang__ch06,本轮未执行逐城史料检索、规格与渲染；不可视为已完成
city_shangqiu,ch06,ming,ch05,major,pending,history/city_shangqiu__ming.md,city_shangqiu__ch06.yaml,assets/default/town/city_shangqiu__ch06,本轮未执行逐城史料检索、规格与渲染；不可视为已完成
city_nanyang,ch06,ming,ch05,major,pending,history/city_nanyang__ming.md,city_nanyang__ch06.yaml,assets/default/town/city_nanyang__ch06,本轮未执行逐城史料检索、规格与渲染；不可视为已完成
city_xinyang,ch06,ming,ch05,major,pending,history/city_xinyang__ming.md,city_xinyang__ch06.yaml,assets/default/town/city_xinyang__ch06,本轮未执行逐城史料检索、规格与渲染；不可视为已完成
city_xian,ch06,ming,ch05,major,pending,history/city_xian__ming.md,city_xian__ch06.yaml,assets/default/town/city_xian__ch06,本轮未执行逐城史料检索、规格与渲染；不可视为已完成
city_huayin,ch06,ming,ch05,major,pending,history/city_huayin__ming.md,city_huayin__ch06.yaml,assets/default/town/city_huayin__ch06,本轮未执行逐城史料检索、规格与渲染；不可视为已完成
city_baoji,ch06,ming,ch05,major,pending,history/city_baoji__ming.md,city_baoji__ch06.yaml,assets/default/town/city_baoji__ch06,本轮未执行逐城史料检索、规格与渲染；不可视为已完成
city_hanzhong,ch06,ming,ch05,major,pending,history/city_hanzhong__ming.md,city_hanzhong__ch06.yaml,assets/default/town/city_hanzhong__ch06,本轮未执行逐城史料检索、规格与渲染；不可视为已完成
city_yanan,ch06,ming,ch05,major,pending,history/city_yanan__ming.md,city_yanan__ch06.yaml,assets/default/town/city_yanan__ch06,本轮未执行逐城史料检索、规格与渲染；不可视为已完成
city_yulin,ch06,ming,ch05,major,pending,history/city_yulin__ming.md,city_yulin__ch06.yaml,assets/default/town/city_yulin__ch06,本轮未执行逐城史料检索、规格与渲染；不可视为已完成
city_taiyuan,ch06,ming,ch05,major,pending,history/city_taiyuan__ming.md,city_taiyuan__ch06.yaml,assets/default/town/city_taiyuan__ch06,本轮未执行逐城史料检索、规格与渲染；不可视为已完成
city_yuncheng,ch06,ming,ch05,major,pending,history/city_yuncheng__ming.md,city_yuncheng__ch06.yaml,assets/default/town/city_yuncheng__ch06,本轮未执行逐城史料检索、规格与渲染；不可视为已完成
city_linfen,ch06,ming,ch05,major,pending,history/city_linfen__ming.md,city_linfen__ch06.yaml,assets/default/town/city_linfen__ch06,本轮未执行逐城史料检索、规格与渲染；不可视为已完成
city_changzhi,ch06,ming,ch05,major,pending,history/city_changzhi__ming.md,city_changzhi__ch06.yaml,assets/default/town/city_changzhi__ch06,本轮未执行逐城史料检索、规格与渲染；不可视为已完成
city_shuozhou,ch06,ming,ch05,major,pending,history/city_shuozhou__ming.md,city_shuozhou__ch06.yaml,assets/default/town/city_shuozhou__ch06,本轮未执行逐城史料检索、规格与渲染；不可视为已完成
city_jinan,ch06,ming,ch05,major,pending,history/city_jinan__ming.md,city_jinan__ch06.yaml,assets/default/town/city_jinan__ch06,本轮未执行逐城史料检索、规格与渲染；不可视为已完成
city_qufu,ch06,ming,ch05,major,pending,history/city_qufu__ming.md,city_qufu__ch06.yaml,assets/default/town/city_qufu__ch06,本轮未执行逐城史料检索、规格与渲染；不可视为已完成
city_taian,ch06,ming,ch05,major,pending,history/city_taian__ming.md,city_taian__ch06.yaml,assets/default/town/city_taian__ch06,本轮未执行逐城史料检索、规格与渲染；不可视为已完成
city_qingzhou,ch06,ming,ch05,major,pending,history/city_qingzhou__ming.md,city_qingzhou__ch06.yaml,assets/default/town/city_qingzhou__ch06,本轮未执行逐城史料检索、规格与渲染；不可视为已完成
city_dezhou,ch06,ming,ch05,major,pending,history/city_dezhou__ming.md,city_dezhou__ch06.yaml,assets/default/town/city_dezhou__ch06,本轮未执行逐城史料检索、规格与渲染；不可视为已完成
city_yantai,ch06,ming,ch05,major,pending,history/city_yantai__ming.md,city_yantai__ch06.yaml,assets/default/town/city_yantai__ch06,本轮未执行逐城史料检索、规格与渲染；不可视为已完成
city_penglai,ch06,ming,ch05,major,pending,history/city_penglai__ming.md,city_penglai__ch06.yaml,assets/default/town/city_penglai__ch06,本轮未执行逐城史料检索、规格与渲染；不可视为已完成
city_yangzhou,ch06,ming,ch05,major,pending,history/city_yangzhou__ming.md,city_yangzhou__ch06.yaml,assets/default/town/city_yangzhou__ch06,本轮未执行逐城史料检索、规格与渲染；不可视为已完成
city_zhenjiang,ch06,ming,ch05,major,pending,history/city_zhenjiang__ming.md,city_zhenjiang__ch06.yaml,assets/default/town/city_zhenjiang__ch06,本轮未执行逐城史料检索、规格与渲染；不可视为已完成
city_xuzhou,ch06,ming,ch05,major,pending,history/city_xuzhou__ming.md,city_xuzhou__ch06.yaml,assets/default/town/city_xuzhou__ch06,本轮未执行逐城史料检索、规格与渲染；不可视为已完成
city_hefei,ch06,ming,ch05,major,pending,history/city_hefei__ming.md,city_hefei__ch06.yaml,assets/default/town/city_hefei__ch06,本轮未执行逐城史料检索、规格与渲染；不可视为已完成
city_anqing,ch06,ming,ch05,major,pending,history/city_anqing__ming.md,city_anqing__ch06.yaml,assets/default/town/city_anqing__ch06,本轮未执行逐城史料检索、规格与渲染；不可视为已完成
city_wuhu,ch06,ming,ch05,major,pending,history/city_wuhu__ming.md,city_wuhu__ch06.yaml,assets/default/town/city_wuhu__ch06,本轮未执行逐城史料检索、规格与渲染；不可视为已完成
city_huangshan,ch06,ming,ch05,major,pending,history/city_huangshan__ming.md,city_huangshan__ch06.yaml,assets/default/town/city_huangshan__ch06,本轮未执行逐城史料检索、规格与渲染；不可视为已完成
city_suzhou,ch06,ming,ch05,major,pending,history/city_suzhou__ming.md,city_suzhou__ch06.yaml,assets/default/town/city_suzhou__ch06,本轮未执行逐城史料检索、规格与渲染；不可视为已完成
city_wuxi,ch06,ming,ch05,major,pending,history/city_wuxi__ming.md,city_wuxi__ch06.yaml,assets/default/town/city_wuxi__ch06,本轮未执行逐城史料检索、规格与渲染；不可视为已完成
city_jiaxing,ch06,ming,ch05,major,pending,history/city_jiaxing__ming.md,city_jiaxing__ch06.yaml,assets/default/town/city_jiaxing__ch06,本轮未执行逐城史料检索、规格与渲染；不可视为已完成
city_shaoxing,ch06,ming,ch05,major,pending,history/city_shaoxing__ming.md,city_shaoxing__ch06.yaml,assets/default/town/city_shaoxing__ch06,本轮未执行逐城史料检索、规格与渲染；不可视为已完成
city_ningbo,ch06,ming,ch05,major,pending,history/city_ningbo__ming.md,city_ningbo__ch06.yaml,assets/default/town/city_ningbo__ch06,本轮未执行逐城史料检索、规格与渲染；不可视为已完成
city_zhoushan,ch06,ming,ch05,major,pending,history/city_zhoushan__ming.md,city_zhoushan__ch06.yaml,assets/default/town/city_zhoushan__ch06,本轮未执行逐城史料检索、规格与渲染；不可视为已完成
city_wenzhou,ch06,ming,ch05,major,pending,history/city_wenzhou__ming.md,city_wenzhou__ch06.yaml,assets/default/town/city_wenzhou__ch06,本轮未执行逐城史料检索、规格与渲染；不可视为已完成
city_fuzhou,ch06,ming,ch05,major,pending,history/city_fuzhou__ming.md,city_fuzhou__ch06.yaml,assets/default/town/city_fuzhou__ch06,本轮未执行逐城史料检索、规格与渲染；不可视为已完成
city_quanzhou,ch06,ming,ch05,major,pending,history/city_quanzhou__ming.md,city_quanzhou__ch06.yaml,assets/default/town/city_quanzhou__ch06,本轮未执行逐城史料检索、规格与渲染；不可视为已完成
city_putian,ch06,ming,ch05,major,pending,history/city_putian__ming.md,city_putian__ch06.yaml,assets/default/town/city_putian__ch06,本轮未执行逐城史料检索、规格与渲染；不可视为已完成
city_xiamen,ch06,ming,ch05,major,pending,history/city_xiamen__ming.md,city_xiamen__ch06.yaml,assets/default/town/city_xiamen__ch06,本轮未执行逐城史料检索、规格与渲染；不可视为已完成
city_zhangzhou,ch06,ming,ch05,major,pending,history/city_zhangzhou__ming.md,city_zhangzhou__ch06.yaml,assets/default/town/city_zhangzhou__ch06,本轮未执行逐城史料检索、规格与渲染；不可视为已完成
city_nanchang,ch06,ming,ch05,major,pending,history/city_nanchang__ming.md,city_nanchang__ch06.yaml,assets/default/town/city_nanchang__ch06,本轮未执行逐城史料检索、规格与渲染；不可视为已完成
city_jiujiang,ch06,ming,ch05,major,pending,history/city_jiujiang__ming.md,city_jiujiang__ch06.yaml,assets/default/town/city_jiujiang__ch06,本轮未执行逐城史料检索、规格与渲染；不可视为已完成
city_ganzhou,ch06,ming,ch05,major,pending,history/city_ganzhou__ming.md,city_ganzhou__ch06.yaml,assets/default/town/city_ganzhou__ch06,本轮未执行逐城史料检索、规格与渲染；不可视为已完成
city_jingdezhen,ch06,ming,ch05,major,pending,history/city_jingdezhen__ming.md,city_jingdezhen__ch06.yaml,assets/default/town/city_jingdezhen__ch06,本轮未执行逐城史料检索、规格与渲染；不可视为已完成
city_wuhan,ch06,ming,ch05,major,pending,history/city_wuhan__ming.md,city_wuhan__ch06.yaml,assets/default/town/city_wuhan__ch06,本轮未执行逐城史料检索、规格与渲染；不可视为已完成
city_xiangyang,ch06,ming,ch05,major,pending,history/city_xiangyang__ming.md,city_xiangyang__ch06.yaml,assets/default/town/city_xiangyang__ch06,本轮未执行逐城史料检索、规格与渲染；不可视为已完成
city_jingzhou,ch06,ming,ch05,major,pending,history/city_jingzhou__ming.md,city_jingzhou__ch06.yaml,assets/default/town/city_jingzhou__ch06,本轮未执行逐城史料检索、规格与渲染；不可视为已完成
city_yueyang,ch06,ming,ch05,major,pending,history/city_yueyang__ming.md,city_yueyang__ch06.yaml,assets/default/town/city_yueyang__ch06,本轮未执行逐城史料检索、规格与渲染；不可视为已完成
city_changsha,ch06,ming,ch05,major,pending,history/city_changsha__ming.md,city_changsha__ch06.yaml,assets/default/town/city_changsha__ch06,本轮未执行逐城史料检索、规格与渲染；不可视为已完成
city_hengyang,ch06,ming,ch05,major,pending,history/city_hengyang__ming.md,city_hengyang__ch06.yaml,assets/default/town/city_hengyang__ch06,本轮未执行逐城史料检索、规格与渲染；不可视为已完成
city_shiyan,ch06,ming,ch05,major,pending,history/city_shiyan__ming.md,city_shiyan__ch06.yaml,assets/default/town/city_shiyan__ch06,本轮未执行逐城史料检索、规格与渲染；不可视为已完成
city_yichang,ch06,ming,ch05,major,pending,history/city_yichang__ming.md,city_yichang__ch06.yaml,assets/default/town/city_yichang__ch06,本轮未执行逐城史料检索、规格与渲染；不可视为已完成
city_guangzhou,ch06,ming,ch05,major,pending,history/city_guangzhou__ming.md,city_guangzhou__ch06.yaml,assets/default/town/city_guangzhou__ch06,本轮未执行逐城史料检索、规格与渲染；不可视为已完成
city_foshan,ch06,ming,ch05,major,pending,history/city_foshan__ming.md,city_foshan__ch06.yaml,assets/default/town/city_foshan__ch06,本轮未执行逐城史料检索、规格与渲染；不可视为已完成
city_zhaoqing,ch06,ming,ch05,major,pending,history/city_zhaoqing__ming.md,city_zhaoqing__ch06.yaml,assets/default/town/city_zhaoqing__ch06,本轮未执行逐城史料检索、规格与渲染；不可视为已完成
city_chaozhou,ch06,ming,ch05,major,pending,history/city_chaozhou__ming.md,city_chaozhou__ch06.yaml,assets/default/town/city_chaozhou__ch06,本轮未执行逐城史料检索、规格与渲染；不可视为已完成
city_guilin,ch06,ming,ch05,major,pending,history/city_guilin__ming.md,city_guilin__ch06.yaml,assets/default/town/city_guilin__ch06,本轮未执行逐城史料检索、规格与渲染；不可视为已完成
city_liuzhou,ch06,ming,ch05,major,pending,history/city_liuzhou__ming.md,city_liuzhou__ch06.yaml,assets/default/town/city_liuzhou__ch06,本轮未执行逐城史料检索、规格与渲染；不可视为已完成
city_nanning,ch06,ming,ch05,major,pending,history/city_nanning__ming.md,city_nanning__ch06.yaml,assets/default/town/city_nanning__ch06,本轮未执行逐城史料检索、规格与渲染；不可视为已完成
city_haikou,ch06,ming,ch05,major,pending,history/city_haikou__ming.md,city_haikou__ch06.yaml,assets/default/town/city_haikou__ch06,本轮未执行逐城史料检索、规格与渲染；不可视为已完成
city_chengdu,ch06,ming,ch05,major,pending,history/city_chengdu__ming.md,city_chengdu__ch06.yaml,assets/default/town/city_chengdu__ch06,本轮未执行逐城史料检索、规格与渲染；不可视为已完成
city_chongqing,ch06,ming,ch05,major,pending,history/city_chongqing__ming.md,city_chongqing__ch06.yaml,assets/default/town/city_chongqing__ch06,本轮未执行逐城史料检索、规格与渲染；不可视为已完成
city_dujiangyan,ch06,ming,ch05,major,pending,history/city_dujiangyan__ming.md,city_dujiangyan__ch06.yaml,assets/default/town/city_dujiangyan__ch06,本轮未执行逐城史料检索、规格与渲染；不可视为已完成
city_leshan,ch06,ming,ch05,major,pending,history/city_leshan__ming.md,city_leshan__ch06.yaml,assets/default/town/city_leshan__ch06,本轮未执行逐城史料检索、规格与渲染；不可视为已完成
city_fengjie,ch06,ming,ch05,major,pending,history/city_fengjie__ming.md,city_fengjie__ch06.yaml,assets/default/town/city_fengjie__ch06,本轮未执行逐城史料检索、规格与渲染；不可视为已完成
city_lijiang,ch06,ming,ch05,major,pending,history/city_lijiang__ming.md,city_lijiang__ch06.yaml,assets/default/town/city_lijiang__ch06,本轮未执行逐城史料检索、规格与渲染；不可视为已完成
city_baoshan,ch06,ming,ch05,major,pending,history/city_baoshan__ming.md,city_baoshan__ch06.yaml,assets/default/town/city_baoshan__ch06,本轮未执行逐城史料检索、规格与渲染；不可视为已完成
city_tengchong,ch06,ming,ch05,major,pending,history/city_tengchong__ming.md,city_tengchong__ch06.yaml,assets/default/town/city_tengchong__ch06,本轮未执行逐城史料检索、规格与渲染；不可视为已完成
city_qujing,ch06,ming,ch05,major,pending,history/city_qujing__ming.md,city_qujing__ch06.yaml,assets/default/town/city_qujing__ch06,本轮未执行逐城史料检索、规格与渲染；不可视为已完成
city_guiyang,ch06,ming,ch05,major,pending,history/city_guiyang__ming.md,city_guiyang__ch06.yaml,assets/default/town/city_guiyang__ch06,本轮未执行逐城史料检索、规格与渲染；不可视为已完成
city_shigatse,ch06,ming,ch05,major,pending,history/city_shigatse__ming.md,city_shigatse__ch06.yaml,assets/default/town/city_shigatse__ch06,本轮未执行逐城史料检索、规格与渲染；不可视为已完成
city_qamdo,ch06,ming,ch05,major,pending,history/city_qamdo__ming.md,city_qamdo__ch06.yaml,assets/default/town/city_qamdo__ch06,本轮未执行逐城史料检索、规格与渲染；不可视为已完成
city_ngari,ch06,ming,ch05,major,pending,history/city_ngari__ming.md,city_ngari__ch06.yaml,assets/default/town/city_ngari__ch06,本轮未执行逐城史料检索、规格与渲染；不可视为已完成
city_lanzhou,ch06,ming,ch05,major,pending,history/city_lanzhou__ming.md,city_lanzhou__ch06.yaml,assets/default/town/city_lanzhou__ch06,本轮未执行逐城史料检索、规格与渲染；不可视为已完成
city_tianshui,ch06,ming,ch05,major,pending,history/city_tianshui__ming.md,city_tianshui__ch06.yaml,assets/default/town/city_tianshui__ch06,本轮未执行逐城史料检索、规格与渲染；不可视为已完成
city_pingliang,ch06,ming,ch05,major,pending,history/city_pingliang__ming.md,city_pingliang__ch06.yaml,assets/default/town/city_pingliang__ch06,本轮未执行逐城史料检索、规格与渲染；不可视为已完成
city_wuwei,ch06,ming,ch05,major,pending,history/city_wuwei__ming.md,city_wuwei__ch06.yaml,assets/default/town/city_wuwei__ch06,本轮未执行逐城史料检索、规格与渲染；不可视为已完成
city_zhangye,ch06,ming,ch05,major,pending,history/city_zhangye__ming.md,city_zhangye__ch06.yaml,assets/default/town/city_zhangye__ch06,本轮未执行逐城史料检索、规格与渲染；不可视为已完成
city_jiuquan,ch06,ming,ch05,major,pending,history/city_jiuquan__ming.md,city_jiuquan__ch06.yaml,assets/default/town/city_jiuquan__ch06,本轮未执行逐城史料检索、规格与渲染；不可视为已完成
city_dunhuang,ch06,ming,ch05,major,pending,history/city_dunhuang__ming.md,city_dunhuang__ch06.yaml,assets/default/town/city_dunhuang__ch06,本轮未执行逐城史料检索、规格与渲染；不可视为已完成
city_zhongwei,ch06,ming,ch05,major,pending,history/city_zhongwei__ming.md,city_zhongwei__ch06.yaml,assets/default/town/city_zhongwei__ch06,本轮未执行逐城史料检索、规格与渲染；不可视为已完成
city_xining,ch06,ming,ch05,major,pending,history/city_xining__ming.md,city_xining__ch06.yaml,assets/default/town/city_xining__ch06,本轮未执行逐城史料检索、规格与渲染；不可视为已完成
city_hotan,ch06,ming,ch05,major,pending,history/city_hotan__ming.md,city_hotan__ch06.yaml,assets/default/town/city_hotan__ch06,本轮未执行逐城史料检索、规格与渲染；不可视为已完成
city_yarkand,ch06,ming,ch05,major,pending,history/city_yarkand__ming.md,city_yarkand__ch06.yaml,assets/default/town/city_yarkand__ch06,本轮未执行逐城史料检索、规格与渲染；不可视为已完成
city_aksu,ch06,ming,ch05,major,pending,history/city_aksu__ming.md,city_aksu__ch06.yaml,assets/default/town/city_aksu__ch06,本轮未执行逐城史料检索、规格与渲染；不可视为已完成
city_kuqa,ch06,ming,ch05,major,pending,history/city_kuqa__ming.md,city_kuqa__ch06.yaml,assets/default/town/city_kuqa__ch06,本轮未执行逐城史料检索、规格与渲染；不可视为已完成
city_korla,ch06,ming,ch05,major,pending,history/city_korla__ming.md,city_korla__ch06.yaml,assets/default/town/city_korla__ch06,本轮未执行逐城史料检索、规格与渲染；不可视为已完成
city_turpan,ch06,ming,ch05,major,pending,history/city_turpan__ming.md,city_turpan__ch06.yaml,assets/default/town/city_turpan__ch06,本轮未执行逐城史料检索、规格与渲染；不可视为已完成
city_hami,ch06,ming,ch05,major,pending,history/city_hami__ming.md,city_hami__ch06.yaml,assets/default/town/city_hami__ch06,本轮未执行逐城史料检索、规格与渲染；不可视为已完成
city_yining,ch06,ming,ch05,major,pending,history/city_yining__ming.md,city_yining__ch06.yaml,assets/default/town/city_yining__ch06,本轮未执行逐城史料检索、规格与渲染；不可视为已完成
city_liaoyang,ch06,ming,ch05,major,pending,history/city_liaoyang__ming.md,city_liaoyang__ch06.yaml,assets/default/town/city_liaoyang__ch06,本轮未执行逐城史料检索、规格与渲染；不可视为已完成
city_jinzhou,ch06,ming,ch05,major,pending,history/city_jinzhou__ming.md,city_jinzhou__ch06.yaml,assets/default/town/city_jinzhou__ch06,本轮未执行逐城史料检索、规格与渲染；不可视为已完成
city_dandong,ch06,ming,ch05,major,pending,history/city_dandong__ming.md,city_dandong__ch06.yaml,assets/default/town/city_dandong__ch06,本轮未执行逐城史料检索、规格与渲染；不可视为已完成
city_yingkou,ch06,ming,ch05,major,pending,history/city_yingkou__ming.md,city_yingkou__ch06.yaml,assets/default/town/city_yingkou__ch06,本轮未执行逐城史料检索、规格与渲染；不可视为已完成
city_jilin,ch06,ming,ch05,major,pending,history/city_jilin__ming.md,city_jilin__ch06.yaml,assets/default/town/city_jilin__ch06,本轮未执行逐城史料检索、规格与渲染；不可视为已完成
city_ningan,ch06,ming,ch05,major,pending,history/city_ningan__ming.md,city_ningan__ch06.yaml,assets/default/town/city_ningan__ch06,本轮未执行逐城史料检索、规格与渲染；不可视为已完成
city_chifeng,ch06,ming,ch05,major,pending,history/city_chifeng__ming.md,city_chifeng__ch06.yaml,assets/default/town/city_chifeng__ch06,本轮未执行逐城史料检索、规格与渲染；不可视为已完成
city_hohhot,ch06,ming,ch05,major,pending,history/city_hohhot__ming.md,city_hohhot__ch06.yaml,assets/default/town/city_hohhot__ch06,本轮未执行逐城史料检索、规格与渲染；不可视为已完成
city_ordos,ch06,ming,ch05,major,pending,history/city_ordos__ming.md,city_ordos__ch06.yaml,assets/default/town/city_ordos__ch06,本轮未执行逐城史料检索、规格与渲染；不可视为已完成
city_xilinhot,ch06,ming,ch05,major,pending,history/city_xilinhot__ming.md,city_xilinhot__ch06.yaml,assets/default/town/city_xilinhot__ch06,本轮未执行逐城史料检索、规格与渲染；不可视为已完成
city_penghu,ch06,ming,ch05,major,pending,history/city_penghu__ming.md,city_penghu__ch06.yaml,assets/default/town/city_penghu__ch06,本轮未执行逐城史料检索、规格与渲染；不可视为已完成
city_hejian,ch06,ming,ch05,secondary,pending,history/city_hejian__ming.md,city_hejian__ch06.yaml,assets/default/town/city_hejian__ch06,本轮未执行逐城史料检索、规格与渲染；不可视为已完成
city_qinhuangdao,ch06,ming,ch05,secondary,pending,history/city_qinhuangdao__ming.md,city_qinhuangdao__ch06.yaml,assets/default/town/city_qinhuangdao__ch06,本轮未执行逐城史料检索、规格与渲染；不可视为已完成
city_xinxiang,ch06,ming,ch05,secondary,pending,history/city_xinxiang__ming.md,city_xinxiang__ch06.yaml,assets/default/town/city_xinxiang__ch06,本轮未执行逐城史料检索、规格与渲染；不可视为已完成
city_jiaozuo,ch06,ming,ch05,secondary,pending,history/city_jiaozuo__ming.md,city_jiaozuo__ch06.yaml,assets/default/town/city_jiaozuo__ch06,本轮未执行逐城史料检索、规格与渲染；不可视为已完成
city_xuchang,ch06,ming,ch05,secondary,pending,history/city_xuchang__ming.md,city_xuchang__ch06.yaml,assets/default/town/city_xuchang__ch06,本轮未执行逐城史料检索、规格与渲染；不可视为已完成
city_pingdingshan,ch06,ming,ch05,secondary,pending,history/city_pingdingshan__ming.md,city_pingdingshan__ch06.yaml,assets/default/town/city_pingdingshan__ch06,本轮未执行逐城史料检索、规格与渲染；不可视为已完成
city_xianyang,ch06,ming,ch05,secondary,pending,history/city_xianyang__ming.md,city_xianyang__ch06.yaml,assets/default/town/city_xianyang__ch06,本轮未执行逐城史料检索、规格与渲染；不可视为已完成
city_weinan,ch06,ming,ch05,secondary,pending,history/city_weinan__ming.md,city_weinan__ch06.yaml,assets/default/town/city_weinan__ch06,本轮未执行逐城史料检索、规格与渲染；不可视为已完成
city_ankang,ch06,ming,ch05,secondary,pending,history/city_ankang__ming.md,city_ankang__ch06.yaml,assets/default/town/city_ankang__ch06,本轮未执行逐城史料检索、规格与渲染；不可视为已完成
city_shangluo,ch06,ming,ch05,secondary,pending,history/city_shangluo__ming.md,city_shangluo__ch06.yaml,assets/default/town/city_shangluo__ch06,本轮未执行逐城史料检索、规格与渲染；不可视为已完成
city_pingyao,ch06,ming,ch05,secondary,pending,history/city_pingyao__ming.md,city_pingyao__ch06.yaml,assets/default/town/city_pingyao__ch06,本轮未执行逐城史料检索、规格与渲染；不可视为已完成
city_xinzhou,ch06,ming,ch05,secondary,pending,history/city_xinzhou__ming.md,city_xinzhou__ch06.yaml,assets/default/town/city_xinzhou__ch06,本轮未执行逐城史料检索、规格与渲染；不可视为已完成
city_jincheng,ch06,ming,ch05,secondary,pending,history/city_jincheng__ming.md,city_jincheng__ch06.yaml,assets/default/town/city_jincheng__ch06,本轮未执行逐城史料检索、规格与渲染；不可视为已完成
city_liaocheng,ch06,ming,ch05,secondary,pending,history/city_liaocheng__ming.md,city_liaocheng__ch06.yaml,assets/default/town/city_liaocheng__ch06,本轮未执行逐城史料检索、规格与渲染；不可视为已完成
city_linyi,ch06,ming,ch05,secondary,pending,history/city_linyi__ming.md,city_linyi__ch06.yaml,assets/default/town/city_linyi__ch06,本轮未执行逐城史料检索、规格与渲染；不可视为已完成
city_weihai,ch06,ming,ch05,secondary,pending,history/city_weihai__ming.md,city_weihai__ch06.yaml,assets/default/town/city_weihai__ch06,本轮未执行逐城史料检索、规格与渲染；不可视为已完成
city_zibo,ch06,ming,ch05,secondary,pending,history/city_zibo__ming.md,city_zibo__ch06.yaml,assets/default/town/city_zibo__ch06,本轮未执行逐城史料检索、规格与渲染；不可视为已完成
city_dongping,ch06,ming,ch05,secondary,pending,history/city_dongping__ming.md,city_dongping__ch06.yaml,assets/default/town/city_dongping__ch06,本轮未执行逐城史料检索、规格与渲染；不可视为已完成
city_lianyungang,ch06,ming,ch05,secondary,pending,history/city_lianyungang__ming.md,city_lianyungang__ch06.yaml,assets/default/town/city_lianyungang__ch06,本轮未执行逐城史料检索、规格与渲染；不可视为已完成
city_fuyang,ch06,ming,ch05,secondary,pending,history/city_fuyang__ming.md,city_fuyang__ch06.yaml,assets/default/town/city_fuyang__ch06,本轮未执行逐城史料检索、规格与渲染；不可视为已完成
city_jinhua,ch06,ming,ch05,secondary,pending,history/city_jinhua__ming.md,city_jinhua__ch06.yaml,assets/default/town/city_jinhua__ch06,本轮未执行逐城史料检索、规格与渲染；不可视为已完成
city_quzhou,ch06,ming,ch05,secondary,pending,history/city_quzhou__ming.md,city_quzhou__ch06.yaml,assets/default/town/city_quzhou__ch06,本轮未执行逐城史料检索、规格与渲染；不可视为已完成
city_huzhou,ch06,ming,ch05,secondary,pending,history/city_huzhou__ming.md,city_huzhou__ch06.yaml,assets/default/town/city_huzhou__ch06,本轮未执行逐城史料检索、规格与渲染；不可视为已完成
city_changzhou,ch06,ming,ch05,secondary,pending,history/city_changzhou__ming.md,city_changzhou__ch06.yaml,assets/default/town/city_changzhou__ch06,本轮未执行逐城史料检索、规格与渲染；不可视为已完成
city_wuyishan,ch06,ming,ch05,secondary,pending,history/city_wuyishan__ming.md,city_wuyishan__ch06.yaml,assets/default/town/city_wuyishan__ch06,本轮未执行逐城史料检索、规格与渲染；不可视为已完成
city_shangrao,ch06,ming,ch05,secondary,pending,history/city_shangrao__ming.md,city_shangrao__ch06.yaml,assets/default/town/city_shangrao__ch06,本轮未执行逐城史料检索、规格与渲染；不可视为已完成
city_chenzhou,ch06,ming,ch05,secondary,pending,history/city_chenzhou__ming.md,city_chenzhou__ch06.yaml,assets/default/town/city_chenzhou__ch06,本轮未执行逐城史料检索、规格与渲染；不可视为已完成
city_enshi,ch06,ming,ch05,secondary,pending,history/city_enshi__ming.md,city_enshi__ch06.yaml,assets/default/town/city_enshi__ch06,本轮未执行逐城史料检索、规格与渲染；不可视为已完成
city_chenzhou_yuanling,ch06,ming,ch05,secondary,pending,history/city_chenzhou_yuanling__ming.md,city_chenzhou_yuanling__ch06.yaml,assets/default/town/city_chenzhou_yuanling__ch06,本轮未执行逐城史料检索、规格与渲染；不可视为已完成
city_jingmen,ch06,ming,ch05,secondary,pending,history/city_jingmen__ming.md,city_jingmen__ch06.yaml,assets/default/town/city_jingmen__ch06,本轮未执行逐城史料检索、规格与渲染；不可视为已完成
city_shaoguan,ch06,ming,ch05,secondary,pending,history/city_shaoguan__ming.md,city_shaoguan__ch06.yaml,assets/default/town/city_shaoguan__ch06,本轮未执行逐城史料检索、规格与渲染；不可视为已完成
city_sanya,ch06,ming,ch05,secondary,pending,history/city_sanya__ming.md,city_sanya__ch06.yaml,assets/default/town/city_sanya__ch06,本轮未执行逐城史料检索、规格与渲染；不可视为已完成
city_meishan,ch06,ming,ch05,secondary,pending,history/city_meishan__ming.md,city_meishan__ch06.yaml,assets/default/town/city_meishan__ch06,本轮未执行逐城史料检索、规格与渲染；不可视为已完成
city_yaan,ch06,ming,ch05,secondary,pending,history/city_yaan__ming.md,city_yaan__ch06.yaml,assets/default/town/city_yaan__ch06,本轮未执行逐城史料检索、规格与渲染；不可视为已完成
city_dazhou,ch06,ming,ch05,secondary,pending,history/city_dazhou__ming.md,city_dazhou__ch06.yaml,assets/default/town/city_dazhou__ch06,本轮未执行逐城史料检索、规格与渲染；不可视为已完成
city_bazhong,ch06,ming,ch05,secondary,pending,history/city_bazhong__ming.md,city_bazhong__ch06.yaml,assets/default/town/city_bazhong__ch06,本轮未执行逐城史料检索、规格与渲染；不可视为已完成
city_langzhong,ch06,ming,ch05,secondary,pending,history/city_langzhong__ming.md,city_langzhong__ch06.yaml,assets/default/town/city_langzhong__ch06,本轮未执行逐城史料检索、规格与渲染；不可视为已完成
city_zunyi,ch06,ming,ch05,secondary,pending,history/city_zunyi__ming.md,city_zunyi__ch06.yaml,assets/default/town/city_zunyi__ch06,本轮未执行逐城史料检索、规格与渲染；不可视为已完成
city_jinghong,ch06,ming,ch05,secondary,pending,history/city_jinghong__ming.md,city_jinghong__ch06.yaml,assets/default/town/city_jinghong__ch06,本轮未执行逐城史料检索、规格与渲染；不可视为已完成
city_gyantse,ch06,ming,ch05,secondary,pending,history/city_gyantse__ming.md,city_gyantse__ch06.yaml,assets/default/town/city_gyantse__ch06,本轮未执行逐城史料检索、规格与渲染；不可视为已完成
city_yushu,ch06,ming,ch05,secondary,pending,history/city_yushu__ming.md,city_yushu__ch06.yaml,assets/default/town/city_yushu__ch06,本轮未执行逐城史料检索、规格与渲染；不可视为已完成
city_altay,ch06,ming,ch05,secondary,pending,history/city_altay__ming.md,city_altay__ch06.yaml,assets/default/town/city_altay__ch06,本轮未执行逐城史料检索、规格与渲染；不可视为已完成
city_xingcheng,ch06,ming,ch05,secondary,pending,history/city_xingcheng__ming.md,city_xingcheng__ch06.yaml,assets/default/town/city_xingcheng__ch06,本轮未执行逐城史料检索、规格与渲染；不可视为已完成
city_khotan_kunlun,ch06,ming,ch05,site,pending,history/city_khotan_kunlun__ming.md,city_khotan_kunlun__ch06.yaml,assets/default/town/city_khotan_kunlun__ch06,本轮未执行逐城史料检索、规格与渲染；不可视为已完成
city_taohuadao,ch06,ming,ch05,site,pending,history/city_taohuadao__ming.md,city_taohuadao__ch06.yaml,assets/default/town/city_taohuadao__ch06,本轮未执行逐城史料检索、规格与渲染；不可视为已完成
city_xiakedao,ch06,ming,ch06,site,pending,history/city_xiakedao__ming.md,city_xiakedao__ch06.yaml,assets/default/town/city_xiakedao__ch06,本轮未执行逐城史料检索、规格与渲染；不可视为已完成
city_baiyuncheng,ch06,ming,ch06,site,pending,history/city_baiyuncheng__ming.md,city_baiyuncheng__ch06.yaml,assets/default/town/city_baiyuncheng__ch06,本轮未执行逐城史料检索、规格与渲染；不可视为已完成
city_bianfudao,ch06,ming,ch06,site,pending,history/city_bianfudao__ming.md,city_bianfudao__ch06.yaml,assets/default/town/city_bianfudao__ch06,本轮未执行逐城史料检索、规格与渲染；不可视为已完成
city_beijing,ch07,ming,ch05,capital,pending,history/city_beijing__ming.md,city_beijing__ch07.yaml,assets/default/town/city_beijing__ch07,本轮未执行逐城史料检索、规格与渲染；不可视为已完成
city_kaifeng,ch07,ming,ch05,capital,pending,history/city_kaifeng__ming.md,city_kaifeng__ch07.yaml,assets/default/town/city_kaifeng__ch07,本轮未执行逐城史料检索、规格与渲染；不可视为已完成
city_luoyang,ch07,ming,ch05,capital,pending,history/city_luoyang__ming.md,city_luoyang__ch07.yaml,assets/default/town/city_luoyang__ch07,本轮未执行逐城史料检索、规格与渲染；不可视为已完成
city_datong,ch07,ming,ch05,capital,pending,history/city_datong__ming.md,city_datong__ch07.yaml,assets/default/town/city_datong__ch07,本轮未执行逐城史料检索、规格与渲染；不可视为已完成
city_nanjing,ch07,ming,ch05,capital,pending,history/city_nanjing__ming.md,city_nanjing__ch07.yaml,assets/default/town/city_nanjing__ch07,本轮未执行逐城史料检索、规格与渲染；不可视为已完成
city_hangzhou,ch07,ming,ch05,capital,pending,history/city_hangzhou__ming.md,city_hangzhou__ch07.yaml,assets/default/town/city_hangzhou__ch07,本轮未执行逐城史料检索、规格与渲染；不可视为已完成
city_kunming,ch07,ming,ch05,capital,pending,history/city_kunming__ming.md,city_kunming__ch07.yaml,assets/default/town/city_kunming__ch07,本轮未执行逐城史料检索、规格与渲染；不可视为已完成
city_dali,ch07,ming,ch05,capital,pending,history/city_dali__ming.md,city_dali__ch07.yaml,assets/default/town/city_dali__ch07,本轮未执行逐城史料检索、规格与渲染；不可视为已完成
city_lhasa,ch07,ming,ch05,capital,pending,history/city_lhasa__ming.md,city_lhasa__ch07.yaml,assets/default/town/city_lhasa__ch07,本轮未执行逐城史料检索、规格与渲染；不可视为已完成
city_yinchuan,ch07,ming,ch05,capital,pending,history/city_yinchuan__ming.md,city_yinchuan__ch07.yaml,assets/default/town/city_yinchuan__ch07,本轮未执行逐城史料检索、规格与渲染；不可视为已完成
city_kashgar,ch07,ming,ch05,capital,pending,history/city_kashgar__ming.md,city_kashgar__ch07.yaml,assets/default/town/city_kashgar__ch07,本轮未执行逐城史料检索、规格与渲染；不可视为已完成
city_shenyang,ch07,ming,ch05,capital,pending,history/city_shenyang__ming.md,city_shenyang__ch07.yaml,assets/default/town/city_shenyang__ch07,本轮未执行逐城史料检索、规格与渲染；不可视为已完成
city_tianjin,ch07,ming,ch05,major,pending,history/city_tianjin__ming.md,city_tianjin__ch07.yaml,assets/default/town/city_tianjin__ch07,本轮未执行逐城史料检索、规格与渲染；不可视为已完成
city_baoding,ch07,ming,ch05,major,pending,history/city_baoding__ming.md,city_baoding__ch07.yaml,assets/default/town/city_baoding__ch07,本轮未执行逐城史料检索、规格与渲染；不可视为已完成
city_zhengding,ch07,ming,ch05,major,pending,history/city_zhengding__ming.md,city_zhengding__ch07.yaml,assets/default/town/city_zhengding__ch07,本轮未执行逐城史料检索、规格与渲染；不可视为已完成
city_cangzhou,ch07,ming,ch05,major,pending,history/city_cangzhou__ming.md,city_cangzhou__ch07.yaml,assets/default/town/city_cangzhou__ch07,本轮未执行逐城史料检索、规格与渲染；不可视为已完成
city_zhangjiakou,ch07,ming,ch05,major,pending,history/city_zhangjiakou__ming.md,city_zhangjiakou__ch07.yaml,assets/default/town/city_zhangjiakou__ch07,本轮未执行逐城史料检索、规格与渲染；不可视为已完成
city_shanhaiguan,ch07,ming,ch05,major,pending,history/city_shanhaiguan__ming.md,city_shanhaiguan__ch07.yaml,assets/default/town/city_shanhaiguan__ch07,本轮未执行逐城史料检索、规格与渲染；不可视为已完成
city_zhengzhou,ch07,ming,ch05,major,pending,history/city_zhengzhou__ming.md,city_zhengzhou__ch07.yaml,assets/default/town/city_zhengzhou__ch07,本轮未执行逐城史料检索、规格与渲染；不可视为已完成
city_dengfeng,ch07,ming,ch05,major,pending,history/city_dengfeng__ming.md,city_dengfeng__ch07.yaml,assets/default/town/city_dengfeng__ch07,本轮未执行逐城史料检索、规格与渲染；不可视为已完成
city_anyang,ch07,ming,ch05,major,pending,history/city_anyang__ming.md,city_anyang__ch07.yaml,assets/default/town/city_anyang__ch07,本轮未执行逐城史料检索、规格与渲染；不可视为已完成
city_shangqiu,ch07,ming,ch05,major,pending,history/city_shangqiu__ming.md,city_shangqiu__ch07.yaml,assets/default/town/city_shangqiu__ch07,本轮未执行逐城史料检索、规格与渲染；不可视为已完成
city_nanyang,ch07,ming,ch05,major,pending,history/city_nanyang__ming.md,city_nanyang__ch07.yaml,assets/default/town/city_nanyang__ch07,本轮未执行逐城史料检索、规格与渲染；不可视为已完成
city_xinyang,ch07,ming,ch05,major,pending,history/city_xinyang__ming.md,city_xinyang__ch07.yaml,assets/default/town/city_xinyang__ch07,本轮未执行逐城史料检索、规格与渲染；不可视为已完成
city_xian,ch07,ming,ch05,major,pending,history/city_xian__ming.md,city_xian__ch07.yaml,assets/default/town/city_xian__ch07,本轮未执行逐城史料检索、规格与渲染；不可视为已完成
city_huayin,ch07,ming,ch05,major,pending,history/city_huayin__ming.md,city_huayin__ch07.yaml,assets/default/town/city_huayin__ch07,本轮未执行逐城史料检索、规格与渲染；不可视为已完成
city_baoji,ch07,ming,ch05,major,pending,history/city_baoji__ming.md,city_baoji__ch07.yaml,assets/default/town/city_baoji__ch07,本轮未执行逐城史料检索、规格与渲染；不可视为已完成
city_hanzhong,ch07,ming,ch05,major,pending,history/city_hanzhong__ming.md,city_hanzhong__ch07.yaml,assets/default/town/city_hanzhong__ch07,本轮未执行逐城史料检索、规格与渲染；不可视为已完成
city_yanan,ch07,ming,ch05,major,pending,history/city_yanan__ming.md,city_yanan__ch07.yaml,assets/default/town/city_yanan__ch07,本轮未执行逐城史料检索、规格与渲染；不可视为已完成
city_yulin,ch07,ming,ch05,major,pending,history/city_yulin__ming.md,city_yulin__ch07.yaml,assets/default/town/city_yulin__ch07,本轮未执行逐城史料检索、规格与渲染；不可视为已完成
city_taiyuan,ch07,ming,ch05,major,pending,history/city_taiyuan__ming.md,city_taiyuan__ch07.yaml,assets/default/town/city_taiyuan__ch07,本轮未执行逐城史料检索、规格与渲染；不可视为已完成
city_yuncheng,ch07,ming,ch05,major,pending,history/city_yuncheng__ming.md,city_yuncheng__ch07.yaml,assets/default/town/city_yuncheng__ch07,本轮未执行逐城史料检索、规格与渲染；不可视为已完成
city_linfen,ch07,ming,ch05,major,pending,history/city_linfen__ming.md,city_linfen__ch07.yaml,assets/default/town/city_linfen__ch07,本轮未执行逐城史料检索、规格与渲染；不可视为已完成
city_changzhi,ch07,ming,ch05,major,pending,history/city_changzhi__ming.md,city_changzhi__ch07.yaml,assets/default/town/city_changzhi__ch07,本轮未执行逐城史料检索、规格与渲染；不可视为已完成
city_shuozhou,ch07,ming,ch05,major,pending,history/city_shuozhou__ming.md,city_shuozhou__ch07.yaml,assets/default/town/city_shuozhou__ch07,本轮未执行逐城史料检索、规格与渲染；不可视为已完成
city_jinan,ch07,ming,ch05,major,pending,history/city_jinan__ming.md,city_jinan__ch07.yaml,assets/default/town/city_jinan__ch07,本轮未执行逐城史料检索、规格与渲染；不可视为已完成
city_qufu,ch07,ming,ch05,major,pending,history/city_qufu__ming.md,city_qufu__ch07.yaml,assets/default/town/city_qufu__ch07,本轮未执行逐城史料检索、规格与渲染；不可视为已完成
city_taian,ch07,ming,ch05,major,pending,history/city_taian__ming.md,city_taian__ch07.yaml,assets/default/town/city_taian__ch07,本轮未执行逐城史料检索、规格与渲染；不可视为已完成
city_qingzhou,ch07,ming,ch05,major,pending,history/city_qingzhou__ming.md,city_qingzhou__ch07.yaml,assets/default/town/city_qingzhou__ch07,本轮未执行逐城史料检索、规格与渲染；不可视为已完成
city_dezhou,ch07,ming,ch05,major,pending,history/city_dezhou__ming.md,city_dezhou__ch07.yaml,assets/default/town/city_dezhou__ch07,本轮未执行逐城史料检索、规格与渲染；不可视为已完成
city_yantai,ch07,ming,ch05,major,pending,history/city_yantai__ming.md,city_yantai__ch07.yaml,assets/default/town/city_yantai__ch07,本轮未执行逐城史料检索、规格与渲染；不可视为已完成
city_penglai,ch07,ming,ch05,major,pending,history/city_penglai__ming.md,city_penglai__ch07.yaml,assets/default/town/city_penglai__ch07,本轮未执行逐城史料检索、规格与渲染；不可视为已完成
city_yangzhou,ch07,ming,ch05,major,pending,history/city_yangzhou__ming.md,city_yangzhou__ch07.yaml,assets/default/town/city_yangzhou__ch07,本轮未执行逐城史料检索、规格与渲染；不可视为已完成
city_zhenjiang,ch07,ming,ch05,major,pending,history/city_zhenjiang__ming.md,city_zhenjiang__ch07.yaml,assets/default/town/city_zhenjiang__ch07,本轮未执行逐城史料检索、规格与渲染；不可视为已完成
city_xuzhou,ch07,ming,ch05,major,pending,history/city_xuzhou__ming.md,city_xuzhou__ch07.yaml,assets/default/town/city_xuzhou__ch07,本轮未执行逐城史料检索、规格与渲染；不可视为已完成
city_hefei,ch07,ming,ch05,major,pending,history/city_hefei__ming.md,city_hefei__ch07.yaml,assets/default/town/city_hefei__ch07,本轮未执行逐城史料检索、规格与渲染；不可视为已完成
city_anqing,ch07,ming,ch05,major,pending,history/city_anqing__ming.md,city_anqing__ch07.yaml,assets/default/town/city_anqing__ch07,本轮未执行逐城史料检索、规格与渲染；不可视为已完成
city_wuhu,ch07,ming,ch05,major,pending,history/city_wuhu__ming.md,city_wuhu__ch07.yaml,assets/default/town/city_wuhu__ch07,本轮未执行逐城史料检索、规格与渲染；不可视为已完成
city_huangshan,ch07,ming,ch05,major,pending,history/city_huangshan__ming.md,city_huangshan__ch07.yaml,assets/default/town/city_huangshan__ch07,本轮未执行逐城史料检索、规格与渲染；不可视为已完成
city_suzhou,ch07,ming,ch05,major,pending,history/city_suzhou__ming.md,city_suzhou__ch07.yaml,assets/default/town/city_suzhou__ch07,本轮未执行逐城史料检索、规格与渲染；不可视为已完成
city_wuxi,ch07,ming,ch05,major,pending,history/city_wuxi__ming.md,city_wuxi__ch07.yaml,assets/default/town/city_wuxi__ch07,本轮未执行逐城史料检索、规格与渲染；不可视为已完成
city_jiaxing,ch07,ming,ch05,major,pending,history/city_jiaxing__ming.md,city_jiaxing__ch07.yaml,assets/default/town/city_jiaxing__ch07,本轮未执行逐城史料检索、规格与渲染；不可视为已完成
city_shaoxing,ch07,ming,ch05,major,pending,history/city_shaoxing__ming.md,city_shaoxing__ch07.yaml,assets/default/town/city_shaoxing__ch07,本轮未执行逐城史料检索、规格与渲染；不可视为已完成
city_ningbo,ch07,ming,ch05,major,pending,history/city_ningbo__ming.md,city_ningbo__ch07.yaml,assets/default/town/city_ningbo__ch07,本轮未执行逐城史料检索、规格与渲染；不可视为已完成
city_zhoushan,ch07,ming,ch05,major,pending,history/city_zhoushan__ming.md,city_zhoushan__ch07.yaml,assets/default/town/city_zhoushan__ch07,本轮未执行逐城史料检索、规格与渲染；不可视为已完成
city_wenzhou,ch07,ming,ch05,major,pending,history/city_wenzhou__ming.md,city_wenzhou__ch07.yaml,assets/default/town/city_wenzhou__ch07,本轮未执行逐城史料检索、规格与渲染；不可视为已完成
city_fuzhou,ch07,ming,ch05,major,pending,history/city_fuzhou__ming.md,city_fuzhou__ch07.yaml,assets/default/town/city_fuzhou__ch07,本轮未执行逐城史料检索、规格与渲染；不可视为已完成
city_quanzhou,ch07,ming,ch05,major,pending,history/city_quanzhou__ming.md,city_quanzhou__ch07.yaml,assets/default/town/city_quanzhou__ch07,本轮未执行逐城史料检索、规格与渲染；不可视为已完成
city_putian,ch07,ming,ch05,major,pending,history/city_putian__ming.md,city_putian__ch07.yaml,assets/default/town/city_putian__ch07,本轮未执行逐城史料检索、规格与渲染；不可视为已完成
city_xiamen,ch07,ming,ch05,major,pending,history/city_xiamen__ming.md,city_xiamen__ch07.yaml,assets/default/town/city_xiamen__ch07,本轮未执行逐城史料检索、规格与渲染；不可视为已完成
city_zhangzhou,ch07,ming,ch05,major,pending,history/city_zhangzhou__ming.md,city_zhangzhou__ch07.yaml,assets/default/town/city_zhangzhou__ch07,本轮未执行逐城史料检索、规格与渲染；不可视为已完成
city_nanchang,ch07,ming,ch05,major,pending,history/city_nanchang__ming.md,city_nanchang__ch07.yaml,assets/default/town/city_nanchang__ch07,本轮未执行逐城史料检索、规格与渲染；不可视为已完成
city_jiujiang,ch07,ming,ch05,major,pending,history/city_jiujiang__ming.md,city_jiujiang__ch07.yaml,assets/default/town/city_jiujiang__ch07,本轮未执行逐城史料检索、规格与渲染；不可视为已完成
city_ganzhou,ch07,ming,ch05,major,pending,history/city_ganzhou__ming.md,city_ganzhou__ch07.yaml,assets/default/town/city_ganzhou__ch07,本轮未执行逐城史料检索、规格与渲染；不可视为已完成
city_jingdezhen,ch07,ming,ch05,major,pending,history/city_jingdezhen__ming.md,city_jingdezhen__ch07.yaml,assets/default/town/city_jingdezhen__ch07,本轮未执行逐城史料检索、规格与渲染；不可视为已完成
city_wuhan,ch07,ming,ch05,major,pending,history/city_wuhan__ming.md,city_wuhan__ch07.yaml,assets/default/town/city_wuhan__ch07,本轮未执行逐城史料检索、规格与渲染；不可视为已完成
city_xiangyang,ch07,ming,ch05,major,pending,history/city_xiangyang__ming.md,city_xiangyang__ch07.yaml,assets/default/town/city_xiangyang__ch07,本轮未执行逐城史料检索、规格与渲染；不可视为已完成
city_jingzhou,ch07,ming,ch05,major,pending,history/city_jingzhou__ming.md,city_jingzhou__ch07.yaml,assets/default/town/city_jingzhou__ch07,本轮未执行逐城史料检索、规格与渲染；不可视为已完成
city_yueyang,ch07,ming,ch05,major,pending,history/city_yueyang__ming.md,city_yueyang__ch07.yaml,assets/default/town/city_yueyang__ch07,本轮未执行逐城史料检索、规格与渲染；不可视为已完成
city_changsha,ch07,ming,ch05,major,pending,history/city_changsha__ming.md,city_changsha__ch07.yaml,assets/default/town/city_changsha__ch07,本轮未执行逐城史料检索、规格与渲染；不可视为已完成
city_hengyang,ch07,ming,ch05,major,pending,history/city_hengyang__ming.md,city_hengyang__ch07.yaml,assets/default/town/city_hengyang__ch07,本轮未执行逐城史料检索、规格与渲染；不可视为已完成
city_shiyan,ch07,ming,ch05,major,pending,history/city_shiyan__ming.md,city_shiyan__ch07.yaml,assets/default/town/city_shiyan__ch07,本轮未执行逐城史料检索、规格与渲染；不可视为已完成
city_yichang,ch07,ming,ch05,major,pending,history/city_yichang__ming.md,city_yichang__ch07.yaml,assets/default/town/city_yichang__ch07,本轮未执行逐城史料检索、规格与渲染；不可视为已完成
city_guangzhou,ch07,ming,ch05,major,pending,history/city_guangzhou__ming.md,city_guangzhou__ch07.yaml,assets/default/town/city_guangzhou__ch07,本轮未执行逐城史料检索、规格与渲染；不可视为已完成
city_foshan,ch07,ming,ch05,major,pending,history/city_foshan__ming.md,city_foshan__ch07.yaml,assets/default/town/city_foshan__ch07,本轮未执行逐城史料检索、规格与渲染；不可视为已完成
city_zhaoqing,ch07,ming,ch05,major,pending,history/city_zhaoqing__ming.md,city_zhaoqing__ch07.yaml,assets/default/town/city_zhaoqing__ch07,本轮未执行逐城史料检索、规格与渲染；不可视为已完成
city_chaozhou,ch07,ming,ch05,major,pending,history/city_chaozhou__ming.md,city_chaozhou__ch07.yaml,assets/default/town/city_chaozhou__ch07,本轮未执行逐城史料检索、规格与渲染；不可视为已完成
city_guilin,ch07,ming,ch05,major,pending,history/city_guilin__ming.md,city_guilin__ch07.yaml,assets/default/town/city_guilin__ch07,本轮未执行逐城史料检索、规格与渲染；不可视为已完成
city_liuzhou,ch07,ming,ch05,major,pending,history/city_liuzhou__ming.md,city_liuzhou__ch07.yaml,assets/default/town/city_liuzhou__ch07,本轮未执行逐城史料检索、规格与渲染；不可视为已完成
city_nanning,ch07,ming,ch05,major,pending,history/city_nanning__ming.md,city_nanning__ch07.yaml,assets/default/town/city_nanning__ch07,本轮未执行逐城史料检索、规格与渲染；不可视为已完成
city_haikou,ch07,ming,ch05,major,pending,history/city_haikou__ming.md,city_haikou__ch07.yaml,assets/default/town/city_haikou__ch07,本轮未执行逐城史料检索、规格与渲染；不可视为已完成
city_chengdu,ch07,ming,ch05,major,pending,history/city_chengdu__ming.md,city_chengdu__ch07.yaml,assets/default/town/city_chengdu__ch07,本轮未执行逐城史料检索、规格与渲染；不可视为已完成
city_chongqing,ch07,ming,ch05,major,pending,history/city_chongqing__ming.md,city_chongqing__ch07.yaml,assets/default/town/city_chongqing__ch07,本轮未执行逐城史料检索、规格与渲染；不可视为已完成
city_dujiangyan,ch07,ming,ch05,major,pending,history/city_dujiangyan__ming.md,city_dujiangyan__ch07.yaml,assets/default/town/city_dujiangyan__ch07,本轮未执行逐城史料检索、规格与渲染；不可视为已完成
city_leshan,ch07,ming,ch05,major,pending,history/city_leshan__ming.md,city_leshan__ch07.yaml,assets/default/town/city_leshan__ch07,本轮未执行逐城史料检索、规格与渲染；不可视为已完成
city_fengjie,ch07,ming,ch05,major,pending,history/city_fengjie__ming.md,city_fengjie__ch07.yaml,assets/default/town/city_fengjie__ch07,本轮未执行逐城史料检索、规格与渲染；不可视为已完成
city_lijiang,ch07,ming,ch05,major,pending,history/city_lijiang__ming.md,city_lijiang__ch07.yaml,assets/default/town/city_lijiang__ch07,本轮未执行逐城史料检索、规格与渲染；不可视为已完成
city_baoshan,ch07,ming,ch05,major,pending,history/city_baoshan__ming.md,city_baoshan__ch07.yaml,assets/default/town/city_baoshan__ch07,本轮未执行逐城史料检索、规格与渲染；不可视为已完成
city_tengchong,ch07,ming,ch05,major,pending,history/city_tengchong__ming.md,city_tengchong__ch07.yaml,assets/default/town/city_tengchong__ch07,本轮未执行逐城史料检索、规格与渲染；不可视为已完成
city_qujing,ch07,ming,ch05,major,pending,history/city_qujing__ming.md,city_qujing__ch07.yaml,assets/default/town/city_qujing__ch07,本轮未执行逐城史料检索、规格与渲染；不可视为已完成
city_guiyang,ch07,ming,ch05,major,pending,history/city_guiyang__ming.md,city_guiyang__ch07.yaml,assets/default/town/city_guiyang__ch07,本轮未执行逐城史料检索、规格与渲染；不可视为已完成
city_shigatse,ch07,ming,ch05,major,pending,history/city_shigatse__ming.md,city_shigatse__ch07.yaml,assets/default/town/city_shigatse__ch07,本轮未执行逐城史料检索、规格与渲染；不可视为已完成
city_qamdo,ch07,ming,ch05,major,pending,history/city_qamdo__ming.md,city_qamdo__ch07.yaml,assets/default/town/city_qamdo__ch07,本轮未执行逐城史料检索、规格与渲染；不可视为已完成
city_ngari,ch07,ming,ch05,major,pending,history/city_ngari__ming.md,city_ngari__ch07.yaml,assets/default/town/city_ngari__ch07,本轮未执行逐城史料检索、规格与渲染；不可视为已完成
city_lanzhou,ch07,ming,ch05,major,pending,history/city_lanzhou__ming.md,city_lanzhou__ch07.yaml,assets/default/town/city_lanzhou__ch07,本轮未执行逐城史料检索、规格与渲染；不可视为已完成
city_tianshui,ch07,ming,ch05,major,pending,history/city_tianshui__ming.md,city_tianshui__ch07.yaml,assets/default/town/city_tianshui__ch07,本轮未执行逐城史料检索、规格与渲染；不可视为已完成
city_pingliang,ch07,ming,ch05,major,pending,history/city_pingliang__ming.md,city_pingliang__ch07.yaml,assets/default/town/city_pingliang__ch07,本轮未执行逐城史料检索、规格与渲染；不可视为已完成
city_wuwei,ch07,ming,ch05,major,pending,history/city_wuwei__ming.md,city_wuwei__ch07.yaml,assets/default/town/city_wuwei__ch07,本轮未执行逐城史料检索、规格与渲染；不可视为已完成
city_zhangye,ch07,ming,ch05,major,pending,history/city_zhangye__ming.md,city_zhangye__ch07.yaml,assets/default/town/city_zhangye__ch07,本轮未执行逐城史料检索、规格与渲染；不可视为已完成
city_jiuquan,ch07,ming,ch05,major,pending,history/city_jiuquan__ming.md,city_jiuquan__ch07.yaml,assets/default/town/city_jiuquan__ch07,本轮未执行逐城史料检索、规格与渲染；不可视为已完成
city_dunhuang,ch07,ming,ch05,major,pending,history/city_dunhuang__ming.md,city_dunhuang__ch07.yaml,assets/default/town/city_dunhuang__ch07,本轮未执行逐城史料检索、规格与渲染；不可视为已完成
city_zhongwei,ch07,ming,ch05,major,pending,history/city_zhongwei__ming.md,city_zhongwei__ch07.yaml,assets/default/town/city_zhongwei__ch07,本轮未执行逐城史料检索、规格与渲染；不可视为已完成
city_xining,ch07,ming,ch05,major,pending,history/city_xining__ming.md,city_xining__ch07.yaml,assets/default/town/city_xining__ch07,本轮未执行逐城史料检索、规格与渲染；不可视为已完成
city_hotan,ch07,ming,ch05,major,pending,history/city_hotan__ming.md,city_hotan__ch07.yaml,assets/default/town/city_hotan__ch07,本轮未执行逐城史料检索、规格与渲染；不可视为已完成
city_yarkand,ch07,ming,ch05,major,pending,history/city_yarkand__ming.md,city_yarkand__ch07.yaml,assets/default/town/city_yarkand__ch07,本轮未执行逐城史料检索、规格与渲染；不可视为已完成
city_aksu,ch07,ming,ch05,major,pending,history/city_aksu__ming.md,city_aksu__ch07.yaml,assets/default/town/city_aksu__ch07,本轮未执行逐城史料检索、规格与渲染；不可视为已完成
city_kuqa,ch07,ming,ch05,major,pending,history/city_kuqa__ming.md,city_kuqa__ch07.yaml,assets/default/town/city_kuqa__ch07,本轮未执行逐城史料检索、规格与渲染；不可视为已完成
city_korla,ch07,ming,ch05,major,pending,history/city_korla__ming.md,city_korla__ch07.yaml,assets/default/town/city_korla__ch07,本轮未执行逐城史料检索、规格与渲染；不可视为已完成
city_turpan,ch07,ming,ch05,major,pending,history/city_turpan__ming.md,city_turpan__ch07.yaml,assets/default/town/city_turpan__ch07,本轮未执行逐城史料检索、规格与渲染；不可视为已完成
city_hami,ch07,ming,ch05,major,pending,history/city_hami__ming.md,city_hami__ch07.yaml,assets/default/town/city_hami__ch07,本轮未执行逐城史料检索、规格与渲染；不可视为已完成
city_yining,ch07,ming,ch05,major,pending,history/city_yining__ming.md,city_yining__ch07.yaml,assets/default/town/city_yining__ch07,本轮未执行逐城史料检索、规格与渲染；不可视为已完成
city_liaoyang,ch07,ming,ch05,major,pending,history/city_liaoyang__ming.md,city_liaoyang__ch07.yaml,assets/default/town/city_liaoyang__ch07,本轮未执行逐城史料检索、规格与渲染；不可视为已完成
city_jinzhou,ch07,ming,ch05,major,pending,history/city_jinzhou__ming.md,city_jinzhou__ch07.yaml,assets/default/town/city_jinzhou__ch07,本轮未执行逐城史料检索、规格与渲染；不可视为已完成
city_dandong,ch07,ming,ch05,major,pending,history/city_dandong__ming.md,city_dandong__ch07.yaml,assets/default/town/city_dandong__ch07,本轮未执行逐城史料检索、规格与渲染；不可视为已完成
city_yingkou,ch07,ming,ch05,major,pending,history/city_yingkou__ming.md,city_yingkou__ch07.yaml,assets/default/town/city_yingkou__ch07,本轮未执行逐城史料检索、规格与渲染；不可视为已完成
city_jilin,ch07,ming,ch05,major,pending,history/city_jilin__ming.md,city_jilin__ch07.yaml,assets/default/town/city_jilin__ch07,本轮未执行逐城史料检索、规格与渲染；不可视为已完成
city_ningan,ch07,ming,ch05,major,pending,history/city_ningan__ming.md,city_ningan__ch07.yaml,assets/default/town/city_ningan__ch07,本轮未执行逐城史料检索、规格与渲染；不可视为已完成
city_chifeng,ch07,ming,ch05,major,pending,history/city_chifeng__ming.md,city_chifeng__ch07.yaml,assets/default/town/city_chifeng__ch07,本轮未执行逐城史料检索、规格与渲染；不可视为已完成
city_hohhot,ch07,ming,ch05,major,pending,history/city_hohhot__ming.md,city_hohhot__ch07.yaml,assets/default/town/city_hohhot__ch07,本轮未执行逐城史料检索、规格与渲染；不可视为已完成
city_ordos,ch07,ming,ch05,major,pending,history/city_ordos__ming.md,city_ordos__ch07.yaml,assets/default/town/city_ordos__ch07,本轮未执行逐城史料检索、规格与渲染；不可视为已完成
city_xilinhot,ch07,ming,ch05,major,pending,history/city_xilinhot__ming.md,city_xilinhot__ch07.yaml,assets/default/town/city_xilinhot__ch07,本轮未执行逐城史料检索、规格与渲染；不可视为已完成
city_penghu,ch07,ming,ch05,major,pending,history/city_penghu__ming.md,city_penghu__ch07.yaml,assets/default/town/city_penghu__ch07,本轮未执行逐城史料检索、规格与渲染；不可视为已完成
city_hejian,ch07,ming,ch05,secondary,pending,history/city_hejian__ming.md,city_hejian__ch07.yaml,assets/default/town/city_hejian__ch07,本轮未执行逐城史料检索、规格与渲染；不可视为已完成
city_qinhuangdao,ch07,ming,ch05,secondary,pending,history/city_qinhuangdao__ming.md,city_qinhuangdao__ch07.yaml,assets/default/town/city_qinhuangdao__ch07,本轮未执行逐城史料检索、规格与渲染；不可视为已完成
city_xinxiang,ch07,ming,ch05,secondary,pending,history/city_xinxiang__ming.md,city_xinxiang__ch07.yaml,assets/default/town/city_xinxiang__ch07,本轮未执行逐城史料检索、规格与渲染；不可视为已完成
city_jiaozuo,ch07,ming,ch05,secondary,pending,history/city_jiaozuo__ming.md,city_jiaozuo__ch07.yaml,assets/default/town/city_jiaozuo__ch07,本轮未执行逐城史料检索、规格与渲染；不可视为已完成
city_xuchang,ch07,ming,ch05,secondary,pending,history/city_xuchang__ming.md,city_xuchang__ch07.yaml,assets/default/town/city_xuchang__ch07,本轮未执行逐城史料检索、规格与渲染；不可视为已完成
city_pingdingshan,ch07,ming,ch05,secondary,pending,history/city_pingdingshan__ming.md,city_pingdingshan__ch07.yaml,assets/default/town/city_pingdingshan__ch07,本轮未执行逐城史料检索、规格与渲染；不可视为已完成
city_xianyang,ch07,ming,ch05,secondary,pending,history/city_xianyang__ming.md,city_xianyang__ch07.yaml,assets/default/town/city_xianyang__ch07,本轮未执行逐城史料检索、规格与渲染；不可视为已完成
city_weinan,ch07,ming,ch05,secondary,pending,history/city_weinan__ming.md,city_weinan__ch07.yaml,assets/default/town/city_weinan__ch07,本轮未执行逐城史料检索、规格与渲染；不可视为已完成
city_ankang,ch07,ming,ch05,secondary,pending,history/city_ankang__ming.md,city_ankang__ch07.yaml,assets/default/town/city_ankang__ch07,本轮未执行逐城史料检索、规格与渲染；不可视为已完成
city_shangluo,ch07,ming,ch05,secondary,pending,history/city_shangluo__ming.md,city_shangluo__ch07.yaml,assets/default/town/city_shangluo__ch07,本轮未执行逐城史料检索、规格与渲染；不可视为已完成
city_pingyao,ch07,ming,ch05,secondary,pending,history/city_pingyao__ming.md,city_pingyao__ch07.yaml,assets/default/town/city_pingyao__ch07,本轮未执行逐城史料检索、规格与渲染；不可视为已完成
city_xinzhou,ch07,ming,ch05,secondary,pending,history/city_xinzhou__ming.md,city_xinzhou__ch07.yaml,assets/default/town/city_xinzhou__ch07,本轮未执行逐城史料检索、规格与渲染；不可视为已完成
city_jincheng,ch07,ming,ch05,secondary,pending,history/city_jincheng__ming.md,city_jincheng__ch07.yaml,assets/default/town/city_jincheng__ch07,本轮未执行逐城史料检索、规格与渲染；不可视为已完成
city_liaocheng,ch07,ming,ch05,secondary,pending,history/city_liaocheng__ming.md,city_liaocheng__ch07.yaml,assets/default/town/city_liaocheng__ch07,本轮未执行逐城史料检索、规格与渲染；不可视为已完成
city_linyi,ch07,ming,ch05,secondary,pending,history/city_linyi__ming.md,city_linyi__ch07.yaml,assets/default/town/city_linyi__ch07,本轮未执行逐城史料检索、规格与渲染；不可视为已完成
city_weihai,ch07,ming,ch05,secondary,pending,history/city_weihai__ming.md,city_weihai__ch07.yaml,assets/default/town/city_weihai__ch07,本轮未执行逐城史料检索、规格与渲染；不可视为已完成
city_zibo,ch07,ming,ch05,secondary,pending,history/city_zibo__ming.md,city_zibo__ch07.yaml,assets/default/town/city_zibo__ch07,本轮未执行逐城史料检索、规格与渲染；不可视为已完成
city_dongping,ch07,ming,ch05,secondary,pending,history/city_dongping__ming.md,city_dongping__ch07.yaml,assets/default/town/city_dongping__ch07,本轮未执行逐城史料检索、规格与渲染；不可视为已完成
city_lianyungang,ch07,ming,ch05,secondary,pending,history/city_lianyungang__ming.md,city_lianyungang__ch07.yaml,assets/default/town/city_lianyungang__ch07,本轮未执行逐城史料检索、规格与渲染；不可视为已完成
city_fuyang,ch07,ming,ch05,secondary,pending,history/city_fuyang__ming.md,city_fuyang__ch07.yaml,assets/default/town/city_fuyang__ch07,本轮未执行逐城史料检索、规格与渲染；不可视为已完成
city_jinhua,ch07,ming,ch05,secondary,pending,history/city_jinhua__ming.md,city_jinhua__ch07.yaml,assets/default/town/city_jinhua__ch07,本轮未执行逐城史料检索、规格与渲染；不可视为已完成
city_quzhou,ch07,ming,ch05,secondary,pending,history/city_quzhou__ming.md,city_quzhou__ch07.yaml,assets/default/town/city_quzhou__ch07,本轮未执行逐城史料检索、规格与渲染；不可视为已完成
city_huzhou,ch07,ming,ch05,secondary,pending,history/city_huzhou__ming.md,city_huzhou__ch07.yaml,assets/default/town/city_huzhou__ch07,本轮未执行逐城史料检索、规格与渲染；不可视为已完成
city_changzhou,ch07,ming,ch05,secondary,pending,history/city_changzhou__ming.md,city_changzhou__ch07.yaml,assets/default/town/city_changzhou__ch07,本轮未执行逐城史料检索、规格与渲染；不可视为已完成
city_wuyishan,ch07,ming,ch05,secondary,pending,history/city_wuyishan__ming.md,city_wuyishan__ch07.yaml,assets/default/town/city_wuyishan__ch07,本轮未执行逐城史料检索、规格与渲染；不可视为已完成
city_shangrao,ch07,ming,ch05,secondary,pending,history/city_shangrao__ming.md,city_shangrao__ch07.yaml,assets/default/town/city_shangrao__ch07,本轮未执行逐城史料检索、规格与渲染；不可视为已完成
city_chenzhou,ch07,ming,ch05,secondary,pending,history/city_chenzhou__ming.md,city_chenzhou__ch07.yaml,assets/default/town/city_chenzhou__ch07,本轮未执行逐城史料检索、规格与渲染；不可视为已完成
city_enshi,ch07,ming,ch05,secondary,pending,history/city_enshi__ming.md,city_enshi__ch07.yaml,assets/default/town/city_enshi__ch07,本轮未执行逐城史料检索、规格与渲染；不可视为已完成
city_chenzhou_yuanling,ch07,ming,ch05,secondary,pending,history/city_chenzhou_yuanling__ming.md,city_chenzhou_yuanling__ch07.yaml,assets/default/town/city_chenzhou_yuanling__ch07,本轮未执行逐城史料检索、规格与渲染；不可视为已完成
city_jingmen,ch07,ming,ch05,secondary,pending,history/city_jingmen__ming.md,city_jingmen__ch07.yaml,assets/default/town/city_jingmen__ch07,本轮未执行逐城史料检索、规格与渲染；不可视为已完成
city_shaoguan,ch07,ming,ch05,secondary,pending,history/city_shaoguan__ming.md,city_shaoguan__ch07.yaml,assets/default/town/city_shaoguan__ch07,本轮未执行逐城史料检索、规格与渲染；不可视为已完成
city_sanya,ch07,ming,ch05,secondary,pending,history/city_sanya__ming.md,city_sanya__ch07.yaml,assets/default/town/city_sanya__ch07,本轮未执行逐城史料检索、规格与渲染；不可视为已完成
city_meishan,ch07,ming,ch05,secondary,pending,history/city_meishan__ming.md,city_meishan__ch07.yaml,assets/default/town/city_meishan__ch07,本轮未执行逐城史料检索、规格与渲染；不可视为已完成
city_yaan,ch07,ming,ch05,secondary,pending,history/city_yaan__ming.md,city_yaan__ch07.yaml,assets/default/town/city_yaan__ch07,本轮未执行逐城史料检索、规格与渲染；不可视为已完成
city_dazhou,ch07,ming,ch05,secondary,pending,history/city_dazhou__ming.md,city_dazhou__ch07.yaml,assets/default/town/city_dazhou__ch07,本轮未执行逐城史料检索、规格与渲染；不可视为已完成
city_bazhong,ch07,ming,ch05,secondary,pending,history/city_bazhong__ming.md,city_bazhong__ch07.yaml,assets/default/town/city_bazhong__ch07,本轮未执行逐城史料检索、规格与渲染；不可视为已完成
city_langzhong,ch07,ming,ch05,secondary,pending,history/city_langzhong__ming.md,city_langzhong__ch07.yaml,assets/default/town/city_langzhong__ch07,本轮未执行逐城史料检索、规格与渲染；不可视为已完成
city_zunyi,ch07,ming,ch05,secondary,pending,history/city_zunyi__ming.md,city_zunyi__ch07.yaml,assets/default/town/city_zunyi__ch07,本轮未执行逐城史料检索、规格与渲染；不可视为已完成
city_jinghong,ch07,ming,ch05,secondary,pending,history/city_jinghong__ming.md,city_jinghong__ch07.yaml,assets/default/town/city_jinghong__ch07,本轮未执行逐城史料检索、规格与渲染；不可视为已完成
city_gyantse,ch07,ming,ch05,secondary,pending,history/city_gyantse__ming.md,city_gyantse__ch07.yaml,assets/default/town/city_gyantse__ch07,本轮未执行逐城史料检索、规格与渲染；不可视为已完成
city_yushu,ch07,ming,ch05,secondary,pending,history/city_yushu__ming.md,city_yushu__ch07.yaml,assets/default/town/city_yushu__ch07,本轮未执行逐城史料检索、规格与渲染；不可视为已完成
city_altay,ch07,ming,ch05,secondary,pending,history/city_altay__ming.md,city_altay__ch07.yaml,assets/default/town/city_altay__ch07,本轮未执行逐城史料检索、规格与渲染；不可视为已完成
city_xingcheng,ch07,ming,ch05,secondary,pending,history/city_xingcheng__ming.md,city_xingcheng__ch07.yaml,assets/default/town/city_xingcheng__ch07,本轮未执行逐城史料检索、规格与渲染；不可视为已完成
city_khotan_kunlun,ch07,ming,ch05,site,pending,history/city_khotan_kunlun__ming.md,city_khotan_kunlun__ch07.yaml,assets/default/town/city_khotan_kunlun__ch07,本轮未执行逐城史料检索、规格与渲染；不可视为已完成
city_taohuadao,ch07,ming,ch05,site,pending,history/city_taohuadao__ming.md,city_taohuadao__ch07.yaml,assets/default/town/city_taohuadao__ch07,本轮未执行逐城史料检索、规格与渲染；不可视为已完成
city_baiyuncheng,ch07,ming,ch06,site,pending,history/city_baiyuncheng__ming.md,city_baiyuncheng__ch07.yaml,assets/default/town/city_baiyuncheng__ch07,本轮未执行逐城史料检索、规格与渲染；不可视为已完成
city_bianfudao,ch07,ming,ch06,site,pending,history/city_bianfudao__ming.md,city_bianfudao__ch07.yaml,assets/default/town/city_bianfudao__ch07,本轮未执行逐城史料检索、规格与渲染；不可视为已完成
city_beijing,ch08,qing_early,ch08,capital,pending,history/city_beijing__qing_early.md,city_beijing__ch08.yaml,assets/default/town/city_beijing__ch08,本轮未执行逐城史料检索、规格与渲染；不可视为已完成
city_kaifeng,ch08,qing_early,ch08,capital,pending,history/city_kaifeng__qing_early.md,city_kaifeng__ch08.yaml,assets/default/town/city_kaifeng__ch08,本轮未执行逐城史料检索、规格与渲染；不可视为已完成
city_luoyang,ch08,qing_early,ch08,capital,pending,history/city_luoyang__qing_early.md,city_luoyang__ch08.yaml,assets/default/town/city_luoyang__ch08,本轮未执行逐城史料检索、规格与渲染；不可视为已完成
city_datong,ch08,qing_early,ch08,capital,pending,history/city_datong__qing_early.md,city_datong__ch08.yaml,assets/default/town/city_datong__ch08,本轮未执行逐城史料检索、规格与渲染；不可视为已完成
city_nanjing,ch08,qing_early,ch08,capital,pending,history/city_nanjing__qing_early.md,city_nanjing__ch08.yaml,assets/default/town/city_nanjing__ch08,本轮未执行逐城史料检索、规格与渲染；不可视为已完成
city_hangzhou,ch08,qing_early,ch08,capital,pending,history/city_hangzhou__qing_early.md,city_hangzhou__ch08.yaml,assets/default/town/city_hangzhou__ch08,本轮未执行逐城史料检索、规格与渲染；不可视为已完成
city_kunming,ch08,qing_early,ch08,capital,pending,history/city_kunming__qing_early.md,city_kunming__ch08.yaml,assets/default/town/city_kunming__ch08,本轮未执行逐城史料检索、规格与渲染；不可视为已完成
city_dali,ch08,qing_early,ch08,capital,pending,history/city_dali__qing_early.md,city_dali__ch08.yaml,assets/default/town/city_dali__ch08,本轮未执行逐城史料检索、规格与渲染；不可视为已完成
city_lhasa,ch08,qing_early,ch08,capital,pending,history/city_lhasa__qing_early.md,city_lhasa__ch08.yaml,assets/default/town/city_lhasa__ch08,本轮未执行逐城史料检索、规格与渲染；不可视为已完成
city_yinchuan,ch08,qing_early,ch08,capital,pending,history/city_yinchuan__qing_early.md,city_yinchuan__ch08.yaml,assets/default/town/city_yinchuan__ch08,本轮未执行逐城史料检索、规格与渲染；不可视为已完成
city_kashgar,ch08,qing_early,ch08,capital,pending,history/city_kashgar__qing_early.md,city_kashgar__ch08.yaml,assets/default/town/city_kashgar__ch08,本轮未执行逐城史料检索、规格与渲染；不可视为已完成
city_shenyang,ch08,qing_early,ch08,capital,pending,history/city_shenyang__qing_early.md,city_shenyang__ch08.yaml,assets/default/town/city_shenyang__ch08,本轮未执行逐城史料检索、规格与渲染；不可视为已完成
city_tainan,ch08,qing_early,ch08,capital,pending,history/city_tainan__qing_early.md,city_tainan__ch08.yaml,assets/default/town/city_tainan__ch08,本轮未执行逐城史料检索、规格与渲染；不可视为已完成
city_tianjin,ch08,qing_early,ch08,major,pending,history/city_tianjin__qing_early.md,city_tianjin__ch08.yaml,assets/default/town/city_tianjin__ch08,本轮未执行逐城史料检索、规格与渲染；不可视为已完成
city_baoding,ch08,qing_early,ch08,major,pending,history/city_baoding__qing_early.md,city_baoding__ch08.yaml,assets/default/town/city_baoding__ch08,本轮未执行逐城史料检索、规格与渲染；不可视为已完成
city_zhengding,ch08,qing_early,ch08,major,pending,history/city_zhengding__qing_early.md,city_zhengding__ch08.yaml,assets/default/town/city_zhengding__ch08,本轮未执行逐城史料检索、规格与渲染；不可视为已完成
city_cangzhou,ch08,qing_early,ch08,major,pending,history/city_cangzhou__qing_early.md,city_cangzhou__ch08.yaml,assets/default/town/city_cangzhou__ch08,本轮未执行逐城史料检索、规格与渲染；不可视为已完成
city_chengde,ch08,qing_early,ch08,major,pending,history/city_chengde__qing_early.md,city_chengde__ch08.yaml,assets/default/town/city_chengde__ch08,本轮未执行逐城史料检索、规格与渲染；不可视为已完成
city_zhangjiakou,ch08,qing_early,ch08,major,pending,history/city_zhangjiakou__qing_early.md,city_zhangjiakou__ch08.yaml,assets/default/town/city_zhangjiakou__ch08,本轮未执行逐城史料检索、规格与渲染；不可视为已完成
city_shanhaiguan,ch08,qing_early,ch08,major,pending,history/city_shanhaiguan__qing_early.md,city_shanhaiguan__ch08.yaml,assets/default/town/city_shanhaiguan__ch08,本轮未执行逐城史料检索、规格与渲染；不可视为已完成
city_zhengzhou,ch08,qing_early,ch08,major,pending,history/city_zhengzhou__qing_early.md,city_zhengzhou__ch08.yaml,assets/default/town/city_zhengzhou__ch08,本轮未执行逐城史料检索、规格与渲染；不可视为已完成
city_dengfeng,ch08,qing_early,ch08,major,pending,history/city_dengfeng__qing_early.md,city_dengfeng__ch08.yaml,assets/default/town/city_dengfeng__ch08,本轮未执行逐城史料检索、规格与渲染；不可视为已完成
city_anyang,ch08,qing_early,ch08,major,pending,history/city_anyang__qing_early.md,city_anyang__ch08.yaml,assets/default/town/city_anyang__ch08,本轮未执行逐城史料检索、规格与渲染；不可视为已完成
city_shangqiu,ch08,qing_early,ch08,major,pending,history/city_shangqiu__qing_early.md,city_shangqiu__ch08.yaml,assets/default/town/city_shangqiu__ch08,本轮未执行逐城史料检索、规格与渲染；不可视为已完成
city_nanyang,ch08,qing_early,ch08,major,pending,history/city_nanyang__qing_early.md,city_nanyang__ch08.yaml,assets/default/town/city_nanyang__ch08,本轮未执行逐城史料检索、规格与渲染；不可视为已完成
city_xinyang,ch08,qing_early,ch08,major,pending,history/city_xinyang__qing_early.md,city_xinyang__ch08.yaml,assets/default/town/city_xinyang__ch08,本轮未执行逐城史料检索、规格与渲染；不可视为已完成
city_xian,ch08,qing_early,ch08,major,pending,history/city_xian__qing_early.md,city_xian__ch08.yaml,assets/default/town/city_xian__ch08,本轮未执行逐城史料检索、规格与渲染；不可视为已完成
city_huayin,ch08,qing_early,ch08,major,pending,history/city_huayin__qing_early.md,city_huayin__ch08.yaml,assets/default/town/city_huayin__ch08,本轮未执行逐城史料检索、规格与渲染；不可视为已完成
city_baoji,ch08,qing_early,ch08,major,pending,history/city_baoji__qing_early.md,city_baoji__ch08.yaml,assets/default/town/city_baoji__ch08,本轮未执行逐城史料检索、规格与渲染；不可视为已完成
city_hanzhong,ch08,qing_early,ch08,major,pending,history/city_hanzhong__qing_early.md,city_hanzhong__ch08.yaml,assets/default/town/city_hanzhong__ch08,本轮未执行逐城史料检索、规格与渲染；不可视为已完成
city_yanan,ch08,qing_early,ch08,major,pending,history/city_yanan__qing_early.md,city_yanan__ch08.yaml,assets/default/town/city_yanan__ch08,本轮未执行逐城史料检索、规格与渲染；不可视为已完成
city_yulin,ch08,qing_early,ch08,major,pending,history/city_yulin__qing_early.md,city_yulin__ch08.yaml,assets/default/town/city_yulin__ch08,本轮未执行逐城史料检索、规格与渲染；不可视为已完成
city_taiyuan,ch08,qing_early,ch08,major,pending,history/city_taiyuan__qing_early.md,city_taiyuan__ch08.yaml,assets/default/town/city_taiyuan__ch08,本轮未执行逐城史料检索、规格与渲染；不可视为已完成
city_yuncheng,ch08,qing_early,ch08,major,pending,history/city_yuncheng__qing_early.md,city_yuncheng__ch08.yaml,assets/default/town/city_yuncheng__ch08,本轮未执行逐城史料检索、规格与渲染；不可视为已完成
city_linfen,ch08,qing_early,ch08,major,pending,history/city_linfen__qing_early.md,city_linfen__ch08.yaml,assets/default/town/city_linfen__ch08,本轮未执行逐城史料检索、规格与渲染；不可视为已完成
city_changzhi,ch08,qing_early,ch08,major,pending,history/city_changzhi__qing_early.md,city_changzhi__ch08.yaml,assets/default/town/city_changzhi__ch08,本轮未执行逐城史料检索、规格与渲染；不可视为已完成
city_shuozhou,ch08,qing_early,ch08,major,pending,history/city_shuozhou__qing_early.md,city_shuozhou__ch08.yaml,assets/default/town/city_shuozhou__ch08,本轮未执行逐城史料检索、规格与渲染；不可视为已完成
city_jinan,ch08,qing_early,ch08,major,pending,history/city_jinan__qing_early.md,city_jinan__ch08.yaml,assets/default/town/city_jinan__ch08,本轮未执行逐城史料检索、规格与渲染；不可视为已完成
city_qufu,ch08,qing_early,ch08,major,pending,history/city_qufu__qing_early.md,city_qufu__ch08.yaml,assets/default/town/city_qufu__ch08,本轮未执行逐城史料检索、规格与渲染；不可视为已完成
city_taian,ch08,qing_early,ch08,major,pending,history/city_taian__qing_early.md,city_taian__ch08.yaml,assets/default/town/city_taian__ch08,本轮未执行逐城史料检索、规格与渲染；不可视为已完成
city_qingzhou,ch08,qing_early,ch08,major,pending,history/city_qingzhou__qing_early.md,city_qingzhou__ch08.yaml,assets/default/town/city_qingzhou__ch08,本轮未执行逐城史料检索、规格与渲染；不可视为已完成
city_dezhou,ch08,qing_early,ch08,major,pending,history/city_dezhou__qing_early.md,city_dezhou__ch08.yaml,assets/default/town/city_dezhou__ch08,本轮未执行逐城史料检索、规格与渲染；不可视为已完成
city_yantai,ch08,qing_early,ch08,major,pending,history/city_yantai__qing_early.md,city_yantai__ch08.yaml,assets/default/town/city_yantai__ch08,本轮未执行逐城史料检索、规格与渲染；不可视为已完成
city_penglai,ch08,qing_early,ch08,major,pending,history/city_penglai__qing_early.md,city_penglai__ch08.yaml,assets/default/town/city_penglai__ch08,本轮未执行逐城史料检索、规格与渲染；不可视为已完成
city_yangzhou,ch08,qing_early,ch08,major,pending,history/city_yangzhou__qing_early.md,city_yangzhou__ch08.yaml,assets/default/town/city_yangzhou__ch08,本轮未执行逐城史料检索、规格与渲染；不可视为已完成
city_zhenjiang,ch08,qing_early,ch08,major,pending,history/city_zhenjiang__qing_early.md,city_zhenjiang__ch08.yaml,assets/default/town/city_zhenjiang__ch08,本轮未执行逐城史料检索、规格与渲染；不可视为已完成
city_xuzhou,ch08,qing_early,ch08,major,pending,history/city_xuzhou__qing_early.md,city_xuzhou__ch08.yaml,assets/default/town/city_xuzhou__ch08,本轮未执行逐城史料检索、规格与渲染；不可视为已完成
city_hefei,ch08,qing_early,ch08,major,pending,history/city_hefei__qing_early.md,city_hefei__ch08.yaml,assets/default/town/city_hefei__ch08,本轮未执行逐城史料检索、规格与渲染；不可视为已完成
city_anqing,ch08,qing_early,ch08,major,pending,history/city_anqing__qing_early.md,city_anqing__ch08.yaml,assets/default/town/city_anqing__ch08,本轮未执行逐城史料检索、规格与渲染；不可视为已完成
city_wuhu,ch08,qing_early,ch08,major,pending,history/city_wuhu__qing_early.md,city_wuhu__ch08.yaml,assets/default/town/city_wuhu__ch08,本轮未执行逐城史料检索、规格与渲染；不可视为已完成
city_huangshan,ch08,qing_early,ch08,major,pending,history/city_huangshan__qing_early.md,city_huangshan__ch08.yaml,assets/default/town/city_huangshan__ch08,本轮未执行逐城史料检索、规格与渲染；不可视为已完成
city_suzhou,ch08,qing_early,ch08,major,pending,history/city_suzhou__qing_early.md,city_suzhou__ch08.yaml,assets/default/town/city_suzhou__ch08,本轮未执行逐城史料检索、规格与渲染；不可视为已完成
city_wuxi,ch08,qing_early,ch08,major,pending,history/city_wuxi__qing_early.md,city_wuxi__ch08.yaml,assets/default/town/city_wuxi__ch08,本轮未执行逐城史料检索、规格与渲染；不可视为已完成
city_jiaxing,ch08,qing_early,ch08,major,pending,history/city_jiaxing__qing_early.md,city_jiaxing__ch08.yaml,assets/default/town/city_jiaxing__ch08,本轮未执行逐城史料检索、规格与渲染；不可视为已完成
city_shaoxing,ch08,qing_early,ch08,major,pending,history/city_shaoxing__qing_early.md,city_shaoxing__ch08.yaml,assets/default/town/city_shaoxing__ch08,本轮未执行逐城史料检索、规格与渲染；不可视为已完成
city_ningbo,ch08,qing_early,ch08,major,pending,history/city_ningbo__qing_early.md,city_ningbo__ch08.yaml,assets/default/town/city_ningbo__ch08,本轮未执行逐城史料检索、规格与渲染；不可视为已完成
city_zhoushan,ch08,qing_early,ch08,major,pending,history/city_zhoushan__qing_early.md,city_zhoushan__ch08.yaml,assets/default/town/city_zhoushan__ch08,本轮未执行逐城史料检索、规格与渲染；不可视为已完成
city_wenzhou,ch08,qing_early,ch08,major,pending,history/city_wenzhou__qing_early.md,city_wenzhou__ch08.yaml,assets/default/town/city_wenzhou__ch08,本轮未执行逐城史料检索、规格与渲染；不可视为已完成
city_fuzhou,ch08,qing_early,ch08,major,pending,history/city_fuzhou__qing_early.md,city_fuzhou__ch08.yaml,assets/default/town/city_fuzhou__ch08,本轮未执行逐城史料检索、规格与渲染；不可视为已完成
city_quanzhou,ch08,qing_early,ch08,major,pending,history/city_quanzhou__qing_early.md,city_quanzhou__ch08.yaml,assets/default/town/city_quanzhou__ch08,本轮未执行逐城史料检索、规格与渲染；不可视为已完成
city_putian,ch08,qing_early,ch08,major,pending,history/city_putian__qing_early.md,city_putian__ch08.yaml,assets/default/town/city_putian__ch08,本轮未执行逐城史料检索、规格与渲染；不可视为已完成
city_xiamen,ch08,qing_early,ch08,major,pending,history/city_xiamen__qing_early.md,city_xiamen__ch08.yaml,assets/default/town/city_xiamen__ch08,本轮未执行逐城史料检索、规格与渲染；不可视为已完成
city_zhangzhou,ch08,qing_early,ch08,major,pending,history/city_zhangzhou__qing_early.md,city_zhangzhou__ch08.yaml,assets/default/town/city_zhangzhou__ch08,本轮未执行逐城史料检索、规格与渲染；不可视为已完成
city_nanchang,ch08,qing_early,ch08,major,pending,history/city_nanchang__qing_early.md,city_nanchang__ch08.yaml,assets/default/town/city_nanchang__ch08,本轮未执行逐城史料检索、规格与渲染；不可视为已完成
city_jiujiang,ch08,qing_early,ch08,major,pending,history/city_jiujiang__qing_early.md,city_jiujiang__ch08.yaml,assets/default/town/city_jiujiang__ch08,本轮未执行逐城史料检索、规格与渲染；不可视为已完成
city_ganzhou,ch08,qing_early,ch08,major,pending,history/city_ganzhou__qing_early.md,city_ganzhou__ch08.yaml,assets/default/town/city_ganzhou__ch08,本轮未执行逐城史料检索、规格与渲染；不可视为已完成
city_jingdezhen,ch08,qing_early,ch08,major,pending,history/city_jingdezhen__qing_early.md,city_jingdezhen__ch08.yaml,assets/default/town/city_jingdezhen__ch08,本轮未执行逐城史料检索、规格与渲染；不可视为已完成
city_wuhan,ch08,qing_early,ch08,major,pending,history/city_wuhan__qing_early.md,city_wuhan__ch08.yaml,assets/default/town/city_wuhan__ch08,本轮未执行逐城史料检索、规格与渲染；不可视为已完成
city_xiangyang,ch08,qing_early,ch08,major,pending,history/city_xiangyang__qing_early.md,city_xiangyang__ch08.yaml,assets/default/town/city_xiangyang__ch08,本轮未执行逐城史料检索、规格与渲染；不可视为已完成
city_jingzhou,ch08,qing_early,ch08,major,pending,history/city_jingzhou__qing_early.md,city_jingzhou__ch08.yaml,assets/default/town/city_jingzhou__ch08,本轮未执行逐城史料检索、规格与渲染；不可视为已完成
city_yueyang,ch08,qing_early,ch08,major,pending,history/city_yueyang__qing_early.md,city_yueyang__ch08.yaml,assets/default/town/city_yueyang__ch08,本轮未执行逐城史料检索、规格与渲染；不可视为已完成
city_changsha,ch08,qing_early,ch08,major,pending,history/city_changsha__qing_early.md,city_changsha__ch08.yaml,assets/default/town/city_changsha__ch08,本轮未执行逐城史料检索、规格与渲染；不可视为已完成
city_hengyang,ch08,qing_early,ch08,major,pending,history/city_hengyang__qing_early.md,city_hengyang__ch08.yaml,assets/default/town/city_hengyang__ch08,本轮未执行逐城史料检索、规格与渲染；不可视为已完成
city_shiyan,ch08,qing_early,ch08,major,pending,history/city_shiyan__qing_early.md,city_shiyan__ch08.yaml,assets/default/town/city_shiyan__ch08,本轮未执行逐城史料检索、规格与渲染；不可视为已完成
city_yichang,ch08,qing_early,ch08,major,pending,history/city_yichang__qing_early.md,city_yichang__ch08.yaml,assets/default/town/city_yichang__ch08,本轮未执行逐城史料检索、规格与渲染；不可视为已完成
city_guangzhou,ch08,qing_early,ch08,major,pending,history/city_guangzhou__qing_early.md,city_guangzhou__ch08.yaml,assets/default/town/city_guangzhou__ch08,本轮未执行逐城史料检索、规格与渲染；不可视为已完成
city_foshan,ch08,qing_early,ch08,major,pending,history/city_foshan__qing_early.md,city_foshan__ch08.yaml,assets/default/town/city_foshan__ch08,本轮未执行逐城史料检索、规格与渲染；不可视为已完成
city_zhaoqing,ch08,qing_early,ch08,major,pending,history/city_zhaoqing__qing_early.md,city_zhaoqing__ch08.yaml,assets/default/town/city_zhaoqing__ch08,本轮未执行逐城史料检索、规格与渲染；不可视为已完成
city_chaozhou,ch08,qing_early,ch08,major,pending,history/city_chaozhou__qing_early.md,city_chaozhou__ch08.yaml,assets/default/town/city_chaozhou__ch08,本轮未执行逐城史料检索、规格与渲染；不可视为已完成
city_guilin,ch08,qing_early,ch08,major,pending,history/city_guilin__qing_early.md,city_guilin__ch08.yaml,assets/default/town/city_guilin__ch08,本轮未执行逐城史料检索、规格与渲染；不可视为已完成
city_liuzhou,ch08,qing_early,ch08,major,pending,history/city_liuzhou__qing_early.md,city_liuzhou__ch08.yaml,assets/default/town/city_liuzhou__ch08,本轮未执行逐城史料检索、规格与渲染；不可视为已完成
city_nanning,ch08,qing_early,ch08,major,pending,history/city_nanning__qing_early.md,city_nanning__ch08.yaml,assets/default/town/city_nanning__ch08,本轮未执行逐城史料检索、规格与渲染；不可视为已完成
city_haikou,ch08,qing_early,ch08,major,pending,history/city_haikou__qing_early.md,city_haikou__ch08.yaml,assets/default/town/city_haikou__ch08,本轮未执行逐城史料检索、规格与渲染；不可视为已完成
city_chengdu,ch08,qing_early,ch08,major,pending,history/city_chengdu__qing_early.md,city_chengdu__ch08.yaml,assets/default/town/city_chengdu__ch08,本轮未执行逐城史料检索、规格与渲染；不可视为已完成
city_chongqing,ch08,qing_early,ch08,major,pending,history/city_chongqing__qing_early.md,city_chongqing__ch08.yaml,assets/default/town/city_chongqing__ch08,本轮未执行逐城史料检索、规格与渲染；不可视为已完成
city_dujiangyan,ch08,qing_early,ch08,major,pending,history/city_dujiangyan__qing_early.md,city_dujiangyan__ch08.yaml,assets/default/town/city_dujiangyan__ch08,本轮未执行逐城史料检索、规格与渲染；不可视为已完成
city_leshan,ch08,qing_early,ch08,major,pending,history/city_leshan__qing_early.md,city_leshan__ch08.yaml,assets/default/town/city_leshan__ch08,本轮未执行逐城史料检索、规格与渲染；不可视为已完成
city_fengjie,ch08,qing_early,ch08,major,pending,history/city_fengjie__qing_early.md,city_fengjie__ch08.yaml,assets/default/town/city_fengjie__ch08,本轮未执行逐城史料检索、规格与渲染；不可视为已完成
city_lijiang,ch08,qing_early,ch08,major,pending,history/city_lijiang__qing_early.md,city_lijiang__ch08.yaml,assets/default/town/city_lijiang__ch08,本轮未执行逐城史料检索、规格与渲染；不可视为已完成
city_baoshan,ch08,qing_early,ch08,major,pending,history/city_baoshan__qing_early.md,city_baoshan__ch08.yaml,assets/default/town/city_baoshan__ch08,本轮未执行逐城史料检索、规格与渲染；不可视为已完成
city_tengchong,ch08,qing_early,ch08,major,pending,history/city_tengchong__qing_early.md,city_tengchong__ch08.yaml,assets/default/town/city_tengchong__ch08,本轮未执行逐城史料检索、规格与渲染；不可视为已完成
city_qujing,ch08,qing_early,ch08,major,pending,history/city_qujing__qing_early.md,city_qujing__ch08.yaml,assets/default/town/city_qujing__ch08,本轮未执行逐城史料检索、规格与渲染；不可视为已完成
city_guiyang,ch08,qing_early,ch08,major,pending,history/city_guiyang__qing_early.md,city_guiyang__ch08.yaml,assets/default/town/city_guiyang__ch08,本轮未执行逐城史料检索、规格与渲染；不可视为已完成
city_shigatse,ch08,qing_early,ch08,major,pending,history/city_shigatse__qing_early.md,city_shigatse__ch08.yaml,assets/default/town/city_shigatse__ch08,本轮未执行逐城史料检索、规格与渲染；不可视为已完成
city_qamdo,ch08,qing_early,ch08,major,pending,history/city_qamdo__qing_early.md,city_qamdo__ch08.yaml,assets/default/town/city_qamdo__ch08,本轮未执行逐城史料检索、规格与渲染；不可视为已完成
city_ngari,ch08,qing_early,ch08,major,pending,history/city_ngari__qing_early.md,city_ngari__ch08.yaml,assets/default/town/city_ngari__ch08,本轮未执行逐城史料检索、规格与渲染；不可视为已完成
city_lanzhou,ch08,qing_early,ch08,major,pending,history/city_lanzhou__qing_early.md,city_lanzhou__ch08.yaml,assets/default/town/city_lanzhou__ch08,本轮未执行逐城史料检索、规格与渲染；不可视为已完成
city_tianshui,ch08,qing_early,ch08,major,pending,history/city_tianshui__qing_early.md,city_tianshui__ch08.yaml,assets/default/town/city_tianshui__ch08,本轮未执行逐城史料检索、规格与渲染；不可视为已完成
city_pingliang,ch08,qing_early,ch08,major,pending,history/city_pingliang__qing_early.md,city_pingliang__ch08.yaml,assets/default/town/city_pingliang__ch08,本轮未执行逐城史料检索、规格与渲染；不可视为已完成
city_wuwei,ch08,qing_early,ch08,major,pending,history/city_wuwei__qing_early.md,city_wuwei__ch08.yaml,assets/default/town/city_wuwei__ch08,本轮未执行逐城史料检索、规格与渲染；不可视为已完成
city_zhangye,ch08,qing_early,ch08,major,pending,history/city_zhangye__qing_early.md,city_zhangye__ch08.yaml,assets/default/town/city_zhangye__ch08,本轮未执行逐城史料检索、规格与渲染；不可视为已完成
city_jiuquan,ch08,qing_early,ch08,major,pending,history/city_jiuquan__qing_early.md,city_jiuquan__ch08.yaml,assets/default/town/city_jiuquan__ch08,本轮未执行逐城史料检索、规格与渲染；不可视为已完成
city_dunhuang,ch08,qing_early,ch08,major,pending,history/city_dunhuang__qing_early.md,city_dunhuang__ch08.yaml,assets/default/town/city_dunhuang__ch08,本轮未执行逐城史料检索、规格与渲染；不可视为已完成
city_zhongwei,ch08,qing_early,ch08,major,pending,history/city_zhongwei__qing_early.md,city_zhongwei__ch08.yaml,assets/default/town/city_zhongwei__ch08,本轮未执行逐城史料检索、规格与渲染；不可视为已完成
city_xining,ch08,qing_early,ch08,major,pending,history/city_xining__qing_early.md,city_xining__ch08.yaml,assets/default/town/city_xining__ch08,本轮未执行逐城史料检索、规格与渲染；不可视为已完成
city_hotan,ch08,qing_early,ch08,major,pending,history/city_hotan__qing_early.md,city_hotan__ch08.yaml,assets/default/town/city_hotan__ch08,本轮未执行逐城史料检索、规格与渲染；不可视为已完成
city_yarkand,ch08,qing_early,ch08,major,pending,history/city_yarkand__qing_early.md,city_yarkand__ch08.yaml,assets/default/town/city_yarkand__ch08,本轮未执行逐城史料检索、规格与渲染；不可视为已完成
city_aksu,ch08,qing_early,ch08,major,pending,history/city_aksu__qing_early.md,city_aksu__ch08.yaml,assets/default/town/city_aksu__ch08,本轮未执行逐城史料检索、规格与渲染；不可视为已完成
city_kuqa,ch08,qing_early,ch08,major,pending,history/city_kuqa__qing_early.md,city_kuqa__ch08.yaml,assets/default/town/city_kuqa__ch08,本轮未执行逐城史料检索、规格与渲染；不可视为已完成
city_korla,ch08,qing_early,ch08,major,pending,history/city_korla__qing_early.md,city_korla__ch08.yaml,assets/default/town/city_korla__ch08,本轮未执行逐城史料检索、规格与渲染；不可视为已完成
city_turpan,ch08,qing_early,ch08,major,pending,history/city_turpan__qing_early.md,city_turpan__ch08.yaml,assets/default/town/city_turpan__ch08,本轮未执行逐城史料检索、规格与渲染；不可视为已完成
city_hami,ch08,qing_early,ch08,major,pending,history/city_hami__qing_early.md,city_hami__ch08.yaml,assets/default/town/city_hami__ch08,本轮未执行逐城史料检索、规格与渲染；不可视为已完成
city_yining,ch08,qing_early,ch08,major,pending,history/city_yining__qing_early.md,city_yining__ch08.yaml,assets/default/town/city_yining__ch08,本轮未执行逐城史料检索、规格与渲染；不可视为已完成
city_liaoyang,ch08,qing_early,ch08,major,pending,history/city_liaoyang__qing_early.md,city_liaoyang__ch08.yaml,assets/default/town/city_liaoyang__ch08,本轮未执行逐城史料检索、规格与渲染；不可视为已完成
city_jinzhou,ch08,qing_early,ch08,major,pending,history/city_jinzhou__qing_early.md,city_jinzhou__ch08.yaml,assets/default/town/city_jinzhou__ch08,本轮未执行逐城史料检索、规格与渲染；不可视为已完成
city_dandong,ch08,qing_early,ch08,major,pending,history/city_dandong__qing_early.md,city_dandong__ch08.yaml,assets/default/town/city_dandong__ch08,本轮未执行逐城史料检索、规格与渲染；不可视为已完成
city_yingkou,ch08,qing_early,ch08,major,pending,history/city_yingkou__qing_early.md,city_yingkou__ch08.yaml,assets/default/town/city_yingkou__ch08,本轮未执行逐城史料检索、规格与渲染；不可视为已完成
city_jilin,ch08,qing_early,ch08,major,pending,history/city_jilin__qing_early.md,city_jilin__ch08.yaml,assets/default/town/city_jilin__ch08,本轮未执行逐城史料检索、规格与渲染；不可视为已完成
city_ningan,ch08,qing_early,ch08,major,pending,history/city_ningan__qing_early.md,city_ningan__ch08.yaml,assets/default/town/city_ningan__ch08,本轮未执行逐城史料检索、规格与渲染；不可视为已完成
city_qiqihar,ch08,qing_early,ch08,major,pending,history/city_qiqihar__qing_early.md,city_qiqihar__ch08.yaml,assets/default/town/city_qiqihar__ch08,本轮未执行逐城史料检索、规格与渲染；不可视为已完成
city_heihe,ch08,qing_early,ch08,major,pending,history/city_heihe__qing_early.md,city_heihe__ch08.yaml,assets/default/town/city_heihe__ch08,本轮未执行逐城史料检索、规格与渲染；不可视为已完成
city_yakesa,ch08,qing_early,ch08,major,pending,history/city_yakesa__qing_early.md,city_yakesa__ch08.yaml,assets/default/town/city_yakesa__ch08,本轮未执行逐城史料检索、规格与渲染；不可视为已完成
city_chifeng,ch08,qing_early,ch08,major,pending,history/city_chifeng__qing_early.md,city_chifeng__ch08.yaml,assets/default/town/city_chifeng__ch08,本轮未执行逐城史料检索、规格与渲染；不可视为已完成
city_hohhot,ch08,qing_early,ch08,major,pending,history/city_hohhot__qing_early.md,city_hohhot__ch08.yaml,assets/default/town/city_hohhot__ch08,本轮未执行逐城史料检索、规格与渲染；不可视为已完成
city_ordos,ch08,qing_early,ch08,major,pending,history/city_ordos__qing_early.md,city_ordos__ch08.yaml,assets/default/town/city_ordos__ch08,本轮未执行逐城史料检索、规格与渲染；不可视为已完成
city_xilinhot,ch08,qing_early,ch08,major,pending,history/city_xilinhot__qing_early.md,city_xilinhot__ch08.yaml,assets/default/town/city_xilinhot__ch08,本轮未执行逐城史料检索、规格与渲染；不可视为已完成
city_penghu,ch08,qing_early,ch08,major,pending,history/city_penghu__qing_early.md,city_penghu__ch08.yaml,assets/default/town/city_penghu__ch08,本轮未执行逐城史料检索、规格与渲染；不可视为已完成
city_hejian,ch08,qing_early,ch08,secondary,pending,history/city_hejian__qing_early.md,city_hejian__ch08.yaml,assets/default/town/city_hejian__ch08,本轮未执行逐城史料检索、规格与渲染；不可视为已完成
city_qinhuangdao,ch08,qing_early,ch08,secondary,pending,history/city_qinhuangdao__qing_early.md,city_qinhuangdao__ch08.yaml,assets/default/town/city_qinhuangdao__ch08,本轮未执行逐城史料检索、规格与渲染；不可视为已完成
city_tangshan,ch08,qing_early,ch08,secondary,pending,history/city_tangshan__qing_early.md,city_tangshan__ch08.yaml,assets/default/town/city_tangshan__ch08,本轮未执行逐城史料检索、规格与渲染；不可视为已完成
city_xinxiang,ch08,qing_early,ch08,secondary,pending,history/city_xinxiang__qing_early.md,city_xinxiang__ch08.yaml,assets/default/town/city_xinxiang__ch08,本轮未执行逐城史料检索、规格与渲染；不可视为已完成
city_jiaozuo,ch08,qing_early,ch08,secondary,pending,history/city_jiaozuo__qing_early.md,city_jiaozuo__ch08.yaml,assets/default/town/city_jiaozuo__ch08,本轮未执行逐城史料检索、规格与渲染；不可视为已完成
city_xuchang,ch08,qing_early,ch08,secondary,pending,history/city_xuchang__qing_early.md,city_xuchang__ch08.yaml,assets/default/town/city_xuchang__ch08,本轮未执行逐城史料检索、规格与渲染；不可视为已完成
city_pingdingshan,ch08,qing_early,ch08,secondary,pending,history/city_pingdingshan__qing_early.md,city_pingdingshan__ch08.yaml,assets/default/town/city_pingdingshan__ch08,本轮未执行逐城史料检索、规格与渲染；不可视为已完成
city_xianyang,ch08,qing_early,ch08,secondary,pending,history/city_xianyang__qing_early.md,city_xianyang__ch08.yaml,assets/default/town/city_xianyang__ch08,本轮未执行逐城史料检索、规格与渲染；不可视为已完成
city_weinan,ch08,qing_early,ch08,secondary,pending,history/city_weinan__qing_early.md,city_weinan__ch08.yaml,assets/default/town/city_weinan__ch08,本轮未执行逐城史料检索、规格与渲染；不可视为已完成
city_ankang,ch08,qing_early,ch08,secondary,pending,history/city_ankang__qing_early.md,city_ankang__ch08.yaml,assets/default/town/city_ankang__ch08,本轮未执行逐城史料检索、规格与渲染；不可视为已完成
city_shangluo,ch08,qing_early,ch08,secondary,pending,history/city_shangluo__qing_early.md,city_shangluo__ch08.yaml,assets/default/town/city_shangluo__ch08,本轮未执行逐城史料检索、规格与渲染；不可视为已完成
city_pingyao,ch08,qing_early,ch08,secondary,pending,history/city_pingyao__qing_early.md,city_pingyao__ch08.yaml,assets/default/town/city_pingyao__ch08,本轮未执行逐城史料检索、规格与渲染；不可视为已完成
city_xinzhou,ch08,qing_early,ch08,secondary,pending,history/city_xinzhou__qing_early.md,city_xinzhou__ch08.yaml,assets/default/town/city_xinzhou__ch08,本轮未执行逐城史料检索、规格与渲染；不可视为已完成
city_jincheng,ch08,qing_early,ch08,secondary,pending,history/city_jincheng__qing_early.md,city_jincheng__ch08.yaml,assets/default/town/city_jincheng__ch08,本轮未执行逐城史料检索、规格与渲染；不可视为已完成
city_liaocheng,ch08,qing_early,ch08,secondary,pending,history/city_liaocheng__qing_early.md,city_liaocheng__ch08.yaml,assets/default/town/city_liaocheng__ch08,本轮未执行逐城史料检索、规格与渲染；不可视为已完成
city_linyi,ch08,qing_early,ch08,secondary,pending,history/city_linyi__qing_early.md,city_linyi__ch08.yaml,assets/default/town/city_linyi__ch08,本轮未执行逐城史料检索、规格与渲染；不可视为已完成
city_weihai,ch08,qing_early,ch08,secondary,pending,history/city_weihai__qing_early.md,city_weihai__ch08.yaml,assets/default/town/city_weihai__ch08,本轮未执行逐城史料检索、规格与渲染；不可视为已完成
city_zibo,ch08,qing_early,ch08,secondary,pending,history/city_zibo__qing_early.md,city_zibo__ch08.yaml,assets/default/town/city_zibo__ch08,本轮未执行逐城史料检索、规格与渲染；不可视为已完成
city_dongping,ch08,qing_early,ch08,secondary,pending,history/city_dongping__qing_early.md,city_dongping__ch08.yaml,assets/default/town/city_dongping__ch08,本轮未执行逐城史料检索、规格与渲染；不可视为已完成
city_lianyungang,ch08,qing_early,ch08,secondary,pending,history/city_lianyungang__qing_early.md,city_lianyungang__ch08.yaml,assets/default/town/city_lianyungang__ch08,本轮未执行逐城史料检索、规格与渲染；不可视为已完成
city_fuyang,ch08,qing_early,ch08,secondary,pending,history/city_fuyang__qing_early.md,city_fuyang__ch08.yaml,assets/default/town/city_fuyang__ch08,本轮未执行逐城史料检索、规格与渲染；不可视为已完成
city_jinhua,ch08,qing_early,ch08,secondary,pending,history/city_jinhua__qing_early.md,city_jinhua__ch08.yaml,assets/default/town/city_jinhua__ch08,本轮未执行逐城史料检索、规格与渲染；不可视为已完成
city_quzhou,ch08,qing_early,ch08,secondary,pending,history/city_quzhou__qing_early.md,city_quzhou__ch08.yaml,assets/default/town/city_quzhou__ch08,本轮未执行逐城史料检索、规格与渲染；不可视为已完成
city_huzhou,ch08,qing_early,ch08,secondary,pending,history/city_huzhou__qing_early.md,city_huzhou__ch08.yaml,assets/default/town/city_huzhou__ch08,本轮未执行逐城史料检索、规格与渲染；不可视为已完成
city_changzhou,ch08,qing_early,ch08,secondary,pending,history/city_changzhou__qing_early.md,city_changzhou__ch08.yaml,assets/default/town/city_changzhou__ch08,本轮未执行逐城史料检索、规格与渲染；不可视为已完成
city_wuyishan,ch08,qing_early,ch08,secondary,pending,history/city_wuyishan__qing_early.md,city_wuyishan__ch08.yaml,assets/default/town/city_wuyishan__ch08,本轮未执行逐城史料检索、规格与渲染；不可视为已完成
city_shangrao,ch08,qing_early,ch08,secondary,pending,history/city_shangrao__qing_early.md,city_shangrao__ch08.yaml,assets/default/town/city_shangrao__ch08,本轮未执行逐城史料检索、规格与渲染；不可视为已完成
city_chenzhou,ch08,qing_early,ch08,secondary,pending,history/city_chenzhou__qing_early.md,city_chenzhou__ch08.yaml,assets/default/town/city_chenzhou__ch08,本轮未执行逐城史料检索、规格与渲染；不可视为已完成
city_enshi,ch08,qing_early,ch08,secondary,pending,history/city_enshi__qing_early.md,city_enshi__ch08.yaml,assets/default/town/city_enshi__ch08,本轮未执行逐城史料检索、规格与渲染；不可视为已完成
city_chenzhou_yuanling,ch08,qing_early,ch08,secondary,pending,history/city_chenzhou_yuanling__qing_early.md,city_chenzhou_yuanling__ch08.yaml,assets/default/town/city_chenzhou_yuanling__ch08,本轮未执行逐城史料检索、规格与渲染；不可视为已完成
city_jingmen,ch08,qing_early,ch08,secondary,pending,history/city_jingmen__qing_early.md,city_jingmen__ch08.yaml,assets/default/town/city_jingmen__ch08,本轮未执行逐城史料检索、规格与渲染；不可视为已完成
city_shaoguan,ch08,qing_early,ch08,secondary,pending,history/city_shaoguan__qing_early.md,city_shaoguan__ch08.yaml,assets/default/town/city_shaoguan__ch08,本轮未执行逐城史料检索、规格与渲染；不可视为已完成
city_sanya,ch08,qing_early,ch08,secondary,pending,history/city_sanya__qing_early.md,city_sanya__ch08.yaml,assets/default/town/city_sanya__ch08,本轮未执行逐城史料检索、规格与渲染；不可视为已完成
city_meishan,ch08,qing_early,ch08,secondary,pending,history/city_meishan__qing_early.md,city_meishan__ch08.yaml,assets/default/town/city_meishan__ch08,本轮未执行逐城史料检索、规格与渲染；不可视为已完成
city_yaan,ch08,qing_early,ch08,secondary,pending,history/city_yaan__qing_early.md,city_yaan__ch08.yaml,assets/default/town/city_yaan__ch08,本轮未执行逐城史料检索、规格与渲染；不可视为已完成
city_dazhou,ch08,qing_early,ch08,secondary,pending,history/city_dazhou__qing_early.md,city_dazhou__ch08.yaml,assets/default/town/city_dazhou__ch08,本轮未执行逐城史料检索、规格与渲染；不可视为已完成
city_bazhong,ch08,qing_early,ch08,secondary,pending,history/city_bazhong__qing_early.md,city_bazhong__ch08.yaml,assets/default/town/city_bazhong__ch08,本轮未执行逐城史料检索、规格与渲染；不可视为已完成
city_langzhong,ch08,qing_early,ch08,secondary,pending,history/city_langzhong__qing_early.md,city_langzhong__ch08.yaml,assets/default/town/city_langzhong__ch08,本轮未执行逐城史料检索、规格与渲染；不可视为已完成
city_zunyi,ch08,qing_early,ch08,secondary,pending,history/city_zunyi__qing_early.md,city_zunyi__ch08.yaml,assets/default/town/city_zunyi__ch08,本轮未执行逐城史料检索、规格与渲染；不可视为已完成
city_jinghong,ch08,qing_early,ch08,secondary,pending,history/city_jinghong__qing_early.md,city_jinghong__ch08.yaml,assets/default/town/city_jinghong__ch08,本轮未执行逐城史料检索、规格与渲染；不可视为已完成
city_gyantse,ch08,qing_early,ch08,secondary,pending,history/city_gyantse__qing_early.md,city_gyantse__ch08.yaml,assets/default/town/city_gyantse__ch08,本轮未执行逐城史料检索、规格与渲染；不可视为已完成
city_yushu,ch08,qing_early,ch08,secondary,pending,history/city_yushu__qing_early.md,city_yushu__ch08.yaml,assets/default/town/city_yushu__ch08,本轮未执行逐城史料检索、规格与渲染；不可视为已完成
city_altay,ch08,qing_early,ch08,secondary,pending,history/city_altay__qing_early.md,city_altay__ch08.yaml,assets/default/town/city_altay__ch08,本轮未执行逐城史料检索、规格与渲染；不可视为已完成
city_xingcheng,ch08,qing_early,ch08,secondary,pending,history/city_xingcheng__qing_early.md,city_xingcheng__ch08.yaml,assets/default/town/city_xingcheng__ch08,本轮未执行逐城史料检索、规格与渲染；不可视为已完成
city_mohe,ch08,qing_early,ch08,secondary,pending,history/city_mohe__qing_early.md,city_mohe__ch08.yaml,assets/default/town/city_mohe__ch08,本轮未执行逐城史料检索、规格与渲染；不可视为已完成
city_baotou,ch08,qing_early,ch08,secondary,pending,history/city_baotou__qing_early.md,city_baotou__ch08.yaml,assets/default/town/city_baotou__ch08,本轮未执行逐城史料检索、规格与渲染；不可视为已完成
city_kaohsiung,ch08,qing_early,ch08,secondary,pending,history/city_kaohsiung__qing_early.md,city_kaohsiung__ch08.yaml,assets/default/town/city_kaohsiung__ch08,本轮未执行逐城史料检索、规格与渲染；不可视为已完成
city_khotan_kunlun,ch08,qing_early,ch08,site,pending,history/city_khotan_kunlun__qing_early.md,city_khotan_kunlun__ch08.yaml,assets/default/town/city_khotan_kunlun__ch08,本轮未执行逐城史料检索、规格与渲染；不可视为已完成
city_taohuadao,ch08,qing_early,ch08,site,pending,history/city_taohuadao__qing_early.md,city_taohuadao__ch08.yaml,assets/default/town/city_taohuadao__ch08,本轮未执行逐城史料检索、规格与渲染；不可视为已完成
city_shenlongdao,ch08,qing_early,ch08,site,pending,history/city_shenlongdao__qing_early.md,city_shenlongdao__ch08.yaml,assets/default/town/city_shenlongdao__ch08,本轮未执行逐城史料检索、规格与渲染；不可视为已完成
city_beijing,ch09,qing_early,ch08,capital,pending,history/city_beijing__qing_early.md,city_beijing__ch09.yaml,assets/default/town/city_beijing__ch09,本轮未执行逐城史料检索、规格与渲染；不可视为已完成
city_kaifeng,ch09,qing_early,ch08,capital,pending,history/city_kaifeng__qing_early.md,city_kaifeng__ch09.yaml,assets/default/town/city_kaifeng__ch09,本轮未执行逐城史料检索、规格与渲染；不可视为已完成
city_luoyang,ch09,qing_early,ch08,capital,pending,history/city_luoyang__qing_early.md,city_luoyang__ch09.yaml,assets/default/town/city_luoyang__ch09,本轮未执行逐城史料检索、规格与渲染；不可视为已完成
city_datong,ch09,qing_early,ch08,capital,pending,history/city_datong__qing_early.md,city_datong__ch09.yaml,assets/default/town/city_datong__ch09,本轮未执行逐城史料检索、规格与渲染；不可视为已完成
city_nanjing,ch09,qing_early,ch08,capital,pending,history/city_nanjing__qing_early.md,city_nanjing__ch09.yaml,assets/default/town/city_nanjing__ch09,本轮未执行逐城史料检索、规格与渲染；不可视为已完成
city_hangzhou,ch09,qing_early,ch08,capital,pending,history/city_hangzhou__qing_early.md,city_hangzhou__ch09.yaml,assets/default/town/city_hangzhou__ch09,本轮未执行逐城史料检索、规格与渲染；不可视为已完成
city_kunming,ch09,qing_early,ch08,capital,pending,history/city_kunming__qing_early.md,city_kunming__ch09.yaml,assets/default/town/city_kunming__ch09,本轮未执行逐城史料检索、规格与渲染；不可视为已完成
city_dali,ch09,qing_early,ch08,capital,pending,history/city_dali__qing_early.md,city_dali__ch09.yaml,assets/default/town/city_dali__ch09,本轮未执行逐城史料检索、规格与渲染；不可视为已完成
city_lhasa,ch09,qing_early,ch08,capital,pending,history/city_lhasa__qing_early.md,city_lhasa__ch09.yaml,assets/default/town/city_lhasa__ch09,本轮未执行逐城史料检索、规格与渲染；不可视为已完成
city_yinchuan,ch09,qing_early,ch08,capital,pending,history/city_yinchuan__qing_early.md,city_yinchuan__ch09.yaml,assets/default/town/city_yinchuan__ch09,本轮未执行逐城史料检索、规格与渲染；不可视为已完成
city_kashgar,ch09,qing_early,ch08,capital,pending,history/city_kashgar__qing_early.md,city_kashgar__ch09.yaml,assets/default/town/city_kashgar__ch09,本轮未执行逐城史料检索、规格与渲染；不可视为已完成
city_shenyang,ch09,qing_early,ch08,capital,pending,history/city_shenyang__qing_early.md,city_shenyang__ch09.yaml,assets/default/town/city_shenyang__ch09,本轮未执行逐城史料检索、规格与渲染；不可视为已完成
city_tianjin,ch09,qing_early,ch08,major,pending,history/city_tianjin__qing_early.md,city_tianjin__ch09.yaml,assets/default/town/city_tianjin__ch09,本轮未执行逐城史料检索、规格与渲染；不可视为已完成
city_baoding,ch09,qing_early,ch08,major,pending,history/city_baoding__qing_early.md,city_baoding__ch09.yaml,assets/default/town/city_baoding__ch09,本轮未执行逐城史料检索、规格与渲染；不可视为已完成
city_zhengding,ch09,qing_early,ch08,major,pending,history/city_zhengding__qing_early.md,city_zhengding__ch09.yaml,assets/default/town/city_zhengding__ch09,本轮未执行逐城史料检索、规格与渲染；不可视为已完成
city_cangzhou,ch09,qing_early,ch08,major,pending,history/city_cangzhou__qing_early.md,city_cangzhou__ch09.yaml,assets/default/town/city_cangzhou__ch09,本轮未执行逐城史料检索、规格与渲染；不可视为已完成
city_chengde,ch09,qing_early,ch08,major,pending,history/city_chengde__qing_early.md,city_chengde__ch09.yaml,assets/default/town/city_chengde__ch09,本轮未执行逐城史料检索、规格与渲染；不可视为已完成
city_zhangjiakou,ch09,qing_early,ch08,major,pending,history/city_zhangjiakou__qing_early.md,city_zhangjiakou__ch09.yaml,assets/default/town/city_zhangjiakou__ch09,本轮未执行逐城史料检索、规格与渲染；不可视为已完成
city_shanhaiguan,ch09,qing_early,ch08,major,pending,history/city_shanhaiguan__qing_early.md,city_shanhaiguan__ch09.yaml,assets/default/town/city_shanhaiguan__ch09,本轮未执行逐城史料检索、规格与渲染；不可视为已完成
city_zhengzhou,ch09,qing_early,ch08,major,pending,history/city_zhengzhou__qing_early.md,city_zhengzhou__ch09.yaml,assets/default/town/city_zhengzhou__ch09,本轮未执行逐城史料检索、规格与渲染；不可视为已完成
city_dengfeng,ch09,qing_early,ch08,major,pending,history/city_dengfeng__qing_early.md,city_dengfeng__ch09.yaml,assets/default/town/city_dengfeng__ch09,本轮未执行逐城史料检索、规格与渲染；不可视为已完成
city_anyang,ch09,qing_early,ch08,major,pending,history/city_anyang__qing_early.md,city_anyang__ch09.yaml,assets/default/town/city_anyang__ch09,本轮未执行逐城史料检索、规格与渲染；不可视为已完成
city_shangqiu,ch09,qing_early,ch08,major,pending,history/city_shangqiu__qing_early.md,city_shangqiu__ch09.yaml,assets/default/town/city_shangqiu__ch09,本轮未执行逐城史料检索、规格与渲染；不可视为已完成
city_nanyang,ch09,qing_early,ch08,major,pending,history/city_nanyang__qing_early.md,city_nanyang__ch09.yaml,assets/default/town/city_nanyang__ch09,本轮未执行逐城史料检索、规格与渲染；不可视为已完成
city_xinyang,ch09,qing_early,ch08,major,pending,history/city_xinyang__qing_early.md,city_xinyang__ch09.yaml,assets/default/town/city_xinyang__ch09,本轮未执行逐城史料检索、规格与渲染；不可视为已完成
city_xian,ch09,qing_early,ch08,major,pending,history/city_xian__qing_early.md,city_xian__ch09.yaml,assets/default/town/city_xian__ch09,本轮未执行逐城史料检索、规格与渲染；不可视为已完成
city_huayin,ch09,qing_early,ch08,major,pending,history/city_huayin__qing_early.md,city_huayin__ch09.yaml,assets/default/town/city_huayin__ch09,本轮未执行逐城史料检索、规格与渲染；不可视为已完成
city_baoji,ch09,qing_early,ch08,major,pending,history/city_baoji__qing_early.md,city_baoji__ch09.yaml,assets/default/town/city_baoji__ch09,本轮未执行逐城史料检索、规格与渲染；不可视为已完成
city_hanzhong,ch09,qing_early,ch08,major,pending,history/city_hanzhong__qing_early.md,city_hanzhong__ch09.yaml,assets/default/town/city_hanzhong__ch09,本轮未执行逐城史料检索、规格与渲染；不可视为已完成
city_yanan,ch09,qing_early,ch08,major,pending,history/city_yanan__qing_early.md,city_yanan__ch09.yaml,assets/default/town/city_yanan__ch09,本轮未执行逐城史料检索、规格与渲染；不可视为已完成
city_yulin,ch09,qing_early,ch08,major,pending,history/city_yulin__qing_early.md,city_yulin__ch09.yaml,assets/default/town/city_yulin__ch09,本轮未执行逐城史料检索、规格与渲染；不可视为已完成
city_taiyuan,ch09,qing_early,ch08,major,pending,history/city_taiyuan__qing_early.md,city_taiyuan__ch09.yaml,assets/default/town/city_taiyuan__ch09,本轮未执行逐城史料检索、规格与渲染；不可视为已完成
city_yuncheng,ch09,qing_early,ch08,major,pending,history/city_yuncheng__qing_early.md,city_yuncheng__ch09.yaml,assets/default/town/city_yuncheng__ch09,本轮未执行逐城史料检索、规格与渲染；不可视为已完成
city_linfen,ch09,qing_early,ch08,major,pending,history/city_linfen__qing_early.md,city_linfen__ch09.yaml,assets/default/town/city_linfen__ch09,本轮未执行逐城史料检索、规格与渲染；不可视为已完成
city_changzhi,ch09,qing_early,ch08,major,pending,history/city_changzhi__qing_early.md,city_changzhi__ch09.yaml,assets/default/town/city_changzhi__ch09,本轮未执行逐城史料检索、规格与渲染；不可视为已完成
city_shuozhou,ch09,qing_early,ch08,major,pending,history/city_shuozhou__qing_early.md,city_shuozhou__ch09.yaml,assets/default/town/city_shuozhou__ch09,本轮未执行逐城史料检索、规格与渲染；不可视为已完成
city_jinan,ch09,qing_early,ch08,major,pending,history/city_jinan__qing_early.md,city_jinan__ch09.yaml,assets/default/town/city_jinan__ch09,本轮未执行逐城史料检索、规格与渲染；不可视为已完成
city_qufu,ch09,qing_early,ch08,major,pending,history/city_qufu__qing_early.md,city_qufu__ch09.yaml,assets/default/town/city_qufu__ch09,本轮未执行逐城史料检索、规格与渲染；不可视为已完成
city_taian,ch09,qing_early,ch08,major,pending,history/city_taian__qing_early.md,city_taian__ch09.yaml,assets/default/town/city_taian__ch09,本轮未执行逐城史料检索、规格与渲染；不可视为已完成
city_qingzhou,ch09,qing_early,ch08,major,pending,history/city_qingzhou__qing_early.md,city_qingzhou__ch09.yaml,assets/default/town/city_qingzhou__ch09,本轮未执行逐城史料检索、规格与渲染；不可视为已完成
city_dezhou,ch09,qing_early,ch08,major,pending,history/city_dezhou__qing_early.md,city_dezhou__ch09.yaml,assets/default/town/city_dezhou__ch09,本轮未执行逐城史料检索、规格与渲染；不可视为已完成
city_yantai,ch09,qing_early,ch08,major,pending,history/city_yantai__qing_early.md,city_yantai__ch09.yaml,assets/default/town/city_yantai__ch09,本轮未执行逐城史料检索、规格与渲染；不可视为已完成
city_penglai,ch09,qing_early,ch08,major,pending,history/city_penglai__qing_early.md,city_penglai__ch09.yaml,assets/default/town/city_penglai__ch09,本轮未执行逐城史料检索、规格与渲染；不可视为已完成
city_yangzhou,ch09,qing_early,ch08,major,pending,history/city_yangzhou__qing_early.md,city_yangzhou__ch09.yaml,assets/default/town/city_yangzhou__ch09,本轮未执行逐城史料检索、规格与渲染；不可视为已完成
city_zhenjiang,ch09,qing_early,ch08,major,pending,history/city_zhenjiang__qing_early.md,city_zhenjiang__ch09.yaml,assets/default/town/city_zhenjiang__ch09,本轮未执行逐城史料检索、规格与渲染；不可视为已完成
city_xuzhou,ch09,qing_early,ch08,major,pending,history/city_xuzhou__qing_early.md,city_xuzhou__ch09.yaml,assets/default/town/city_xuzhou__ch09,本轮未执行逐城史料检索、规格与渲染；不可视为已完成
city_hefei,ch09,qing_early,ch08,major,pending,history/city_hefei__qing_early.md,city_hefei__ch09.yaml,assets/default/town/city_hefei__ch09,本轮未执行逐城史料检索、规格与渲染；不可视为已完成
city_anqing,ch09,qing_early,ch08,major,pending,history/city_anqing__qing_early.md,city_anqing__ch09.yaml,assets/default/town/city_anqing__ch09,本轮未执行逐城史料检索、规格与渲染；不可视为已完成
city_wuhu,ch09,qing_early,ch08,major,pending,history/city_wuhu__qing_early.md,city_wuhu__ch09.yaml,assets/default/town/city_wuhu__ch09,本轮未执行逐城史料检索、规格与渲染；不可视为已完成
city_huangshan,ch09,qing_early,ch08,major,pending,history/city_huangshan__qing_early.md,city_huangshan__ch09.yaml,assets/default/town/city_huangshan__ch09,本轮未执行逐城史料检索、规格与渲染；不可视为已完成
city_suzhou,ch09,qing_early,ch08,major,pending,history/city_suzhou__qing_early.md,city_suzhou__ch09.yaml,assets/default/town/city_suzhou__ch09,本轮未执行逐城史料检索、规格与渲染；不可视为已完成
city_wuxi,ch09,qing_early,ch08,major,pending,history/city_wuxi__qing_early.md,city_wuxi__ch09.yaml,assets/default/town/city_wuxi__ch09,本轮未执行逐城史料检索、规格与渲染；不可视为已完成
city_jiaxing,ch09,qing_early,ch08,major,pending,history/city_jiaxing__qing_early.md,city_jiaxing__ch09.yaml,assets/default/town/city_jiaxing__ch09,本轮未执行逐城史料检索、规格与渲染；不可视为已完成
city_shaoxing,ch09,qing_early,ch08,major,pending,history/city_shaoxing__qing_early.md,city_shaoxing__ch09.yaml,assets/default/town/city_shaoxing__ch09,本轮未执行逐城史料检索、规格与渲染；不可视为已完成
city_ningbo,ch09,qing_early,ch08,major,pending,history/city_ningbo__qing_early.md,city_ningbo__ch09.yaml,assets/default/town/city_ningbo__ch09,本轮未执行逐城史料检索、规格与渲染；不可视为已完成
city_zhoushan,ch09,qing_early,ch08,major,pending,history/city_zhoushan__qing_early.md,city_zhoushan__ch09.yaml,assets/default/town/city_zhoushan__ch09,本轮未执行逐城史料检索、规格与渲染；不可视为已完成
city_wenzhou,ch09,qing_early,ch08,major,pending,history/city_wenzhou__qing_early.md,city_wenzhou__ch09.yaml,assets/default/town/city_wenzhou__ch09,本轮未执行逐城史料检索、规格与渲染；不可视为已完成
city_fuzhou,ch09,qing_early,ch08,major,pending,history/city_fuzhou__qing_early.md,city_fuzhou__ch09.yaml,assets/default/town/city_fuzhou__ch09,本轮未执行逐城史料检索、规格与渲染；不可视为已完成
city_quanzhou,ch09,qing_early,ch08,major,pending,history/city_quanzhou__qing_early.md,city_quanzhou__ch09.yaml,assets/default/town/city_quanzhou__ch09,本轮未执行逐城史料检索、规格与渲染；不可视为已完成
city_putian,ch09,qing_early,ch08,major,pending,history/city_putian__qing_early.md,city_putian__ch09.yaml,assets/default/town/city_putian__ch09,本轮未执行逐城史料检索、规格与渲染；不可视为已完成
city_xiamen,ch09,qing_early,ch08,major,pending,history/city_xiamen__qing_early.md,city_xiamen__ch09.yaml,assets/default/town/city_xiamen__ch09,本轮未执行逐城史料检索、规格与渲染；不可视为已完成
city_zhangzhou,ch09,qing_early,ch08,major,pending,history/city_zhangzhou__qing_early.md,city_zhangzhou__ch09.yaml,assets/default/town/city_zhangzhou__ch09,本轮未执行逐城史料检索、规格与渲染；不可视为已完成
city_nanchang,ch09,qing_early,ch08,major,pending,history/city_nanchang__qing_early.md,city_nanchang__ch09.yaml,assets/default/town/city_nanchang__ch09,本轮未执行逐城史料检索、规格与渲染；不可视为已完成
city_jiujiang,ch09,qing_early,ch08,major,pending,history/city_jiujiang__qing_early.md,city_jiujiang__ch09.yaml,assets/default/town/city_jiujiang__ch09,本轮未执行逐城史料检索、规格与渲染；不可视为已完成
city_ganzhou,ch09,qing_early,ch08,major,pending,history/city_ganzhou__qing_early.md,city_ganzhou__ch09.yaml,assets/default/town/city_ganzhou__ch09,本轮未执行逐城史料检索、规格与渲染；不可视为已完成
city_jingdezhen,ch09,qing_early,ch08,major,pending,history/city_jingdezhen__qing_early.md,city_jingdezhen__ch09.yaml,assets/default/town/city_jingdezhen__ch09,本轮未执行逐城史料检索、规格与渲染；不可视为已完成
city_wuhan,ch09,qing_early,ch08,major,pending,history/city_wuhan__qing_early.md,city_wuhan__ch09.yaml,assets/default/town/city_wuhan__ch09,本轮未执行逐城史料检索、规格与渲染；不可视为已完成
city_xiangyang,ch09,qing_early,ch08,major,pending,history/city_xiangyang__qing_early.md,city_xiangyang__ch09.yaml,assets/default/town/city_xiangyang__ch09,本轮未执行逐城史料检索、规格与渲染；不可视为已完成
city_jingzhou,ch09,qing_early,ch08,major,pending,history/city_jingzhou__qing_early.md,city_jingzhou__ch09.yaml,assets/default/town/city_jingzhou__ch09,本轮未执行逐城史料检索、规格与渲染；不可视为已完成
city_yueyang,ch09,qing_early,ch08,major,pending,history/city_yueyang__qing_early.md,city_yueyang__ch09.yaml,assets/default/town/city_yueyang__ch09,本轮未执行逐城史料检索、规格与渲染；不可视为已完成
city_changsha,ch09,qing_early,ch08,major,pending,history/city_changsha__qing_early.md,city_changsha__ch09.yaml,assets/default/town/city_changsha__ch09,本轮未执行逐城史料检索、规格与渲染；不可视为已完成
city_hengyang,ch09,qing_early,ch08,major,pending,history/city_hengyang__qing_early.md,city_hengyang__ch09.yaml,assets/default/town/city_hengyang__ch09,本轮未执行逐城史料检索、规格与渲染；不可视为已完成
city_shiyan,ch09,qing_early,ch08,major,pending,history/city_shiyan__qing_early.md,city_shiyan__ch09.yaml,assets/default/town/city_shiyan__ch09,本轮未执行逐城史料检索、规格与渲染；不可视为已完成
city_yichang,ch09,qing_early,ch08,major,pending,history/city_yichang__qing_early.md,city_yichang__ch09.yaml,assets/default/town/city_yichang__ch09,本轮未执行逐城史料检索、规格与渲染；不可视为已完成
city_guangzhou,ch09,qing_early,ch08,major,pending,history/city_guangzhou__qing_early.md,city_guangzhou__ch09.yaml,assets/default/town/city_guangzhou__ch09,本轮未执行逐城史料检索、规格与渲染；不可视为已完成
city_foshan,ch09,qing_early,ch08,major,pending,history/city_foshan__qing_early.md,city_foshan__ch09.yaml,assets/default/town/city_foshan__ch09,本轮未执行逐城史料检索、规格与渲染；不可视为已完成
city_zhaoqing,ch09,qing_early,ch08,major,pending,history/city_zhaoqing__qing_early.md,city_zhaoqing__ch09.yaml,assets/default/town/city_zhaoqing__ch09,本轮未执行逐城史料检索、规格与渲染；不可视为已完成
city_chaozhou,ch09,qing_early,ch08,major,pending,history/city_chaozhou__qing_early.md,city_chaozhou__ch09.yaml,assets/default/town/city_chaozhou__ch09,本轮未执行逐城史料检索、规格与渲染；不可视为已完成
city_guilin,ch09,qing_early,ch08,major,pending,history/city_guilin__qing_early.md,city_guilin__ch09.yaml,assets/default/town/city_guilin__ch09,本轮未执行逐城史料检索、规格与渲染；不可视为已完成
city_liuzhou,ch09,qing_early,ch08,major,pending,history/city_liuzhou__qing_early.md,city_liuzhou__ch09.yaml,assets/default/town/city_liuzhou__ch09,本轮未执行逐城史料检索、规格与渲染；不可视为已完成
city_nanning,ch09,qing_early,ch08,major,pending,history/city_nanning__qing_early.md,city_nanning__ch09.yaml,assets/default/town/city_nanning__ch09,本轮未执行逐城史料检索、规格与渲染；不可视为已完成
city_haikou,ch09,qing_early,ch08,major,pending,history/city_haikou__qing_early.md,city_haikou__ch09.yaml,assets/default/town/city_haikou__ch09,本轮未执行逐城史料检索、规格与渲染；不可视为已完成
city_chengdu,ch09,qing_early,ch08,major,pending,history/city_chengdu__qing_early.md,city_chengdu__ch09.yaml,assets/default/town/city_chengdu__ch09,本轮未执行逐城史料检索、规格与渲染；不可视为已完成
city_chongqing,ch09,qing_early,ch08,major,pending,history/city_chongqing__qing_early.md,city_chongqing__ch09.yaml,assets/default/town/city_chongqing__ch09,本轮未执行逐城史料检索、规格与渲染；不可视为已完成
city_dujiangyan,ch09,qing_early,ch08,major,pending,history/city_dujiangyan__qing_early.md,city_dujiangyan__ch09.yaml,assets/default/town/city_dujiangyan__ch09,本轮未执行逐城史料检索、规格与渲染；不可视为已完成
city_leshan,ch09,qing_early,ch08,major,pending,history/city_leshan__qing_early.md,city_leshan__ch09.yaml,assets/default/town/city_leshan__ch09,本轮未执行逐城史料检索、规格与渲染；不可视为已完成
city_fengjie,ch09,qing_early,ch08,major,pending,history/city_fengjie__qing_early.md,city_fengjie__ch09.yaml,assets/default/town/city_fengjie__ch09,本轮未执行逐城史料检索、规格与渲染；不可视为已完成
city_lijiang,ch09,qing_early,ch08,major,pending,history/city_lijiang__qing_early.md,city_lijiang__ch09.yaml,assets/default/town/city_lijiang__ch09,本轮未执行逐城史料检索、规格与渲染；不可视为已完成
city_baoshan,ch09,qing_early,ch08,major,pending,history/city_baoshan__qing_early.md,city_baoshan__ch09.yaml,assets/default/town/city_baoshan__ch09,本轮未执行逐城史料检索、规格与渲染；不可视为已完成
city_tengchong,ch09,qing_early,ch08,major,pending,history/city_tengchong__qing_early.md,city_tengchong__ch09.yaml,assets/default/town/city_tengchong__ch09,本轮未执行逐城史料检索、规格与渲染；不可视为已完成
city_qujing,ch09,qing_early,ch08,major,pending,history/city_qujing__qing_early.md,city_qujing__ch09.yaml,assets/default/town/city_qujing__ch09,本轮未执行逐城史料检索、规格与渲染；不可视为已完成
city_guiyang,ch09,qing_early,ch08,major,pending,history/city_guiyang__qing_early.md,city_guiyang__ch09.yaml,assets/default/town/city_guiyang__ch09,本轮未执行逐城史料检索、规格与渲染；不可视为已完成
city_shigatse,ch09,qing_early,ch08,major,pending,history/city_shigatse__qing_early.md,city_shigatse__ch09.yaml,assets/default/town/city_shigatse__ch09,本轮未执行逐城史料检索、规格与渲染；不可视为已完成
city_qamdo,ch09,qing_early,ch08,major,pending,history/city_qamdo__qing_early.md,city_qamdo__ch09.yaml,assets/default/town/city_qamdo__ch09,本轮未执行逐城史料检索、规格与渲染；不可视为已完成
city_ngari,ch09,qing_early,ch08,major,pending,history/city_ngari__qing_early.md,city_ngari__ch09.yaml,assets/default/town/city_ngari__ch09,本轮未执行逐城史料检索、规格与渲染；不可视为已完成
city_lanzhou,ch09,qing_early,ch08,major,pending,history/city_lanzhou__qing_early.md,city_lanzhou__ch09.yaml,assets/default/town/city_lanzhou__ch09,本轮未执行逐城史料检索、规格与渲染；不可视为已完成
city_tianshui,ch09,qing_early,ch08,major,pending,history/city_tianshui__qing_early.md,city_tianshui__ch09.yaml,assets/default/town/city_tianshui__ch09,本轮未执行逐城史料检索、规格与渲染；不可视为已完成
city_pingliang,ch09,qing_early,ch08,major,pending,history/city_pingliang__qing_early.md,city_pingliang__ch09.yaml,assets/default/town/city_pingliang__ch09,本轮未执行逐城史料检索、规格与渲染；不可视为已完成
city_wuwei,ch09,qing_early,ch08,major,pending,history/city_wuwei__qing_early.md,city_wuwei__ch09.yaml,assets/default/town/city_wuwei__ch09,本轮未执行逐城史料检索、规格与渲染；不可视为已完成
city_zhangye,ch09,qing_early,ch08,major,pending,history/city_zhangye__qing_early.md,city_zhangye__ch09.yaml,assets/default/town/city_zhangye__ch09,本轮未执行逐城史料检索、规格与渲染；不可视为已完成
city_jiuquan,ch09,qing_early,ch08,major,pending,history/city_jiuquan__qing_early.md,city_jiuquan__ch09.yaml,assets/default/town/city_jiuquan__ch09,本轮未执行逐城史料检索、规格与渲染；不可视为已完成
city_dunhuang,ch09,qing_early,ch08,major,pending,history/city_dunhuang__qing_early.md,city_dunhuang__ch09.yaml,assets/default/town/city_dunhuang__ch09,本轮未执行逐城史料检索、规格与渲染；不可视为已完成
city_zhongwei,ch09,qing_early,ch08,major,pending,history/city_zhongwei__qing_early.md,city_zhongwei__ch09.yaml,assets/default/town/city_zhongwei__ch09,本轮未执行逐城史料检索、规格与渲染；不可视为已完成
city_xining,ch09,qing_early,ch08,major,pending,history/city_xining__qing_early.md,city_xining__ch09.yaml,assets/default/town/city_xining__ch09,本轮未执行逐城史料检索、规格与渲染；不可视为已完成
city_hotan,ch09,qing_early,ch08,major,pending,history/city_hotan__qing_early.md,city_hotan__ch09.yaml,assets/default/town/city_hotan__ch09,本轮未执行逐城史料检索、规格与渲染；不可视为已完成
city_yarkand,ch09,qing_early,ch08,major,pending,history/city_yarkand__qing_early.md,city_yarkand__ch09.yaml,assets/default/town/city_yarkand__ch09,本轮未执行逐城史料检索、规格与渲染；不可视为已完成
city_aksu,ch09,qing_early,ch08,major,pending,history/city_aksu__qing_early.md,city_aksu__ch09.yaml,assets/default/town/city_aksu__ch09,本轮未执行逐城史料检索、规格与渲染；不可视为已完成
city_kuqa,ch09,qing_early,ch08,major,pending,history/city_kuqa__qing_early.md,city_kuqa__ch09.yaml,assets/default/town/city_kuqa__ch09,本轮未执行逐城史料检索、规格与渲染；不可视为已完成
city_korla,ch09,qing_early,ch08,major,pending,history/city_korla__qing_early.md,city_korla__ch09.yaml,assets/default/town/city_korla__ch09,本轮未执行逐城史料检索、规格与渲染；不可视为已完成
city_turpan,ch09,qing_early,ch08,major,pending,history/city_turpan__qing_early.md,city_turpan__ch09.yaml,assets/default/town/city_turpan__ch09,本轮未执行逐城史料检索、规格与渲染；不可视为已完成
city_hami,ch09,qing_early,ch08,major,pending,history/city_hami__qing_early.md,city_hami__ch09.yaml,assets/default/town/city_hami__ch09,本轮未执行逐城史料检索、规格与渲染；不可视为已完成
city_yining,ch09,qing_early,ch08,major,pending,history/city_yining__qing_early.md,city_yining__ch09.yaml,assets/default/town/city_yining__ch09,本轮未执行逐城史料检索、规格与渲染；不可视为已完成
city_liaoyang,ch09,qing_early,ch08,major,pending,history/city_liaoyang__qing_early.md,city_liaoyang__ch09.yaml,assets/default/town/city_liaoyang__ch09,本轮未执行逐城史料检索、规格与渲染；不可视为已完成
city_jinzhou,ch09,qing_early,ch08,major,pending,history/city_jinzhou__qing_early.md,city_jinzhou__ch09.yaml,assets/default/town/city_jinzhou__ch09,本轮未执行逐城史料检索、规格与渲染；不可视为已完成
city_dandong,ch09,qing_early,ch08,major,pending,history/city_dandong__qing_early.md,city_dandong__ch09.yaml,assets/default/town/city_dandong__ch09,本轮未执行逐城史料检索、规格与渲染；不可视为已完成
city_yingkou,ch09,qing_early,ch08,major,pending,history/city_yingkou__qing_early.md,city_yingkou__ch09.yaml,assets/default/town/city_yingkou__ch09,本轮未执行逐城史料检索、规格与渲染；不可视为已完成
city_jilin,ch09,qing_early,ch08,major,pending,history/city_jilin__qing_early.md,city_jilin__ch09.yaml,assets/default/town/city_jilin__ch09,本轮未执行逐城史料检索、规格与渲染；不可视为已完成
city_ningan,ch09,qing_early,ch08,major,pending,history/city_ningan__qing_early.md,city_ningan__ch09.yaml,assets/default/town/city_ningan__ch09,本轮未执行逐城史料检索、规格与渲染；不可视为已完成
city_qiqihar,ch09,qing_early,ch08,major,pending,history/city_qiqihar__qing_early.md,city_qiqihar__ch09.yaml,assets/default/town/city_qiqihar__ch09,本轮未执行逐城史料检索、规格与渲染；不可视为已完成
city_chifeng,ch09,qing_early,ch08,major,pending,history/city_chifeng__qing_early.md,city_chifeng__ch09.yaml,assets/default/town/city_chifeng__ch09,本轮未执行逐城史料检索、规格与渲染；不可视为已完成
city_hohhot,ch09,qing_early,ch08,major,pending,history/city_hohhot__qing_early.md,city_hohhot__ch09.yaml,assets/default/town/city_hohhot__ch09,本轮未执行逐城史料检索、规格与渲染；不可视为已完成
city_ordos,ch09,qing_early,ch08,major,pending,history/city_ordos__qing_early.md,city_ordos__ch09.yaml,assets/default/town/city_ordos__ch09,本轮未执行逐城史料检索、规格与渲染；不可视为已完成
city_xilinhot,ch09,qing_early,ch08,major,pending,history/city_xilinhot__qing_early.md,city_xilinhot__ch09.yaml,assets/default/town/city_xilinhot__ch09,本轮未执行逐城史料检索、规格与渲染；不可视为已完成
city_penghu,ch09,qing_early,ch08,major,pending,history/city_penghu__qing_early.md,city_penghu__ch09.yaml,assets/default/town/city_penghu__ch09,本轮未执行逐城史料检索、规格与渲染；不可视为已完成
city_hejian,ch09,qing_early,ch08,secondary,pending,history/city_hejian__qing_early.md,city_hejian__ch09.yaml,assets/default/town/city_hejian__ch09,本轮未执行逐城史料检索、规格与渲染；不可视为已完成
city_qinhuangdao,ch09,qing_early,ch08,secondary,pending,history/city_qinhuangdao__qing_early.md,city_qinhuangdao__ch09.yaml,assets/default/town/city_qinhuangdao__ch09,本轮未执行逐城史料检索、规格与渲染；不可视为已完成
city_tangshan,ch09,qing_early,ch08,secondary,pending,history/city_tangshan__qing_early.md,city_tangshan__ch09.yaml,assets/default/town/city_tangshan__ch09,本轮未执行逐城史料检索、规格与渲染；不可视为已完成
city_xinxiang,ch09,qing_early,ch08,secondary,pending,history/city_xinxiang__qing_early.md,city_xinxiang__ch09.yaml,assets/default/town/city_xinxiang__ch09,本轮未执行逐城史料检索、规格与渲染；不可视为已完成
city_jiaozuo,ch09,qing_early,ch08,secondary,pending,history/city_jiaozuo__qing_early.md,city_jiaozuo__ch09.yaml,assets/default/town/city_jiaozuo__ch09,本轮未执行逐城史料检索、规格与渲染；不可视为已完成
city_xuchang,ch09,qing_early,ch08,secondary,pending,history/city_xuchang__qing_early.md,city_xuchang__ch09.yaml,assets/default/town/city_xuchang__ch09,本轮未执行逐城史料检索、规格与渲染；不可视为已完成
city_pingdingshan,ch09,qing_early,ch08,secondary,pending,history/city_pingdingshan__qing_early.md,city_pingdingshan__ch09.yaml,assets/default/town/city_pingdingshan__ch09,本轮未执行逐城史料检索、规格与渲染；不可视为已完成
city_xianyang,ch09,qing_early,ch08,secondary,pending,history/city_xianyang__qing_early.md,city_xianyang__ch09.yaml,assets/default/town/city_xianyang__ch09,本轮未执行逐城史料检索、规格与渲染；不可视为已完成
city_weinan,ch09,qing_early,ch08,secondary,pending,history/city_weinan__qing_early.md,city_weinan__ch09.yaml,assets/default/town/city_weinan__ch09,本轮未执行逐城史料检索、规格与渲染；不可视为已完成
city_ankang,ch09,qing_early,ch08,secondary,pending,history/city_ankang__qing_early.md,city_ankang__ch09.yaml,assets/default/town/city_ankang__ch09,本轮未执行逐城史料检索、规格与渲染；不可视为已完成
city_shangluo,ch09,qing_early,ch08,secondary,pending,history/city_shangluo__qing_early.md,city_shangluo__ch09.yaml,assets/default/town/city_shangluo__ch09,本轮未执行逐城史料检索、规格与渲染；不可视为已完成
city_pingyao,ch09,qing_early,ch08,secondary,pending,history/city_pingyao__qing_early.md,city_pingyao__ch09.yaml,assets/default/town/city_pingyao__ch09,本轮未执行逐城史料检索、规格与渲染；不可视为已完成
city_xinzhou,ch09,qing_early,ch08,secondary,pending,history/city_xinzhou__qing_early.md,city_xinzhou__ch09.yaml,assets/default/town/city_xinzhou__ch09,本轮未执行逐城史料检索、规格与渲染；不可视为已完成
city_jincheng,ch09,qing_early,ch08,secondary,pending,history/city_jincheng__qing_early.md,city_jincheng__ch09.yaml,assets/default/town/city_jincheng__ch09,本轮未执行逐城史料检索、规格与渲染；不可视为已完成
city_liaocheng,ch09,qing_early,ch08,secondary,pending,history/city_liaocheng__qing_early.md,city_liaocheng__ch09.yaml,assets/default/town/city_liaocheng__ch09,本轮未执行逐城史料检索、规格与渲染；不可视为已完成
city_linyi,ch09,qing_early,ch08,secondary,pending,history/city_linyi__qing_early.md,city_linyi__ch09.yaml,assets/default/town/city_linyi__ch09,本轮未执行逐城史料检索、规格与渲染；不可视为已完成
city_weihai,ch09,qing_early,ch08,secondary,pending,history/city_weihai__qing_early.md,city_weihai__ch09.yaml,assets/default/town/city_weihai__ch09,本轮未执行逐城史料检索、规格与渲染；不可视为已完成
city_zibo,ch09,qing_early,ch08,secondary,pending,history/city_zibo__qing_early.md,city_zibo__ch09.yaml,assets/default/town/city_zibo__ch09,本轮未执行逐城史料检索、规格与渲染；不可视为已完成
city_dongping,ch09,qing_early,ch08,secondary,pending,history/city_dongping__qing_early.md,city_dongping__ch09.yaml,assets/default/town/city_dongping__ch09,本轮未执行逐城史料检索、规格与渲染；不可视为已完成
city_lianyungang,ch09,qing_early,ch08,secondary,pending,history/city_lianyungang__qing_early.md,city_lianyungang__ch09.yaml,assets/default/town/city_lianyungang__ch09,本轮未执行逐城史料检索、规格与渲染；不可视为已完成
city_fuyang,ch09,qing_early,ch08,secondary,pending,history/city_fuyang__qing_early.md,city_fuyang__ch09.yaml,assets/default/town/city_fuyang__ch09,本轮未执行逐城史料检索、规格与渲染；不可视为已完成
city_jinhua,ch09,qing_early,ch08,secondary,pending,history/city_jinhua__qing_early.md,city_jinhua__ch09.yaml,assets/default/town/city_jinhua__ch09,本轮未执行逐城史料检索、规格与渲染；不可视为已完成
city_quzhou,ch09,qing_early,ch08,secondary,pending,history/city_quzhou__qing_early.md,city_quzhou__ch09.yaml,assets/default/town/city_quzhou__ch09,本轮未执行逐城史料检索、规格与渲染；不可视为已完成
city_huzhou,ch09,qing_early,ch08,secondary,pending,history/city_huzhou__qing_early.md,city_huzhou__ch09.yaml,assets/default/town/city_huzhou__ch09,本轮未执行逐城史料检索、规格与渲染；不可视为已完成
city_changzhou,ch09,qing_early,ch08,secondary,pending,history/city_changzhou__qing_early.md,city_changzhou__ch09.yaml,assets/default/town/city_changzhou__ch09,本轮未执行逐城史料检索、规格与渲染；不可视为已完成
city_wuyishan,ch09,qing_early,ch08,secondary,pending,history/city_wuyishan__qing_early.md,city_wuyishan__ch09.yaml,assets/default/town/city_wuyishan__ch09,本轮未执行逐城史料检索、规格与渲染；不可视为已完成
city_shangrao,ch09,qing_early,ch08,secondary,pending,history/city_shangrao__qing_early.md,city_shangrao__ch09.yaml,assets/default/town/city_shangrao__ch09,本轮未执行逐城史料检索、规格与渲染；不可视为已完成
city_chenzhou,ch09,qing_early,ch08,secondary,pending,history/city_chenzhou__qing_early.md,city_chenzhou__ch09.yaml,assets/default/town/city_chenzhou__ch09,本轮未执行逐城史料检索、规格与渲染；不可视为已完成
city_enshi,ch09,qing_early,ch08,secondary,pending,history/city_enshi__qing_early.md,city_enshi__ch09.yaml,assets/default/town/city_enshi__ch09,本轮未执行逐城史料检索、规格与渲染；不可视为已完成
city_chenzhou_yuanling,ch09,qing_early,ch08,secondary,pending,history/city_chenzhou_yuanling__qing_early.md,city_chenzhou_yuanling__ch09.yaml,assets/default/town/city_chenzhou_yuanling__ch09,本轮未执行逐城史料检索、规格与渲染；不可视为已完成
city_jingmen,ch09,qing_early,ch08,secondary,pending,history/city_jingmen__qing_early.md,city_jingmen__ch09.yaml,assets/default/town/city_jingmen__ch09,本轮未执行逐城史料检索、规格与渲染；不可视为已完成
city_shaoguan,ch09,qing_early,ch08,secondary,pending,history/city_shaoguan__qing_early.md,city_shaoguan__ch09.yaml,assets/default/town/city_shaoguan__ch09,本轮未执行逐城史料检索、规格与渲染；不可视为已完成
city_sanya,ch09,qing_early,ch08,secondary,pending,history/city_sanya__qing_early.md,city_sanya__ch09.yaml,assets/default/town/city_sanya__ch09,本轮未执行逐城史料检索、规格与渲染；不可视为已完成
city_meishan,ch09,qing_early,ch08,secondary,pending,history/city_meishan__qing_early.md,city_meishan__ch09.yaml,assets/default/town/city_meishan__ch09,本轮未执行逐城史料检索、规格与渲染；不可视为已完成
city_yaan,ch09,qing_early,ch08,secondary,pending,history/city_yaan__qing_early.md,city_yaan__ch09.yaml,assets/default/town/city_yaan__ch09,本轮未执行逐城史料检索、规格与渲染；不可视为已完成
city_dazhou,ch09,qing_early,ch08,secondary,pending,history/city_dazhou__qing_early.md,city_dazhou__ch09.yaml,assets/default/town/city_dazhou__ch09,本轮未执行逐城史料检索、规格与渲染；不可视为已完成
city_bazhong,ch09,qing_early,ch08,secondary,pending,history/city_bazhong__qing_early.md,city_bazhong__ch09.yaml,assets/default/town/city_bazhong__ch09,本轮未执行逐城史料检索、规格与渲染；不可视为已完成
city_langzhong,ch09,qing_early,ch08,secondary,pending,history/city_langzhong__qing_early.md,city_langzhong__ch09.yaml,assets/default/town/city_langzhong__ch09,本轮未执行逐城史料检索、规格与渲染；不可视为已完成
city_zunyi,ch09,qing_early,ch08,secondary,pending,history/city_zunyi__qing_early.md,city_zunyi__ch09.yaml,assets/default/town/city_zunyi__ch09,本轮未执行逐城史料检索、规格与渲染；不可视为已完成
city_jinghong,ch09,qing_early,ch08,secondary,pending,history/city_jinghong__qing_early.md,city_jinghong__ch09.yaml,assets/default/town/city_jinghong__ch09,本轮未执行逐城史料检索、规格与渲染；不可视为已完成
city_gyantse,ch09,qing_early,ch08,secondary,pending,history/city_gyantse__qing_early.md,city_gyantse__ch09.yaml,assets/default/town/city_gyantse__ch09,本轮未执行逐城史料检索、规格与渲染；不可视为已完成
city_yushu,ch09,qing_early,ch08,secondary,pending,history/city_yushu__qing_early.md,city_yushu__ch09.yaml,assets/default/town/city_yushu__ch09,本轮未执行逐城史料检索、规格与渲染；不可视为已完成
city_altay,ch09,qing_early,ch08,secondary,pending,history/city_altay__qing_early.md,city_altay__ch09.yaml,assets/default/town/city_altay__ch09,本轮未执行逐城史料检索、规格与渲染；不可视为已完成
city_xingcheng,ch09,qing_early,ch08,secondary,pending,history/city_xingcheng__qing_early.md,city_xingcheng__ch09.yaml,assets/default/town/city_xingcheng__ch09,本轮未执行逐城史料检索、规格与渲染；不可视为已完成
city_mohe,ch09,qing_early,ch08,secondary,pending,history/city_mohe__qing_early.md,city_mohe__ch09.yaml,assets/default/town/city_mohe__ch09,本轮未执行逐城史料检索、规格与渲染；不可视为已完成
city_baotou,ch09,qing_early,ch08,secondary,pending,history/city_baotou__qing_early.md,city_baotou__ch09.yaml,assets/default/town/city_baotou__ch09,本轮未执行逐城史料检索、规格与渲染；不可视为已完成
city_khotan_kunlun,ch09,qing_early,ch08,site,pending,history/city_khotan_kunlun__qing_early.md,city_khotan_kunlun__ch09.yaml,assets/default/town/city_khotan_kunlun__ch09,本轮未执行逐城史料检索、规格与渲染；不可视为已完成
city_taohuadao,ch09,qing_early,ch08,site,pending,history/city_taohuadao__qing_early.md,city_taohuadao__ch09.yaml,assets/default/town/city_taohuadao__ch09,本轮未执行逐城史料检索、规格与渲染；不可视为已完成
city_beijing,ch11,qing_middle,ch11,capital,pending,history/city_beijing__qing_middle.md,city_beijing__ch11.yaml,assets/default/town/city_beijing__ch11,本轮未执行逐城史料检索、规格与渲染；不可视为已完成
city_kaifeng,ch11,qing_middle,ch11,capital,pending,history/city_kaifeng__qing_middle.md,city_kaifeng__ch11.yaml,assets/default/town/city_kaifeng__ch11,本轮未执行逐城史料检索、规格与渲染；不可视为已完成
city_luoyang,ch11,qing_middle,ch11,capital,pending,history/city_luoyang__qing_middle.md,city_luoyang__ch11.yaml,assets/default/town/city_luoyang__ch11,本轮未执行逐城史料检索、规格与渲染；不可视为已完成
city_datong,ch11,qing_middle,ch11,capital,pending,history/city_datong__qing_middle.md,city_datong__ch11.yaml,assets/default/town/city_datong__ch11,本轮未执行逐城史料检索、规格与渲染；不可视为已完成
city_nanjing,ch11,qing_middle,ch11,capital,pending,history/city_nanjing__qing_middle.md,city_nanjing__ch11.yaml,assets/default/town/city_nanjing__ch11,本轮未执行逐城史料检索、规格与渲染；不可视为已完成
city_hangzhou,ch11,qing_middle,ch11,capital,pending,history/city_hangzhou__qing_middle.md,city_hangzhou__ch11.yaml,assets/default/town/city_hangzhou__ch11,本轮未执行逐城史料检索、规格与渲染；不可视为已完成
city_kunming,ch11,qing_middle,ch11,capital,pending,history/city_kunming__qing_middle.md,city_kunming__ch11.yaml,assets/default/town/city_kunming__ch11,本轮未执行逐城史料检索、规格与渲染；不可视为已完成
city_dali,ch11,qing_middle,ch11,capital,pending,history/city_dali__qing_middle.md,city_dali__ch11.yaml,assets/default/town/city_dali__ch11,本轮未执行逐城史料检索、规格与渲染；不可视为已完成
city_lhasa,ch11,qing_middle,ch11,capital,pending,history/city_lhasa__qing_middle.md,city_lhasa__ch11.yaml,assets/default/town/city_lhasa__ch11,本轮未执行逐城史料检索、规格与渲染；不可视为已完成
city_yinchuan,ch11,qing_middle,ch11,capital,pending,history/city_yinchuan__qing_middle.md,city_yinchuan__ch11.yaml,assets/default/town/city_yinchuan__ch11,本轮未执行逐城史料检索、规格与渲染；不可视为已完成
city_kashgar,ch11,qing_middle,ch11,capital,pending,history/city_kashgar__qing_middle.md,city_kashgar__ch11.yaml,assets/default/town/city_kashgar__ch11,本轮未执行逐城史料检索、规格与渲染；不可视为已完成
city_shenyang,ch11,qing_middle,ch11,capital,pending,history/city_shenyang__qing_middle.md,city_shenyang__ch11.yaml,assets/default/town/city_shenyang__ch11,本轮未执行逐城史料检索、规格与渲染；不可视为已完成
city_acheng,ch11,qing_middle,ch11,capital,pending,history/city_acheng__qing_middle.md,city_acheng__ch11.yaml,assets/default/town/city_acheng__ch11,本轮未执行逐城史料检索、规格与渲染；不可视为已完成
city_tainan,ch11,qing_middle,ch11,capital,pending,history/city_tainan__qing_middle.md,city_tainan__ch11.yaml,assets/default/town/city_tainan__ch11,本轮未执行逐城史料检索、规格与渲染；不可视为已完成
city_tianjin,ch11,qing_middle,ch11,major,pending,history/city_tianjin__qing_middle.md,city_tianjin__ch11.yaml,assets/default/town/city_tianjin__ch11,本轮未执行逐城史料检索、规格与渲染；不可视为已完成
city_baoding,ch11,qing_middle,ch11,major,pending,history/city_baoding__qing_middle.md,city_baoding__ch11.yaml,assets/default/town/city_baoding__ch11,本轮未执行逐城史料检索、规格与渲染；不可视为已完成
city_zhengding,ch11,qing_middle,ch11,major,pending,history/city_zhengding__qing_middle.md,city_zhengding__ch11.yaml,assets/default/town/city_zhengding__ch11,本轮未执行逐城史料检索、规格与渲染；不可视为已完成
city_cangzhou,ch11,qing_middle,ch11,major,pending,history/city_cangzhou__qing_middle.md,city_cangzhou__ch11.yaml,assets/default/town/city_cangzhou__ch11,本轮未执行逐城史料检索、规格与渲染；不可视为已完成
city_chengde,ch11,qing_middle,ch11,major,pending,history/city_chengde__qing_middle.md,city_chengde__ch11.yaml,assets/default/town/city_chengde__ch11,本轮未执行逐城史料检索、规格与渲染；不可视为已完成
city_zhangjiakou,ch11,qing_middle,ch11,major,pending,history/city_zhangjiakou__qing_middle.md,city_zhangjiakou__ch11.yaml,assets/default/town/city_zhangjiakou__ch11,本轮未执行逐城史料检索、规格与渲染；不可视为已完成
city_shanhaiguan,ch11,qing_middle,ch11,major,pending,history/city_shanhaiguan__qing_middle.md,city_shanhaiguan__ch11.yaml,assets/default/town/city_shanhaiguan__ch11,本轮未执行逐城史料检索、规格与渲染；不可视为已完成
city_zhengzhou,ch11,qing_middle,ch11,major,pending,history/city_zhengzhou__qing_middle.md,city_zhengzhou__ch11.yaml,assets/default/town/city_zhengzhou__ch11,本轮未执行逐城史料检索、规格与渲染；不可视为已完成
city_dengfeng,ch11,qing_middle,ch11,major,pending,history/city_dengfeng__qing_middle.md,city_dengfeng__ch11.yaml,assets/default/town/city_dengfeng__ch11,本轮未执行逐城史料检索、规格与渲染；不可视为已完成
city_anyang,ch11,qing_middle,ch11,major,pending,history/city_anyang__qing_middle.md,city_anyang__ch11.yaml,assets/default/town/city_anyang__ch11,本轮未执行逐城史料检索、规格与渲染；不可视为已完成
city_shangqiu,ch11,qing_middle,ch11,major,pending,history/city_shangqiu__qing_middle.md,city_shangqiu__ch11.yaml,assets/default/town/city_shangqiu__ch11,本轮未执行逐城史料检索、规格与渲染；不可视为已完成
city_nanyang,ch11,qing_middle,ch11,major,pending,history/city_nanyang__qing_middle.md,city_nanyang__ch11.yaml,assets/default/town/city_nanyang__ch11,本轮未执行逐城史料检索、规格与渲染；不可视为已完成
city_xinyang,ch11,qing_middle,ch11,major,pending,history/city_xinyang__qing_middle.md,city_xinyang__ch11.yaml,assets/default/town/city_xinyang__ch11,本轮未执行逐城史料检索、规格与渲染；不可视为已完成
city_xian,ch11,qing_middle,ch11,major,pending,history/city_xian__qing_middle.md,city_xian__ch11.yaml,assets/default/town/city_xian__ch11,本轮未执行逐城史料检索、规格与渲染；不可视为已完成
city_huayin,ch11,qing_middle,ch11,major,pending,history/city_huayin__qing_middle.md,city_huayin__ch11.yaml,assets/default/town/city_huayin__ch11,本轮未执行逐城史料检索、规格与渲染；不可视为已完成
city_baoji,ch11,qing_middle,ch11,major,pending,history/city_baoji__qing_middle.md,city_baoji__ch11.yaml,assets/default/town/city_baoji__ch11,本轮未执行逐城史料检索、规格与渲染；不可视为已完成
city_hanzhong,ch11,qing_middle,ch11,major,pending,history/city_hanzhong__qing_middle.md,city_hanzhong__ch11.yaml,assets/default/town/city_hanzhong__ch11,本轮未执行逐城史料检索、规格与渲染；不可视为已完成
city_yanan,ch11,qing_middle,ch11,major,pending,history/city_yanan__qing_middle.md,city_yanan__ch11.yaml,assets/default/town/city_yanan__ch11,本轮未执行逐城史料检索、规格与渲染；不可视为已完成
city_yulin,ch11,qing_middle,ch11,major,pending,history/city_yulin__qing_middle.md,city_yulin__ch11.yaml,assets/default/town/city_yulin__ch11,本轮未执行逐城史料检索、规格与渲染；不可视为已完成
city_taiyuan,ch11,qing_middle,ch11,major,pending,history/city_taiyuan__qing_middle.md,city_taiyuan__ch11.yaml,assets/default/town/city_taiyuan__ch11,本轮未执行逐城史料检索、规格与渲染；不可视为已完成
city_yuncheng,ch11,qing_middle,ch11,major,pending,history/city_yuncheng__qing_middle.md,city_yuncheng__ch11.yaml,assets/default/town/city_yuncheng__ch11,本轮未执行逐城史料检索、规格与渲染；不可视为已完成
city_linfen,ch11,qing_middle,ch11,major,pending,history/city_linfen__qing_middle.md,city_linfen__ch11.yaml,assets/default/town/city_linfen__ch11,本轮未执行逐城史料检索、规格与渲染；不可视为已完成
city_changzhi,ch11,qing_middle,ch11,major,pending,history/city_changzhi__qing_middle.md,city_changzhi__ch11.yaml,assets/default/town/city_changzhi__ch11,本轮未执行逐城史料检索、规格与渲染；不可视为已完成
city_shuozhou,ch11,qing_middle,ch11,major,pending,history/city_shuozhou__qing_middle.md,city_shuozhou__ch11.yaml,assets/default/town/city_shuozhou__ch11,本轮未执行逐城史料检索、规格与渲染；不可视为已完成
city_jinan,ch11,qing_middle,ch11,major,pending,history/city_jinan__qing_middle.md,city_jinan__ch11.yaml,assets/default/town/city_jinan__ch11,本轮未执行逐城史料检索、规格与渲染；不可视为已完成
city_qufu,ch11,qing_middle,ch11,major,pending,history/city_qufu__qing_middle.md,city_qufu__ch11.yaml,assets/default/town/city_qufu__ch11,本轮未执行逐城史料检索、规格与渲染；不可视为已完成
city_taian,ch11,qing_middle,ch11,major,pending,history/city_taian__qing_middle.md,city_taian__ch11.yaml,assets/default/town/city_taian__ch11,本轮未执行逐城史料检索、规格与渲染；不可视为已完成
city_qingzhou,ch11,qing_middle,ch11,major,pending,history/city_qingzhou__qing_middle.md,city_qingzhou__ch11.yaml,assets/default/town/city_qingzhou__ch11,本轮未执行逐城史料检索、规格与渲染；不可视为已完成
city_dezhou,ch11,qing_middle,ch11,major,pending,history/city_dezhou__qing_middle.md,city_dezhou__ch11.yaml,assets/default/town/city_dezhou__ch11,本轮未执行逐城史料检索、规格与渲染；不可视为已完成
city_yantai,ch11,qing_middle,ch11,major,pending,history/city_yantai__qing_middle.md,city_yantai__ch11.yaml,assets/default/town/city_yantai__ch11,本轮未执行逐城史料检索、规格与渲染；不可视为已完成
city_penglai,ch11,qing_middle,ch11,major,pending,history/city_penglai__qing_middle.md,city_penglai__ch11.yaml,assets/default/town/city_penglai__ch11,本轮未执行逐城史料检索、规格与渲染；不可视为已完成
city_yangzhou,ch11,qing_middle,ch11,major,pending,history/city_yangzhou__qing_middle.md,city_yangzhou__ch11.yaml,assets/default/town/city_yangzhou__ch11,本轮未执行逐城史料检索、规格与渲染；不可视为已完成
city_zhenjiang,ch11,qing_middle,ch11,major,pending,history/city_zhenjiang__qing_middle.md,city_zhenjiang__ch11.yaml,assets/default/town/city_zhenjiang__ch11,本轮未执行逐城史料检索、规格与渲染；不可视为已完成
city_xuzhou,ch11,qing_middle,ch11,major,pending,history/city_xuzhou__qing_middle.md,city_xuzhou__ch11.yaml,assets/default/town/city_xuzhou__ch11,本轮未执行逐城史料检索、规格与渲染；不可视为已完成
city_hefei,ch11,qing_middle,ch11,major,pending,history/city_hefei__qing_middle.md,city_hefei__ch11.yaml,assets/default/town/city_hefei__ch11,本轮未执行逐城史料检索、规格与渲染；不可视为已完成
city_anqing,ch11,qing_middle,ch11,major,pending,history/city_anqing__qing_middle.md,city_anqing__ch11.yaml,assets/default/town/city_anqing__ch11,本轮未执行逐城史料检索、规格与渲染；不可视为已完成
city_wuhu,ch11,qing_middle,ch11,major,pending,history/city_wuhu__qing_middle.md,city_wuhu__ch11.yaml,assets/default/town/city_wuhu__ch11,本轮未执行逐城史料检索、规格与渲染；不可视为已完成
city_huangshan,ch11,qing_middle,ch11,major,pending,history/city_huangshan__qing_middle.md,city_huangshan__ch11.yaml,assets/default/town/city_huangshan__ch11,本轮未执行逐城史料检索、规格与渲染；不可视为已完成
city_suzhou,ch11,qing_middle,ch11,major,pending,history/city_suzhou__qing_middle.md,city_suzhou__ch11.yaml,assets/default/town/city_suzhou__ch11,本轮未执行逐城史料检索、规格与渲染；不可视为已完成
city_wuxi,ch11,qing_middle,ch11,major,pending,history/city_wuxi__qing_middle.md,city_wuxi__ch11.yaml,assets/default/town/city_wuxi__ch11,本轮未执行逐城史料检索、规格与渲染；不可视为已完成
city_jiaxing,ch11,qing_middle,ch11,major,pending,history/city_jiaxing__qing_middle.md,city_jiaxing__ch11.yaml,assets/default/town/city_jiaxing__ch11,本轮未执行逐城史料检索、规格与渲染；不可视为已完成
city_shaoxing,ch11,qing_middle,ch11,major,pending,history/city_shaoxing__qing_middle.md,city_shaoxing__ch11.yaml,assets/default/town/city_shaoxing__ch11,本轮未执行逐城史料检索、规格与渲染；不可视为已完成
city_ningbo,ch11,qing_middle,ch11,major,pending,history/city_ningbo__qing_middle.md,city_ningbo__ch11.yaml,assets/default/town/city_ningbo__ch11,本轮未执行逐城史料检索、规格与渲染；不可视为已完成
city_zhoushan,ch11,qing_middle,ch11,major,pending,history/city_zhoushan__qing_middle.md,city_zhoushan__ch11.yaml,assets/default/town/city_zhoushan__ch11,本轮未执行逐城史料检索、规格与渲染；不可视为已完成
city_wenzhou,ch11,qing_middle,ch11,major,pending,history/city_wenzhou__qing_middle.md,city_wenzhou__ch11.yaml,assets/default/town/city_wenzhou__ch11,本轮未执行逐城史料检索、规格与渲染；不可视为已完成
city_fuzhou,ch11,qing_middle,ch11,major,pending,history/city_fuzhou__qing_middle.md,city_fuzhou__ch11.yaml,assets/default/town/city_fuzhou__ch11,本轮未执行逐城史料检索、规格与渲染；不可视为已完成
city_quanzhou,ch11,qing_middle,ch11,major,pending,history/city_quanzhou__qing_middle.md,city_quanzhou__ch11.yaml,assets/default/town/city_quanzhou__ch11,本轮未执行逐城史料检索、规格与渲染；不可视为已完成
city_putian,ch11,qing_middle,ch11,major,pending,history/city_putian__qing_middle.md,city_putian__ch11.yaml,assets/default/town/city_putian__ch11,本轮未执行逐城史料检索、规格与渲染；不可视为已完成
city_xiamen,ch11,qing_middle,ch11,major,pending,history/city_xiamen__qing_middle.md,city_xiamen__ch11.yaml,assets/default/town/city_xiamen__ch11,本轮未执行逐城史料检索、规格与渲染；不可视为已完成
city_zhangzhou,ch11,qing_middle,ch11,major,pending,history/city_zhangzhou__qing_middle.md,city_zhangzhou__ch11.yaml,assets/default/town/city_zhangzhou__ch11,本轮未执行逐城史料检索、规格与渲染；不可视为已完成
city_nanchang,ch11,qing_middle,ch11,major,pending,history/city_nanchang__qing_middle.md,city_nanchang__ch11.yaml,assets/default/town/city_nanchang__ch11,本轮未执行逐城史料检索、规格与渲染；不可视为已完成
city_jiujiang,ch11,qing_middle,ch11,major,pending,history/city_jiujiang__qing_middle.md,city_jiujiang__ch11.yaml,assets/default/town/city_jiujiang__ch11,本轮未执行逐城史料检索、规格与渲染；不可视为已完成
city_ganzhou,ch11,qing_middle,ch11,major,pending,history/city_ganzhou__qing_middle.md,city_ganzhou__ch11.yaml,assets/default/town/city_ganzhou__ch11,本轮未执行逐城史料检索、规格与渲染；不可视为已完成
city_jingdezhen,ch11,qing_middle,ch11,major,pending,history/city_jingdezhen__qing_middle.md,city_jingdezhen__ch11.yaml,assets/default/town/city_jingdezhen__ch11,本轮未执行逐城史料检索、规格与渲染；不可视为已完成
city_wuhan,ch11,qing_middle,ch11,major,pending,history/city_wuhan__qing_middle.md,city_wuhan__ch11.yaml,assets/default/town/city_wuhan__ch11,本轮未执行逐城史料检索、规格与渲染；不可视为已完成
city_xiangyang,ch11,qing_middle,ch11,major,pending,history/city_xiangyang__qing_middle.md,city_xiangyang__ch11.yaml,assets/default/town/city_xiangyang__ch11,本轮未执行逐城史料检索、规格与渲染；不可视为已完成
city_jingzhou,ch11,qing_middle,ch11,major,pending,history/city_jingzhou__qing_middle.md,city_jingzhou__ch11.yaml,assets/default/town/city_jingzhou__ch11,本轮未执行逐城史料检索、规格与渲染；不可视为已完成
city_yueyang,ch11,qing_middle,ch11,major,pending,history/city_yueyang__qing_middle.md,city_yueyang__ch11.yaml,assets/default/town/city_yueyang__ch11,本轮未执行逐城史料检索、规格与渲染；不可视为已完成
city_changsha,ch11,qing_middle,ch11,major,pending,history/city_changsha__qing_middle.md,city_changsha__ch11.yaml,assets/default/town/city_changsha__ch11,本轮未执行逐城史料检索、规格与渲染；不可视为已完成
city_hengyang,ch11,qing_middle,ch11,major,pending,history/city_hengyang__qing_middle.md,city_hengyang__ch11.yaml,assets/default/town/city_hengyang__ch11,本轮未执行逐城史料检索、规格与渲染；不可视为已完成
city_shiyan,ch11,qing_middle,ch11,major,pending,history/city_shiyan__qing_middle.md,city_shiyan__ch11.yaml,assets/default/town/city_shiyan__ch11,本轮未执行逐城史料检索、规格与渲染；不可视为已完成
city_yichang,ch11,qing_middle,ch11,major,pending,history/city_yichang__qing_middle.md,city_yichang__ch11.yaml,assets/default/town/city_yichang__ch11,本轮未执行逐城史料检索、规格与渲染；不可视为已完成
city_guangzhou,ch11,qing_middle,ch11,major,pending,history/city_guangzhou__qing_middle.md,city_guangzhou__ch11.yaml,assets/default/town/city_guangzhou__ch11,本轮未执行逐城史料检索、规格与渲染；不可视为已完成
city_foshan,ch11,qing_middle,ch11,major,pending,history/city_foshan__qing_middle.md,city_foshan__ch11.yaml,assets/default/town/city_foshan__ch11,本轮未执行逐城史料检索、规格与渲染；不可视为已完成
city_zhaoqing,ch11,qing_middle,ch11,major,pending,history/city_zhaoqing__qing_middle.md,city_zhaoqing__ch11.yaml,assets/default/town/city_zhaoqing__ch11,本轮未执行逐城史料检索、规格与渲染；不可视为已完成
city_chaozhou,ch11,qing_middle,ch11,major,pending,history/city_chaozhou__qing_middle.md,city_chaozhou__ch11.yaml,assets/default/town/city_chaozhou__ch11,本轮未执行逐城史料检索、规格与渲染；不可视为已完成
city_guilin,ch11,qing_middle,ch11,major,pending,history/city_guilin__qing_middle.md,city_guilin__ch11.yaml,assets/default/town/city_guilin__ch11,本轮未执行逐城史料检索、规格与渲染；不可视为已完成
city_liuzhou,ch11,qing_middle,ch11,major,pending,history/city_liuzhou__qing_middle.md,city_liuzhou__ch11.yaml,assets/default/town/city_liuzhou__ch11,本轮未执行逐城史料检索、规格与渲染；不可视为已完成
city_nanning,ch11,qing_middle,ch11,major,pending,history/city_nanning__qing_middle.md,city_nanning__ch11.yaml,assets/default/town/city_nanning__ch11,本轮未执行逐城史料检索、规格与渲染；不可视为已完成
city_haikou,ch11,qing_middle,ch11,major,pending,history/city_haikou__qing_middle.md,city_haikou__ch11.yaml,assets/default/town/city_haikou__ch11,本轮未执行逐城史料检索、规格与渲染；不可视为已完成
city_chengdu,ch11,qing_middle,ch11,major,pending,history/city_chengdu__qing_middle.md,city_chengdu__ch11.yaml,assets/default/town/city_chengdu__ch11,本轮未执行逐城史料检索、规格与渲染；不可视为已完成
city_chongqing,ch11,qing_middle,ch11,major,pending,history/city_chongqing__qing_middle.md,city_chongqing__ch11.yaml,assets/default/town/city_chongqing__ch11,本轮未执行逐城史料检索、规格与渲染；不可视为已完成
city_dujiangyan,ch11,qing_middle,ch11,major,pending,history/city_dujiangyan__qing_middle.md,city_dujiangyan__ch11.yaml,assets/default/town/city_dujiangyan__ch11,本轮未执行逐城史料检索、规格与渲染；不可视为已完成
city_leshan,ch11,qing_middle,ch11,major,pending,history/city_leshan__qing_middle.md,city_leshan__ch11.yaml,assets/default/town/city_leshan__ch11,本轮未执行逐城史料检索、规格与渲染；不可视为已完成
city_fengjie,ch11,qing_middle,ch11,major,pending,history/city_fengjie__qing_middle.md,city_fengjie__ch11.yaml,assets/default/town/city_fengjie__ch11,本轮未执行逐城史料检索、规格与渲染；不可视为已完成
city_lijiang,ch11,qing_middle,ch11,major,pending,history/city_lijiang__qing_middle.md,city_lijiang__ch11.yaml,assets/default/town/city_lijiang__ch11,本轮未执行逐城史料检索、规格与渲染；不可视为已完成
city_baoshan,ch11,qing_middle,ch11,major,pending,history/city_baoshan__qing_middle.md,city_baoshan__ch11.yaml,assets/default/town/city_baoshan__ch11,本轮未执行逐城史料检索、规格与渲染；不可视为已完成
city_tengchong,ch11,qing_middle,ch11,major,pending,history/city_tengchong__qing_middle.md,city_tengchong__ch11.yaml,assets/default/town/city_tengchong__ch11,本轮未执行逐城史料检索、规格与渲染；不可视为已完成
city_qujing,ch11,qing_middle,ch11,major,pending,history/city_qujing__qing_middle.md,city_qujing__ch11.yaml,assets/default/town/city_qujing__ch11,本轮未执行逐城史料检索、规格与渲染；不可视为已完成
city_guiyang,ch11,qing_middle,ch11,major,pending,history/city_guiyang__qing_middle.md,city_guiyang__ch11.yaml,assets/default/town/city_guiyang__ch11,本轮未执行逐城史料检索、规格与渲染；不可视为已完成
city_shigatse,ch11,qing_middle,ch11,major,pending,history/city_shigatse__qing_middle.md,city_shigatse__ch11.yaml,assets/default/town/city_shigatse__ch11,本轮未执行逐城史料检索、规格与渲染；不可视为已完成
city_qamdo,ch11,qing_middle,ch11,major,pending,history/city_qamdo__qing_middle.md,city_qamdo__ch11.yaml,assets/default/town/city_qamdo__ch11,本轮未执行逐城史料检索、规格与渲染；不可视为已完成
city_ngari,ch11,qing_middle,ch11,major,pending,history/city_ngari__qing_middle.md,city_ngari__ch11.yaml,assets/default/town/city_ngari__ch11,本轮未执行逐城史料检索、规格与渲染；不可视为已完成
city_lanzhou,ch11,qing_middle,ch11,major,pending,history/city_lanzhou__qing_middle.md,city_lanzhou__ch11.yaml,assets/default/town/city_lanzhou__ch11,本轮未执行逐城史料检索、规格与渲染；不可视为已完成
city_tianshui,ch11,qing_middle,ch11,major,pending,history/city_tianshui__qing_middle.md,city_tianshui__ch11.yaml,assets/default/town/city_tianshui__ch11,本轮未执行逐城史料检索、规格与渲染；不可视为已完成
city_pingliang,ch11,qing_middle,ch11,major,pending,history/city_pingliang__qing_middle.md,city_pingliang__ch11.yaml,assets/default/town/city_pingliang__ch11,本轮未执行逐城史料检索、规格与渲染；不可视为已完成
city_wuwei,ch11,qing_middle,ch11,major,pending,history/city_wuwei__qing_middle.md,city_wuwei__ch11.yaml,assets/default/town/city_wuwei__ch11,本轮未执行逐城史料检索、规格与渲染；不可视为已完成
city_zhangye,ch11,qing_middle,ch11,major,pending,history/city_zhangye__qing_middle.md,city_zhangye__ch11.yaml,assets/default/town/city_zhangye__ch11,本轮未执行逐城史料检索、规格与渲染；不可视为已完成
city_jiuquan,ch11,qing_middle,ch11,major,pending,history/city_jiuquan__qing_middle.md,city_jiuquan__ch11.yaml,assets/default/town/city_jiuquan__ch11,本轮未执行逐城史料检索、规格与渲染；不可视为已完成
city_dunhuang,ch11,qing_middle,ch11,major,pending,history/city_dunhuang__qing_middle.md,city_dunhuang__ch11.yaml,assets/default/town/city_dunhuang__ch11,本轮未执行逐城史料检索、规格与渲染；不可视为已完成
city_zhongwei,ch11,qing_middle,ch11,major,pending,history/city_zhongwei__qing_middle.md,city_zhongwei__ch11.yaml,assets/default/town/city_zhongwei__ch11,本轮未执行逐城史料检索、规格与渲染；不可视为已完成
city_xining,ch11,qing_middle,ch11,major,pending,history/city_xining__qing_middle.md,city_xining__ch11.yaml,assets/default/town/city_xining__ch11,本轮未执行逐城史料检索、规格与渲染；不可视为已完成
city_hotan,ch11,qing_middle,ch11,major,pending,history/city_hotan__qing_middle.md,city_hotan__ch11.yaml,assets/default/town/city_hotan__ch11,本轮未执行逐城史料检索、规格与渲染；不可视为已完成
city_yarkand,ch11,qing_middle,ch11,major,pending,history/city_yarkand__qing_middle.md,city_yarkand__ch11.yaml,assets/default/town/city_yarkand__ch11,本轮未执行逐城史料检索、规格与渲染；不可视为已完成
city_aksu,ch11,qing_middle,ch11,major,pending,history/city_aksu__qing_middle.md,city_aksu__ch11.yaml,assets/default/town/city_aksu__ch11,本轮未执行逐城史料检索、规格与渲染；不可视为已完成
city_kuqa,ch11,qing_middle,ch11,major,pending,history/city_kuqa__qing_middle.md,city_kuqa__ch11.yaml,assets/default/town/city_kuqa__ch11,本轮未执行逐城史料检索、规格与渲染；不可视为已完成
city_korla,ch11,qing_middle,ch11,major,pending,history/city_korla__qing_middle.md,city_korla__ch11.yaml,assets/default/town/city_korla__ch11,本轮未执行逐城史料检索、规格与渲染；不可视为已完成
city_turpan,ch11,qing_middle,ch11,major,pending,history/city_turpan__qing_middle.md,city_turpan__ch11.yaml,assets/default/town/city_turpan__ch11,本轮未执行逐城史料检索、规格与渲染；不可视为已完成
city_hami,ch11,qing_middle,ch11,major,pending,history/city_hami__qing_middle.md,city_hami__ch11.yaml,assets/default/town/city_hami__ch11,本轮未执行逐城史料检索、规格与渲染；不可视为已完成
city_yining,ch11,qing_middle,ch11,major,pending,history/city_yining__qing_middle.md,city_yining__ch11.yaml,assets/default/town/city_yining__ch11,本轮未执行逐城史料检索、规格与渲染；不可视为已完成
city_liaoyang,ch11,qing_middle,ch11,major,pending,history/city_liaoyang__qing_middle.md,city_liaoyang__ch11.yaml,assets/default/town/city_liaoyang__ch11,本轮未执行逐城史料检索、规格与渲染；不可视为已完成
city_jinzhou,ch11,qing_middle,ch11,major,pending,history/city_jinzhou__qing_middle.md,city_jinzhou__ch11.yaml,assets/default/town/city_jinzhou__ch11,本轮未执行逐城史料检索、规格与渲染；不可视为已完成
city_dandong,ch11,qing_middle,ch11,major,pending,history/city_dandong__qing_middle.md,city_dandong__ch11.yaml,assets/default/town/city_dandong__ch11,本轮未执行逐城史料检索、规格与渲染；不可视为已完成
city_yingkou,ch11,qing_middle,ch11,major,pending,history/city_yingkou__qing_middle.md,city_yingkou__ch11.yaml,assets/default/town/city_yingkou__ch11,本轮未执行逐城史料检索、规格与渲染；不可视为已完成
city_jilin,ch11,qing_middle,ch11,major,pending,history/city_jilin__qing_middle.md,city_jilin__ch11.yaml,assets/default/town/city_jilin__ch11,本轮未执行逐城史料检索、规格与渲染；不可视为已完成
city_ningan,ch11,qing_middle,ch11,major,pending,history/city_ningan__qing_middle.md,city_ningan__ch11.yaml,assets/default/town/city_ningan__ch11,本轮未执行逐城史料检索、规格与渲染；不可视为已完成
city_qiqihar,ch11,qing_middle,ch11,major,pending,history/city_qiqihar__qing_middle.md,city_qiqihar__ch11.yaml,assets/default/town/city_qiqihar__ch11,本轮未执行逐城史料检索、规格与渲染；不可视为已完成
city_heihe,ch11,qing_middle,ch11,major,pending,history/city_heihe__qing_middle.md,city_heihe__ch11.yaml,assets/default/town/city_heihe__ch11,本轮未执行逐城史料检索、规格与渲染；不可视为已完成
city_chifeng,ch11,qing_middle,ch11,major,pending,history/city_chifeng__qing_middle.md,city_chifeng__ch11.yaml,assets/default/town/city_chifeng__ch11,本轮未执行逐城史料检索、规格与渲染；不可视为已完成
city_hohhot,ch11,qing_middle,ch11,major,pending,history/city_hohhot__qing_middle.md,city_hohhot__ch11.yaml,assets/default/town/city_hohhot__ch11,本轮未执行逐城史料检索、规格与渲染；不可视为已完成
city_ordos,ch11,qing_middle,ch11,major,pending,history/city_ordos__qing_middle.md,city_ordos__ch11.yaml,assets/default/town/city_ordos__ch11,本轮未执行逐城史料检索、规格与渲染；不可视为已完成
city_xilinhot,ch11,qing_middle,ch11,major,pending,history/city_xilinhot__qing_middle.md,city_xilinhot__ch11.yaml,assets/default/town/city_xilinhot__ch11,本轮未执行逐城史料检索、规格与渲染；不可视为已完成
city_taipei,ch11,qing_middle,ch11,major,pending,history/city_taipei__qing_middle.md,city_taipei__ch11.yaml,assets/default/town/city_taipei__ch11,本轮未执行逐城史料检索、规格与渲染；不可视为已完成
city_penghu,ch11,qing_middle,ch11,major,pending,history/city_penghu__qing_middle.md,city_penghu__ch11.yaml,assets/default/town/city_penghu__ch11,本轮未执行逐城史料检索、规格与渲染；不可视为已完成
city_hejian,ch11,qing_middle,ch11,secondary,pending,history/city_hejian__qing_middle.md,city_hejian__ch11.yaml,assets/default/town/city_hejian__ch11,本轮未执行逐城史料检索、规格与渲染；不可视为已完成
city_qinhuangdao,ch11,qing_middle,ch11,secondary,pending,history/city_qinhuangdao__qing_middle.md,city_qinhuangdao__ch11.yaml,assets/default/town/city_qinhuangdao__ch11,本轮未执行逐城史料检索、规格与渲染；不可视为已完成
city_tangshan,ch11,qing_middle,ch11,secondary,pending,history/city_tangshan__qing_middle.md,city_tangshan__ch11.yaml,assets/default/town/city_tangshan__ch11,本轮未执行逐城史料检索、规格与渲染；不可视为已完成
city_xinxiang,ch11,qing_middle,ch11,secondary,pending,history/city_xinxiang__qing_middle.md,city_xinxiang__ch11.yaml,assets/default/town/city_xinxiang__ch11,本轮未执行逐城史料检索、规格与渲染；不可视为已完成
city_jiaozuo,ch11,qing_middle,ch11,secondary,pending,history/city_jiaozuo__qing_middle.md,city_jiaozuo__ch11.yaml,assets/default/town/city_jiaozuo__ch11,本轮未执行逐城史料检索、规格与渲染；不可视为已完成
city_xuchang,ch11,qing_middle,ch11,secondary,pending,history/city_xuchang__qing_middle.md,city_xuchang__ch11.yaml,assets/default/town/city_xuchang__ch11,本轮未执行逐城史料检索、规格与渲染；不可视为已完成
city_pingdingshan,ch11,qing_middle,ch11,secondary,pending,history/city_pingdingshan__qing_middle.md,city_pingdingshan__ch11.yaml,assets/default/town/city_pingdingshan__ch11,本轮未执行逐城史料检索、规格与渲染；不可视为已完成
city_xianyang,ch11,qing_middle,ch11,secondary,pending,history/city_xianyang__qing_middle.md,city_xianyang__ch11.yaml,assets/default/town/city_xianyang__ch11,本轮未执行逐城史料检索、规格与渲染；不可视为已完成
city_weinan,ch11,qing_middle,ch11,secondary,pending,history/city_weinan__qing_middle.md,city_weinan__ch11.yaml,assets/default/town/city_weinan__ch11,本轮未执行逐城史料检索、规格与渲染；不可视为已完成
city_ankang,ch11,qing_middle,ch11,secondary,pending,history/city_ankang__qing_middle.md,city_ankang__ch11.yaml,assets/default/town/city_ankang__ch11,本轮未执行逐城史料检索、规格与渲染；不可视为已完成
city_shangluo,ch11,qing_middle,ch11,secondary,pending,history/city_shangluo__qing_middle.md,city_shangluo__ch11.yaml,assets/default/town/city_shangluo__ch11,本轮未执行逐城史料检索、规格与渲染；不可视为已完成
city_pingyao,ch11,qing_middle,ch11,secondary,pending,history/city_pingyao__qing_middle.md,city_pingyao__ch11.yaml,assets/default/town/city_pingyao__ch11,本轮未执行逐城史料检索、规格与渲染；不可视为已完成
city_xinzhou,ch11,qing_middle,ch11,secondary,pending,history/city_xinzhou__qing_middle.md,city_xinzhou__ch11.yaml,assets/default/town/city_xinzhou__ch11,本轮未执行逐城史料检索、规格与渲染；不可视为已完成
city_jincheng,ch11,qing_middle,ch11,secondary,pending,history/city_jincheng__qing_middle.md,city_jincheng__ch11.yaml,assets/default/town/city_jincheng__ch11,本轮未执行逐城史料检索、规格与渲染；不可视为已完成
city_liaocheng,ch11,qing_middle,ch11,secondary,pending,history/city_liaocheng__qing_middle.md,city_liaocheng__ch11.yaml,assets/default/town/city_liaocheng__ch11,本轮未执行逐城史料检索、规格与渲染；不可视为已完成
city_linyi,ch11,qing_middle,ch11,secondary,pending,history/city_linyi__qing_middle.md,city_linyi__ch11.yaml,assets/default/town/city_linyi__ch11,本轮未执行逐城史料检索、规格与渲染；不可视为已完成
city_weihai,ch11,qing_middle,ch11,secondary,pending,history/city_weihai__qing_middle.md,city_weihai__ch11.yaml,assets/default/town/city_weihai__ch11,本轮未执行逐城史料检索、规格与渲染；不可视为已完成
city_zibo,ch11,qing_middle,ch11,secondary,pending,history/city_zibo__qing_middle.md,city_zibo__ch11.yaml,assets/default/town/city_zibo__ch11,本轮未执行逐城史料检索、规格与渲染；不可视为已完成
city_dongping,ch11,qing_middle,ch11,secondary,pending,history/city_dongping__qing_middle.md,city_dongping__ch11.yaml,assets/default/town/city_dongping__ch11,本轮未执行逐城史料检索、规格与渲染；不可视为已完成
city_lianyungang,ch11,qing_middle,ch11,secondary,pending,history/city_lianyungang__qing_middle.md,city_lianyungang__ch11.yaml,assets/default/town/city_lianyungang__ch11,本轮未执行逐城史料检索、规格与渲染；不可视为已完成
city_fuyang,ch11,qing_middle,ch11,secondary,pending,history/city_fuyang__qing_middle.md,city_fuyang__ch11.yaml,assets/default/town/city_fuyang__ch11,本轮未执行逐城史料检索、规格与渲染；不可视为已完成
city_jinhua,ch11,qing_middle,ch11,secondary,pending,history/city_jinhua__qing_middle.md,city_jinhua__ch11.yaml,assets/default/town/city_jinhua__ch11,本轮未执行逐城史料检索、规格与渲染；不可视为已完成
city_quzhou,ch11,qing_middle,ch11,secondary,pending,history/city_quzhou__qing_middle.md,city_quzhou__ch11.yaml,assets/default/town/city_quzhou__ch11,本轮未执行逐城史料检索、规格与渲染；不可视为已完成
city_huzhou,ch11,qing_middle,ch11,secondary,pending,history/city_huzhou__qing_middle.md,city_huzhou__ch11.yaml,assets/default/town/city_huzhou__ch11,本轮未执行逐城史料检索、规格与渲染；不可视为已完成
city_changzhou,ch11,qing_middle,ch11,secondary,pending,history/city_changzhou__qing_middle.md,city_changzhou__ch11.yaml,assets/default/town/city_changzhou__ch11,本轮未执行逐城史料检索、规格与渲染；不可视为已完成
city_wuyishan,ch11,qing_middle,ch11,secondary,pending,history/city_wuyishan__qing_middle.md,city_wuyishan__ch11.yaml,assets/default/town/city_wuyishan__ch11,本轮未执行逐城史料检索、规格与渲染；不可视为已完成
city_shangrao,ch11,qing_middle,ch11,secondary,pending,history/city_shangrao__qing_middle.md,city_shangrao__ch11.yaml,assets/default/town/city_shangrao__ch11,本轮未执行逐城史料检索、规格与渲染；不可视为已完成
city_chenzhou,ch11,qing_middle,ch11,secondary,pending,history/city_chenzhou__qing_middle.md,city_chenzhou__ch11.yaml,assets/default/town/city_chenzhou__ch11,本轮未执行逐城史料检索、规格与渲染；不可视为已完成
city_enshi,ch11,qing_middle,ch11,secondary,pending,history/city_enshi__qing_middle.md,city_enshi__ch11.yaml,assets/default/town/city_enshi__ch11,本轮未执行逐城史料检索、规格与渲染；不可视为已完成
city_chenzhou_yuanling,ch11,qing_middle,ch11,secondary,pending,history/city_chenzhou_yuanling__qing_middle.md,city_chenzhou_yuanling__ch11.yaml,assets/default/town/city_chenzhou_yuanling__ch11,本轮未执行逐城史料检索、规格与渲染；不可视为已完成
city_jingmen,ch11,qing_middle,ch11,secondary,pending,history/city_jingmen__qing_middle.md,city_jingmen__ch11.yaml,assets/default/town/city_jingmen__ch11,本轮未执行逐城史料检索、规格与渲染；不可视为已完成
city_shaoguan,ch11,qing_middle,ch11,secondary,pending,history/city_shaoguan__qing_middle.md,city_shaoguan__ch11.yaml,assets/default/town/city_shaoguan__ch11,本轮未执行逐城史料检索、规格与渲染；不可视为已完成
city_sanya,ch11,qing_middle,ch11,secondary,pending,history/city_sanya__qing_middle.md,city_sanya__ch11.yaml,assets/default/town/city_sanya__ch11,本轮未执行逐城史料检索、规格与渲染；不可视为已完成
city_meishan,ch11,qing_middle,ch11,secondary,pending,history/city_meishan__qing_middle.md,city_meishan__ch11.yaml,assets/default/town/city_meishan__ch11,本轮未执行逐城史料检索、规格与渲染；不可视为已完成
city_yaan,ch11,qing_middle,ch11,secondary,pending,history/city_yaan__qing_middle.md,city_yaan__ch11.yaml,assets/default/town/city_yaan__ch11,本轮未执行逐城史料检索、规格与渲染；不可视为已完成
city_dazhou,ch11,qing_middle,ch11,secondary,pending,history/city_dazhou__qing_middle.md,city_dazhou__ch11.yaml,assets/default/town/city_dazhou__ch11,本轮未执行逐城史料检索、规格与渲染；不可视为已完成
city_bazhong,ch11,qing_middle,ch11,secondary,pending,history/city_bazhong__qing_middle.md,city_bazhong__ch11.yaml,assets/default/town/city_bazhong__ch11,本轮未执行逐城史料检索、规格与渲染；不可视为已完成
city_langzhong,ch11,qing_middle,ch11,secondary,pending,history/city_langzhong__qing_middle.md,city_langzhong__ch11.yaml,assets/default/town/city_langzhong__ch11,本轮未执行逐城史料检索、规格与渲染；不可视为已完成
city_zunyi,ch11,qing_middle,ch11,secondary,pending,history/city_zunyi__qing_middle.md,city_zunyi__ch11.yaml,assets/default/town/city_zunyi__ch11,本轮未执行逐城史料检索、规格与渲染；不可视为已完成
city_jinghong,ch11,qing_middle,ch11,secondary,pending,history/city_jinghong__qing_middle.md,city_jinghong__ch11.yaml,assets/default/town/city_jinghong__ch11,本轮未执行逐城史料检索、规格与渲染；不可视为已完成
city_gyantse,ch11,qing_middle,ch11,secondary,pending,history/city_gyantse__qing_middle.md,city_gyantse__ch11.yaml,assets/default/town/city_gyantse__ch11,本轮未执行逐城史料检索、规格与渲染；不可视为已完成
city_yushu,ch11,qing_middle,ch11,secondary,pending,history/city_yushu__qing_middle.md,city_yushu__ch11.yaml,assets/default/town/city_yushu__ch11,本轮未执行逐城史料检索、规格与渲染；不可视为已完成
city_altay,ch11,qing_middle,ch11,secondary,pending,history/city_altay__qing_middle.md,city_altay__ch11.yaml,assets/default/town/city_altay__ch11,本轮未执行逐城史料检索、规格与渲染；不可视为已完成
city_xingcheng,ch11,qing_middle,ch11,secondary,pending,history/city_xingcheng__qing_middle.md,city_xingcheng__ch11.yaml,assets/default/town/city_xingcheng__ch11,本轮未执行逐城史料检索、规格与渲染；不可视为已完成
city_mohe,ch11,qing_middle,ch11,secondary,pending,history/city_mohe__qing_middle.md,city_mohe__ch11.yaml,assets/default/town/city_mohe__ch11,本轮未执行逐城史料检索、规格与渲染；不可视为已完成
city_baotou,ch11,qing_middle,ch11,secondary,pending,history/city_baotou__qing_middle.md,city_baotou__ch11.yaml,assets/default/town/city_baotou__ch11,本轮未执行逐城史料检索、规格与渲染；不可视为已完成
city_kaohsiung,ch11,qing_middle,ch11,secondary,pending,history/city_kaohsiung__qing_middle.md,city_kaohsiung__ch11.yaml,assets/default/town/city_kaohsiung__ch11,本轮未执行逐城史料检索、规格与渲染；不可视为已完成
city_khotan_kunlun,ch11,qing_middle,ch11,site,pending,history/city_khotan_kunlun__qing_middle.md,city_khotan_kunlun__ch11.yaml,assets/default/town/city_khotan_kunlun__ch11,本轮未执行逐城史料检索、规格与渲染；不可视为已完成
city_taohuadao,ch11,qing_middle,ch11,site,pending,history/city_taohuadao__qing_middle.md,city_taohuadao__ch11.yaml,assets/default/town/city_taohuadao__ch11,本轮未执行逐城史料检索、规格与渲染；不可视为已完成
city_beijing,ch12,qing_middle,ch11,capital,pending,history/city_beijing__qing_middle.md,city_beijing__ch12.yaml,assets/default/town/city_beijing__ch12,本轮未执行逐城史料检索、规格与渲染；不可视为已完成
city_kaifeng,ch12,qing_middle,ch11,capital,pending,history/city_kaifeng__qing_middle.md,city_kaifeng__ch12.yaml,assets/default/town/city_kaifeng__ch12,本轮未执行逐城史料检索、规格与渲染；不可视为已完成
city_luoyang,ch12,qing_middle,ch11,capital,pending,history/city_luoyang__qing_middle.md,city_luoyang__ch12.yaml,assets/default/town/city_luoyang__ch12,本轮未执行逐城史料检索、规格与渲染；不可视为已完成
city_datong,ch12,qing_middle,ch11,capital,pending,history/city_datong__qing_middle.md,city_datong__ch12.yaml,assets/default/town/city_datong__ch12,本轮未执行逐城史料检索、规格与渲染；不可视为已完成
city_nanjing,ch12,qing_middle,ch11,capital,pending,history/city_nanjing__qing_middle.md,city_nanjing__ch12.yaml,assets/default/town/city_nanjing__ch12,本轮未执行逐城史料检索、规格与渲染；不可视为已完成
city_hangzhou,ch12,qing_middle,ch11,capital,pending,history/city_hangzhou__qing_middle.md,city_hangzhou__ch12.yaml,assets/default/town/city_hangzhou__ch12,本轮未执行逐城史料检索、规格与渲染；不可视为已完成
city_kunming,ch12,qing_middle,ch11,capital,pending,history/city_kunming__qing_middle.md,city_kunming__ch12.yaml,assets/default/town/city_kunming__ch12,本轮未执行逐城史料检索、规格与渲染；不可视为已完成
city_dali,ch12,qing_middle,ch11,capital,pending,history/city_dali__qing_middle.md,city_dali__ch12.yaml,assets/default/town/city_dali__ch12,本轮未执行逐城史料检索、规格与渲染；不可视为已完成
city_lhasa,ch12,qing_middle,ch11,capital,pending,history/city_lhasa__qing_middle.md,city_lhasa__ch12.yaml,assets/default/town/city_lhasa__ch12,本轮未执行逐城史料检索、规格与渲染；不可视为已完成
city_yinchuan,ch12,qing_middle,ch11,capital,pending,history/city_yinchuan__qing_middle.md,city_yinchuan__ch12.yaml,assets/default/town/city_yinchuan__ch12,本轮未执行逐城史料检索、规格与渲染；不可视为已完成
city_kashgar,ch12,qing_middle,ch11,capital,pending,history/city_kashgar__qing_middle.md,city_kashgar__ch12.yaml,assets/default/town/city_kashgar__ch12,本轮未执行逐城史料检索、规格与渲染；不可视为已完成
city_shenyang,ch12,qing_middle,ch11,capital,pending,history/city_shenyang__qing_middle.md,city_shenyang__ch12.yaml,assets/default/town/city_shenyang__ch12,本轮未执行逐城史料检索、规格与渲染；不可视为已完成
city_acheng,ch12,qing_middle,ch11,capital,pending,history/city_acheng__qing_middle.md,city_acheng__ch12.yaml,assets/default/town/city_acheng__ch12,本轮未执行逐城史料检索、规格与渲染；不可视为已完成
city_tainan,ch12,qing_middle,ch11,capital,pending,history/city_tainan__qing_middle.md,city_tainan__ch12.yaml,assets/default/town/city_tainan__ch12,本轮未执行逐城史料检索、规格与渲染；不可视为已完成
city_tianjin,ch12,qing_middle,ch11,major,pending,history/city_tianjin__qing_middle.md,city_tianjin__ch12.yaml,assets/default/town/city_tianjin__ch12,本轮未执行逐城史料检索、规格与渲染；不可视为已完成
city_baoding,ch12,qing_middle,ch11,major,pending,history/city_baoding__qing_middle.md,city_baoding__ch12.yaml,assets/default/town/city_baoding__ch12,本轮未执行逐城史料检索、规格与渲染；不可视为已完成
city_zhengding,ch12,qing_middle,ch11,major,pending,history/city_zhengding__qing_middle.md,city_zhengding__ch12.yaml,assets/default/town/city_zhengding__ch12,本轮未执行逐城史料检索、规格与渲染；不可视为已完成
city_cangzhou,ch12,qing_middle,ch11,major,pending,history/city_cangzhou__qing_middle.md,city_cangzhou__ch12.yaml,assets/default/town/city_cangzhou__ch12,本轮未执行逐城史料检索、规格与渲染；不可视为已完成
city_chengde,ch12,qing_middle,ch11,major,pending,history/city_chengde__qing_middle.md,city_chengde__ch12.yaml,assets/default/town/city_chengde__ch12,本轮未执行逐城史料检索、规格与渲染；不可视为已完成
city_zhangjiakou,ch12,qing_middle,ch11,major,pending,history/city_zhangjiakou__qing_middle.md,city_zhangjiakou__ch12.yaml,assets/default/town/city_zhangjiakou__ch12,本轮未执行逐城史料检索、规格与渲染；不可视为已完成
city_shanhaiguan,ch12,qing_middle,ch11,major,pending,history/city_shanhaiguan__qing_middle.md,city_shanhaiguan__ch12.yaml,assets/default/town/city_shanhaiguan__ch12,本轮未执行逐城史料检索、规格与渲染；不可视为已完成
city_zhengzhou,ch12,qing_middle,ch11,major,pending,history/city_zhengzhou__qing_middle.md,city_zhengzhou__ch12.yaml,assets/default/town/city_zhengzhou__ch12,本轮未执行逐城史料检索、规格与渲染；不可视为已完成
city_dengfeng,ch12,qing_middle,ch11,major,pending,history/city_dengfeng__qing_middle.md,city_dengfeng__ch12.yaml,assets/default/town/city_dengfeng__ch12,本轮未执行逐城史料检索、规格与渲染；不可视为已完成
city_anyang,ch12,qing_middle,ch11,major,pending,history/city_anyang__qing_middle.md,city_anyang__ch12.yaml,assets/default/town/city_anyang__ch12,本轮未执行逐城史料检索、规格与渲染；不可视为已完成
city_shangqiu,ch12,qing_middle,ch11,major,pending,history/city_shangqiu__qing_middle.md,city_shangqiu__ch12.yaml,assets/default/town/city_shangqiu__ch12,本轮未执行逐城史料检索、规格与渲染；不可视为已完成
city_nanyang,ch12,qing_middle,ch11,major,pending,history/city_nanyang__qing_middle.md,city_nanyang__ch12.yaml,assets/default/town/city_nanyang__ch12,本轮未执行逐城史料检索、规格与渲染；不可视为已完成
city_xinyang,ch12,qing_middle,ch11,major,pending,history/city_xinyang__qing_middle.md,city_xinyang__ch12.yaml,assets/default/town/city_xinyang__ch12,本轮未执行逐城史料检索、规格与渲染；不可视为已完成
city_xian,ch12,qing_middle,ch11,major,pending,history/city_xian__qing_middle.md,city_xian__ch12.yaml,assets/default/town/city_xian__ch12,本轮未执行逐城史料检索、规格与渲染；不可视为已完成
city_huayin,ch12,qing_middle,ch11,major,pending,history/city_huayin__qing_middle.md,city_huayin__ch12.yaml,assets/default/town/city_huayin__ch12,本轮未执行逐城史料检索、规格与渲染；不可视为已完成
city_baoji,ch12,qing_middle,ch11,major,pending,history/city_baoji__qing_middle.md,city_baoji__ch12.yaml,assets/default/town/city_baoji__ch12,本轮未执行逐城史料检索、规格与渲染；不可视为已完成
city_hanzhong,ch12,qing_middle,ch11,major,pending,history/city_hanzhong__qing_middle.md,city_hanzhong__ch12.yaml,assets/default/town/city_hanzhong__ch12,本轮未执行逐城史料检索、规格与渲染；不可视为已完成
city_yanan,ch12,qing_middle,ch11,major,pending,history/city_yanan__qing_middle.md,city_yanan__ch12.yaml,assets/default/town/city_yanan__ch12,本轮未执行逐城史料检索、规格与渲染；不可视为已完成
city_yulin,ch12,qing_middle,ch11,major,pending,history/city_yulin__qing_middle.md,city_yulin__ch12.yaml,assets/default/town/city_yulin__ch12,本轮未执行逐城史料检索、规格与渲染；不可视为已完成
city_taiyuan,ch12,qing_middle,ch11,major,pending,history/city_taiyuan__qing_middle.md,city_taiyuan__ch12.yaml,assets/default/town/city_taiyuan__ch12,本轮未执行逐城史料检索、规格与渲染；不可视为已完成
city_yuncheng,ch12,qing_middle,ch11,major,pending,history/city_yuncheng__qing_middle.md,city_yuncheng__ch12.yaml,assets/default/town/city_yuncheng__ch12,本轮未执行逐城史料检索、规格与渲染；不可视为已完成
city_linfen,ch12,qing_middle,ch11,major,pending,history/city_linfen__qing_middle.md,city_linfen__ch12.yaml,assets/default/town/city_linfen__ch12,本轮未执行逐城史料检索、规格与渲染；不可视为已完成
city_changzhi,ch12,qing_middle,ch11,major,pending,history/city_changzhi__qing_middle.md,city_changzhi__ch12.yaml,assets/default/town/city_changzhi__ch12,本轮未执行逐城史料检索、规格与渲染；不可视为已完成
city_shuozhou,ch12,qing_middle,ch11,major,pending,history/city_shuozhou__qing_middle.md,city_shuozhou__ch12.yaml,assets/default/town/city_shuozhou__ch12,本轮未执行逐城史料检索、规格与渲染；不可视为已完成
city_jinan,ch12,qing_middle,ch11,major,pending,history/city_jinan__qing_middle.md,city_jinan__ch12.yaml,assets/default/town/city_jinan__ch12,本轮未执行逐城史料检索、规格与渲染；不可视为已完成
city_qufu,ch12,qing_middle,ch11,major,pending,history/city_qufu__qing_middle.md,city_qufu__ch12.yaml,assets/default/town/city_qufu__ch12,本轮未执行逐城史料检索、规格与渲染；不可视为已完成
city_taian,ch12,qing_middle,ch11,major,pending,history/city_taian__qing_middle.md,city_taian__ch12.yaml,assets/default/town/city_taian__ch12,本轮未执行逐城史料检索、规格与渲染；不可视为已完成
city_qingzhou,ch12,qing_middle,ch11,major,pending,history/city_qingzhou__qing_middle.md,city_qingzhou__ch12.yaml,assets/default/town/city_qingzhou__ch12,本轮未执行逐城史料检索、规格与渲染；不可视为已完成
city_dezhou,ch12,qing_middle,ch11,major,pending,history/city_dezhou__qing_middle.md,city_dezhou__ch12.yaml,assets/default/town/city_dezhou__ch12,本轮未执行逐城史料检索、规格与渲染；不可视为已完成
city_yantai,ch12,qing_middle,ch11,major,pending,history/city_yantai__qing_middle.md,city_yantai__ch12.yaml,assets/default/town/city_yantai__ch12,本轮未执行逐城史料检索、规格与渲染；不可视为已完成
city_penglai,ch12,qing_middle,ch11,major,pending,history/city_penglai__qing_middle.md,city_penglai__ch12.yaml,assets/default/town/city_penglai__ch12,本轮未执行逐城史料检索、规格与渲染；不可视为已完成
city_yangzhou,ch12,qing_middle,ch11,major,pending,history/city_yangzhou__qing_middle.md,city_yangzhou__ch12.yaml,assets/default/town/city_yangzhou__ch12,本轮未执行逐城史料检索、规格与渲染；不可视为已完成
city_zhenjiang,ch12,qing_middle,ch11,major,pending,history/city_zhenjiang__qing_middle.md,city_zhenjiang__ch12.yaml,assets/default/town/city_zhenjiang__ch12,本轮未执行逐城史料检索、规格与渲染；不可视为已完成
city_xuzhou,ch12,qing_middle,ch11,major,pending,history/city_xuzhou__qing_middle.md,city_xuzhou__ch12.yaml,assets/default/town/city_xuzhou__ch12,本轮未执行逐城史料检索、规格与渲染；不可视为已完成
city_hefei,ch12,qing_middle,ch11,major,pending,history/city_hefei__qing_middle.md,city_hefei__ch12.yaml,assets/default/town/city_hefei__ch12,本轮未执行逐城史料检索、规格与渲染；不可视为已完成
city_anqing,ch12,qing_middle,ch11,major,pending,history/city_anqing__qing_middle.md,city_anqing__ch12.yaml,assets/default/town/city_anqing__ch12,本轮未执行逐城史料检索、规格与渲染；不可视为已完成
city_wuhu,ch12,qing_middle,ch11,major,pending,history/city_wuhu__qing_middle.md,city_wuhu__ch12.yaml,assets/default/town/city_wuhu__ch12,本轮未执行逐城史料检索、规格与渲染；不可视为已完成
city_huangshan,ch12,qing_middle,ch11,major,pending,history/city_huangshan__qing_middle.md,city_huangshan__ch12.yaml,assets/default/town/city_huangshan__ch12,本轮未执行逐城史料检索、规格与渲染；不可视为已完成
city_suzhou,ch12,qing_middle,ch11,major,pending,history/city_suzhou__qing_middle.md,city_suzhou__ch12.yaml,assets/default/town/city_suzhou__ch12,本轮未执行逐城史料检索、规格与渲染；不可视为已完成
city_wuxi,ch12,qing_middle,ch11,major,pending,history/city_wuxi__qing_middle.md,city_wuxi__ch12.yaml,assets/default/town/city_wuxi__ch12,本轮未执行逐城史料检索、规格与渲染；不可视为已完成
city_jiaxing,ch12,qing_middle,ch11,major,pending,history/city_jiaxing__qing_middle.md,city_jiaxing__ch12.yaml,assets/default/town/city_jiaxing__ch12,本轮未执行逐城史料检索、规格与渲染；不可视为已完成
city_shaoxing,ch12,qing_middle,ch11,major,pending,history/city_shaoxing__qing_middle.md,city_shaoxing__ch12.yaml,assets/default/town/city_shaoxing__ch12,本轮未执行逐城史料检索、规格与渲染；不可视为已完成
city_ningbo,ch12,qing_middle,ch11,major,pending,history/city_ningbo__qing_middle.md,city_ningbo__ch12.yaml,assets/default/town/city_ningbo__ch12,本轮未执行逐城史料检索、规格与渲染；不可视为已完成
city_zhoushan,ch12,qing_middle,ch11,major,pending,history/city_zhoushan__qing_middle.md,city_zhoushan__ch12.yaml,assets/default/town/city_zhoushan__ch12,本轮未执行逐城史料检索、规格与渲染；不可视为已完成
city_wenzhou,ch12,qing_middle,ch11,major,pending,history/city_wenzhou__qing_middle.md,city_wenzhou__ch12.yaml,assets/default/town/city_wenzhou__ch12,本轮未执行逐城史料检索、规格与渲染；不可视为已完成
city_fuzhou,ch12,qing_middle,ch11,major,pending,history/city_fuzhou__qing_middle.md,city_fuzhou__ch12.yaml,assets/default/town/city_fuzhou__ch12,本轮未执行逐城史料检索、规格与渲染；不可视为已完成
city_quanzhou,ch12,qing_middle,ch11,major,pending,history/city_quanzhou__qing_middle.md,city_quanzhou__ch12.yaml,assets/default/town/city_quanzhou__ch12,本轮未执行逐城史料检索、规格与渲染；不可视为已完成
city_putian,ch12,qing_middle,ch11,major,pending,history/city_putian__qing_middle.md,city_putian__ch12.yaml,assets/default/town/city_putian__ch12,本轮未执行逐城史料检索、规格与渲染；不可视为已完成
city_xiamen,ch12,qing_middle,ch11,major,pending,history/city_xiamen__qing_middle.md,city_xiamen__ch12.yaml,assets/default/town/city_xiamen__ch12,本轮未执行逐城史料检索、规格与渲染；不可视为已完成
city_zhangzhou,ch12,qing_middle,ch11,major,pending,history/city_zhangzhou__qing_middle.md,city_zhangzhou__ch12.yaml,assets/default/town/city_zhangzhou__ch12,本轮未执行逐城史料检索、规格与渲染；不可视为已完成
city_nanchang,ch12,qing_middle,ch11,major,pending,history/city_nanchang__qing_middle.md,city_nanchang__ch12.yaml,assets/default/town/city_nanchang__ch12,本轮未执行逐城史料检索、规格与渲染；不可视为已完成
city_jiujiang,ch12,qing_middle,ch11,major,pending,history/city_jiujiang__qing_middle.md,city_jiujiang__ch12.yaml,assets/default/town/city_jiujiang__ch12,本轮未执行逐城史料检索、规格与渲染；不可视为已完成
city_ganzhou,ch12,qing_middle,ch11,major,pending,history/city_ganzhou__qing_middle.md,city_ganzhou__ch12.yaml,assets/default/town/city_ganzhou__ch12,本轮未执行逐城史料检索、规格与渲染；不可视为已完成
city_jingdezhen,ch12,qing_middle,ch11,major,pending,history/city_jingdezhen__qing_middle.md,city_jingdezhen__ch12.yaml,assets/default/town/city_jingdezhen__ch12,本轮未执行逐城史料检索、规格与渲染；不可视为已完成
city_wuhan,ch12,qing_middle,ch11,major,pending,history/city_wuhan__qing_middle.md,city_wuhan__ch12.yaml,assets/default/town/city_wuhan__ch12,本轮未执行逐城史料检索、规格与渲染；不可视为已完成
city_xiangyang,ch12,qing_middle,ch11,major,pending,history/city_xiangyang__qing_middle.md,city_xiangyang__ch12.yaml,assets/default/town/city_xiangyang__ch12,本轮未执行逐城史料检索、规格与渲染；不可视为已完成
city_jingzhou,ch12,qing_middle,ch11,major,pending,history/city_jingzhou__qing_middle.md,city_jingzhou__ch12.yaml,assets/default/town/city_jingzhou__ch12,本轮未执行逐城史料检索、规格与渲染；不可视为已完成
city_yueyang,ch12,qing_middle,ch11,major,pending,history/city_yueyang__qing_middle.md,city_yueyang__ch12.yaml,assets/default/town/city_yueyang__ch12,本轮未执行逐城史料检索、规格与渲染；不可视为已完成
city_changsha,ch12,qing_middle,ch11,major,pending,history/city_changsha__qing_middle.md,city_changsha__ch12.yaml,assets/default/town/city_changsha__ch12,本轮未执行逐城史料检索、规格与渲染；不可视为已完成
city_hengyang,ch12,qing_middle,ch11,major,pending,history/city_hengyang__qing_middle.md,city_hengyang__ch12.yaml,assets/default/town/city_hengyang__ch12,本轮未执行逐城史料检索、规格与渲染；不可视为已完成
city_shiyan,ch12,qing_middle,ch11,major,pending,history/city_shiyan__qing_middle.md,city_shiyan__ch12.yaml,assets/default/town/city_shiyan__ch12,本轮未执行逐城史料检索、规格与渲染；不可视为已完成
city_yichang,ch12,qing_middle,ch11,major,pending,history/city_yichang__qing_middle.md,city_yichang__ch12.yaml,assets/default/town/city_yichang__ch12,本轮未执行逐城史料检索、规格与渲染；不可视为已完成
city_guangzhou,ch12,qing_middle,ch11,major,pending,history/city_guangzhou__qing_middle.md,city_guangzhou__ch12.yaml,assets/default/town/city_guangzhou__ch12,本轮未执行逐城史料检索、规格与渲染；不可视为已完成
city_foshan,ch12,qing_middle,ch11,major,pending,history/city_foshan__qing_middle.md,city_foshan__ch12.yaml,assets/default/town/city_foshan__ch12,本轮未执行逐城史料检索、规格与渲染；不可视为已完成
city_zhaoqing,ch12,qing_middle,ch11,major,pending,history/city_zhaoqing__qing_middle.md,city_zhaoqing__ch12.yaml,assets/default/town/city_zhaoqing__ch12,本轮未执行逐城史料检索、规格与渲染；不可视为已完成
city_chaozhou,ch12,qing_middle,ch11,major,pending,history/city_chaozhou__qing_middle.md,city_chaozhou__ch12.yaml,assets/default/town/city_chaozhou__ch12,本轮未执行逐城史料检索、规格与渲染；不可视为已完成
city_guilin,ch12,qing_middle,ch11,major,pending,history/city_guilin__qing_middle.md,city_guilin__ch12.yaml,assets/default/town/city_guilin__ch12,本轮未执行逐城史料检索、规格与渲染；不可视为已完成
city_liuzhou,ch12,qing_middle,ch11,major,pending,history/city_liuzhou__qing_middle.md,city_liuzhou__ch12.yaml,assets/default/town/city_liuzhou__ch12,本轮未执行逐城史料检索、规格与渲染；不可视为已完成
city_nanning,ch12,qing_middle,ch11,major,pending,history/city_nanning__qing_middle.md,city_nanning__ch12.yaml,assets/default/town/city_nanning__ch12,本轮未执行逐城史料检索、规格与渲染；不可视为已完成
city_haikou,ch12,qing_middle,ch11,major,pending,history/city_haikou__qing_middle.md,city_haikou__ch12.yaml,assets/default/town/city_haikou__ch12,本轮未执行逐城史料检索、规格与渲染；不可视为已完成
city_chengdu,ch12,qing_middle,ch11,major,pending,history/city_chengdu__qing_middle.md,city_chengdu__ch12.yaml,assets/default/town/city_chengdu__ch12,本轮未执行逐城史料检索、规格与渲染；不可视为已完成
city_chongqing,ch12,qing_middle,ch11,major,pending,history/city_chongqing__qing_middle.md,city_chongqing__ch12.yaml,assets/default/town/city_chongqing__ch12,本轮未执行逐城史料检索、规格与渲染；不可视为已完成
city_dujiangyan,ch12,qing_middle,ch11,major,pending,history/city_dujiangyan__qing_middle.md,city_dujiangyan__ch12.yaml,assets/default/town/city_dujiangyan__ch12,本轮未执行逐城史料检索、规格与渲染；不可视为已完成
city_leshan,ch12,qing_middle,ch11,major,pending,history/city_leshan__qing_middle.md,city_leshan__ch12.yaml,assets/default/town/city_leshan__ch12,本轮未执行逐城史料检索、规格与渲染；不可视为已完成
city_fengjie,ch12,qing_middle,ch11,major,pending,history/city_fengjie__qing_middle.md,city_fengjie__ch12.yaml,assets/default/town/city_fengjie__ch12,本轮未执行逐城史料检索、规格与渲染；不可视为已完成
city_lijiang,ch12,qing_middle,ch11,major,pending,history/city_lijiang__qing_middle.md,city_lijiang__ch12.yaml,assets/default/town/city_lijiang__ch12,本轮未执行逐城史料检索、规格与渲染；不可视为已完成
city_baoshan,ch12,qing_middle,ch11,major,pending,history/city_baoshan__qing_middle.md,city_baoshan__ch12.yaml,assets/default/town/city_baoshan__ch12,本轮未执行逐城史料检索、规格与渲染；不可视为已完成
city_tengchong,ch12,qing_middle,ch11,major,pending,history/city_tengchong__qing_middle.md,city_tengchong__ch12.yaml,assets/default/town/city_tengchong__ch12,本轮未执行逐城史料检索、规格与渲染；不可视为已完成
city_qujing,ch12,qing_middle,ch11,major,pending,history/city_qujing__qing_middle.md,city_qujing__ch12.yaml,assets/default/town/city_qujing__ch12,本轮未执行逐城史料检索、规格与渲染；不可视为已完成
city_guiyang,ch12,qing_middle,ch11,major,pending,history/city_guiyang__qing_middle.md,city_guiyang__ch12.yaml,assets/default/town/city_guiyang__ch12,本轮未执行逐城史料检索、规格与渲染；不可视为已完成
city_shigatse,ch12,qing_middle,ch11,major,pending,history/city_shigatse__qing_middle.md,city_shigatse__ch12.yaml,assets/default/town/city_shigatse__ch12,本轮未执行逐城史料检索、规格与渲染；不可视为已完成
city_qamdo,ch12,qing_middle,ch11,major,pending,history/city_qamdo__qing_middle.md,city_qamdo__ch12.yaml,assets/default/town/city_qamdo__ch12,本轮未执行逐城史料检索、规格与渲染；不可视为已完成
city_ngari,ch12,qing_middle,ch11,major,pending,history/city_ngari__qing_middle.md,city_ngari__ch12.yaml,assets/default/town/city_ngari__ch12,本轮未执行逐城史料检索、规格与渲染；不可视为已完成
city_lanzhou,ch12,qing_middle,ch11,major,pending,history/city_lanzhou__qing_middle.md,city_lanzhou__ch12.yaml,assets/default/town/city_lanzhou__ch12,本轮未执行逐城史料检索、规格与渲染；不可视为已完成
city_tianshui,ch12,qing_middle,ch11,major,pending,history/city_tianshui__qing_middle.md,city_tianshui__ch12.yaml,assets/default/town/city_tianshui__ch12,本轮未执行逐城史料检索、规格与渲染；不可视为已完成
city_pingliang,ch12,qing_middle,ch11,major,pending,history/city_pingliang__qing_middle.md,city_pingliang__ch12.yaml,assets/default/town/city_pingliang__ch12,本轮未执行逐城史料检索、规格与渲染；不可视为已完成
city_wuwei,ch12,qing_middle,ch11,major,pending,history/city_wuwei__qing_middle.md,city_wuwei__ch12.yaml,assets/default/town/city_wuwei__ch12,本轮未执行逐城史料检索、规格与渲染；不可视为已完成
city_zhangye,ch12,qing_middle,ch11,major,pending,history/city_zhangye__qing_middle.md,city_zhangye__ch12.yaml,assets/default/town/city_zhangye__ch12,本轮未执行逐城史料检索、规格与渲染；不可视为已完成
city_jiuquan,ch12,qing_middle,ch11,major,pending,history/city_jiuquan__qing_middle.md,city_jiuquan__ch12.yaml,assets/default/town/city_jiuquan__ch12,本轮未执行逐城史料检索、规格与渲染；不可视为已完成
city_dunhuang,ch12,qing_middle,ch11,major,pending,history/city_dunhuang__qing_middle.md,city_dunhuang__ch12.yaml,assets/default/town/city_dunhuang__ch12,本轮未执行逐城史料检索、规格与渲染；不可视为已完成
city_zhongwei,ch12,qing_middle,ch11,major,pending,history/city_zhongwei__qing_middle.md,city_zhongwei__ch12.yaml,assets/default/town/city_zhongwei__ch12,本轮未执行逐城史料检索、规格与渲染；不可视为已完成
city_xining,ch12,qing_middle,ch11,major,pending,history/city_xining__qing_middle.md,city_xining__ch12.yaml,assets/default/town/city_xining__ch12,本轮未执行逐城史料检索、规格与渲染；不可视为已完成
city_hotan,ch12,qing_middle,ch11,major,pending,history/city_hotan__qing_middle.md,city_hotan__ch12.yaml,assets/default/town/city_hotan__ch12,本轮未执行逐城史料检索、规格与渲染；不可视为已完成
city_yarkand,ch12,qing_middle,ch11,major,pending,history/city_yarkand__qing_middle.md,city_yarkand__ch12.yaml,assets/default/town/city_yarkand__ch12,本轮未执行逐城史料检索、规格与渲染；不可视为已完成
city_aksu,ch12,qing_middle,ch11,major,pending,history/city_aksu__qing_middle.md,city_aksu__ch12.yaml,assets/default/town/city_aksu__ch12,本轮未执行逐城史料检索、规格与渲染；不可视为已完成
city_kuqa,ch12,qing_middle,ch11,major,pending,history/city_kuqa__qing_middle.md,city_kuqa__ch12.yaml,assets/default/town/city_kuqa__ch12,本轮未执行逐城史料检索、规格与渲染；不可视为已完成
city_korla,ch12,qing_middle,ch11,major,pending,history/city_korla__qing_middle.md,city_korla__ch12.yaml,assets/default/town/city_korla__ch12,本轮未执行逐城史料检索、规格与渲染；不可视为已完成
city_turpan,ch12,qing_middle,ch11,major,pending,history/city_turpan__qing_middle.md,city_turpan__ch12.yaml,assets/default/town/city_turpan__ch12,本轮未执行逐城史料检索、规格与渲染；不可视为已完成
city_hami,ch12,qing_middle,ch11,major,pending,history/city_hami__qing_middle.md,city_hami__ch12.yaml,assets/default/town/city_hami__ch12,本轮未执行逐城史料检索、规格与渲染；不可视为已完成
city_yining,ch12,qing_middle,ch11,major,pending,history/city_yining__qing_middle.md,city_yining__ch12.yaml,assets/default/town/city_yining__ch12,本轮未执行逐城史料检索、规格与渲染；不可视为已完成
city_liaoyang,ch12,qing_middle,ch11,major,pending,history/city_liaoyang__qing_middle.md,city_liaoyang__ch12.yaml,assets/default/town/city_liaoyang__ch12,本轮未执行逐城史料检索、规格与渲染；不可视为已完成
city_jinzhou,ch12,qing_middle,ch11,major,pending,history/city_jinzhou__qing_middle.md,city_jinzhou__ch12.yaml,assets/default/town/city_jinzhou__ch12,本轮未执行逐城史料检索、规格与渲染；不可视为已完成
city_dandong,ch12,qing_middle,ch11,major,pending,history/city_dandong__qing_middle.md,city_dandong__ch12.yaml,assets/default/town/city_dandong__ch12,本轮未执行逐城史料检索、规格与渲染；不可视为已完成
city_yingkou,ch12,qing_middle,ch11,major,pending,history/city_yingkou__qing_middle.md,city_yingkou__ch12.yaml,assets/default/town/city_yingkou__ch12,本轮未执行逐城史料检索、规格与渲染；不可视为已完成
city_jilin,ch12,qing_middle,ch11,major,pending,history/city_jilin__qing_middle.md,city_jilin__ch12.yaml,assets/default/town/city_jilin__ch12,本轮未执行逐城史料检索、规格与渲染；不可视为已完成
city_ningan,ch12,qing_middle,ch11,major,pending,history/city_ningan__qing_middle.md,city_ningan__ch12.yaml,assets/default/town/city_ningan__ch12,本轮未执行逐城史料检索、规格与渲染；不可视为已完成
city_qiqihar,ch12,qing_middle,ch11,major,pending,history/city_qiqihar__qing_middle.md,city_qiqihar__ch12.yaml,assets/default/town/city_qiqihar__ch12,本轮未执行逐城史料检索、规格与渲染；不可视为已完成
city_heihe,ch12,qing_middle,ch11,major,pending,history/city_heihe__qing_middle.md,city_heihe__ch12.yaml,assets/default/town/city_heihe__ch12,本轮未执行逐城史料检索、规格与渲染；不可视为已完成
city_chifeng,ch12,qing_middle,ch11,major,pending,history/city_chifeng__qing_middle.md,city_chifeng__ch12.yaml,assets/default/town/city_chifeng__ch12,本轮未执行逐城史料检索、规格与渲染；不可视为已完成
city_hohhot,ch12,qing_middle,ch11,major,pending,history/city_hohhot__qing_middle.md,city_hohhot__ch12.yaml,assets/default/town/city_hohhot__ch12,本轮未执行逐城史料检索、规格与渲染；不可视为已完成
city_ordos,ch12,qing_middle,ch11,major,pending,history/city_ordos__qing_middle.md,city_ordos__ch12.yaml,assets/default/town/city_ordos__ch12,本轮未执行逐城史料检索、规格与渲染；不可视为已完成
city_xilinhot,ch12,qing_middle,ch11,major,pending,history/city_xilinhot__qing_middle.md,city_xilinhot__ch12.yaml,assets/default/town/city_xilinhot__ch12,本轮未执行逐城史料检索、规格与渲染；不可视为已完成
city_taipei,ch12,qing_middle,ch11,major,pending,history/city_taipei__qing_middle.md,city_taipei__ch12.yaml,assets/default/town/city_taipei__ch12,本轮未执行逐城史料检索、规格与渲染；不可视为已完成
city_penghu,ch12,qing_middle,ch11,major,pending,history/city_penghu__qing_middle.md,city_penghu__ch12.yaml,assets/default/town/city_penghu__ch12,本轮未执行逐城史料检索、规格与渲染；不可视为已完成
city_hejian,ch12,qing_middle,ch11,secondary,pending,history/city_hejian__qing_middle.md,city_hejian__ch12.yaml,assets/default/town/city_hejian__ch12,本轮未执行逐城史料检索、规格与渲染；不可视为已完成
city_qinhuangdao,ch12,qing_middle,ch11,secondary,pending,history/city_qinhuangdao__qing_middle.md,city_qinhuangdao__ch12.yaml,assets/default/town/city_qinhuangdao__ch12,本轮未执行逐城史料检索、规格与渲染；不可视为已完成
city_tangshan,ch12,qing_middle,ch11,secondary,pending,history/city_tangshan__qing_middle.md,city_tangshan__ch12.yaml,assets/default/town/city_tangshan__ch12,本轮未执行逐城史料检索、规格与渲染；不可视为已完成
city_xinxiang,ch12,qing_middle,ch11,secondary,pending,history/city_xinxiang__qing_middle.md,city_xinxiang__ch12.yaml,assets/default/town/city_xinxiang__ch12,本轮未执行逐城史料检索、规格与渲染；不可视为已完成
city_jiaozuo,ch12,qing_middle,ch11,secondary,pending,history/city_jiaozuo__qing_middle.md,city_jiaozuo__ch12.yaml,assets/default/town/city_jiaozuo__ch12,本轮未执行逐城史料检索、规格与渲染；不可视为已完成
city_xuchang,ch12,qing_middle,ch11,secondary,pending,history/city_xuchang__qing_middle.md,city_xuchang__ch12.yaml,assets/default/town/city_xuchang__ch12,本轮未执行逐城史料检索、规格与渲染；不可视为已完成
city_pingdingshan,ch12,qing_middle,ch11,secondary,pending,history/city_pingdingshan__qing_middle.md,city_pingdingshan__ch12.yaml,assets/default/town/city_pingdingshan__ch12,本轮未执行逐城史料检索、规格与渲染；不可视为已完成
city_xianyang,ch12,qing_middle,ch11,secondary,pending,history/city_xianyang__qing_middle.md,city_xianyang__ch12.yaml,assets/default/town/city_xianyang__ch12,本轮未执行逐城史料检索、规格与渲染；不可视为已完成
city_weinan,ch12,qing_middle,ch11,secondary,pending,history/city_weinan__qing_middle.md,city_weinan__ch12.yaml,assets/default/town/city_weinan__ch12,本轮未执行逐城史料检索、规格与渲染；不可视为已完成
city_ankang,ch12,qing_middle,ch11,secondary,pending,history/city_ankang__qing_middle.md,city_ankang__ch12.yaml,assets/default/town/city_ankang__ch12,本轮未执行逐城史料检索、规格与渲染；不可视为已完成
city_shangluo,ch12,qing_middle,ch11,secondary,pending,history/city_shangluo__qing_middle.md,city_shangluo__ch12.yaml,assets/default/town/city_shangluo__ch12,本轮未执行逐城史料检索、规格与渲染；不可视为已完成
city_pingyao,ch12,qing_middle,ch11,secondary,pending,history/city_pingyao__qing_middle.md,city_pingyao__ch12.yaml,assets/default/town/city_pingyao__ch12,本轮未执行逐城史料检索、规格与渲染；不可视为已完成
city_xinzhou,ch12,qing_middle,ch11,secondary,pending,history/city_xinzhou__qing_middle.md,city_xinzhou__ch12.yaml,assets/default/town/city_xinzhou__ch12,本轮未执行逐城史料检索、规格与渲染；不可视为已完成
city_jincheng,ch12,qing_middle,ch11,secondary,pending,history/city_jincheng__qing_middle.md,city_jincheng__ch12.yaml,assets/default/town/city_jincheng__ch12,本轮未执行逐城史料检索、规格与渲染；不可视为已完成
city_liaocheng,ch12,qing_middle,ch11,secondary,pending,history/city_liaocheng__qing_middle.md,city_liaocheng__ch12.yaml,assets/default/town/city_liaocheng__ch12,本轮未执行逐城史料检索、规格与渲染；不可视为已完成
city_linyi,ch12,qing_middle,ch11,secondary,pending,history/city_linyi__qing_middle.md,city_linyi__ch12.yaml,assets/default/town/city_linyi__ch12,本轮未执行逐城史料检索、规格与渲染；不可视为已完成
city_weihai,ch12,qing_middle,ch11,secondary,pending,history/city_weihai__qing_middle.md,city_weihai__ch12.yaml,assets/default/town/city_weihai__ch12,本轮未执行逐城史料检索、规格与渲染；不可视为已完成
city_zibo,ch12,qing_middle,ch11,secondary,pending,history/city_zibo__qing_middle.md,city_zibo__ch12.yaml,assets/default/town/city_zibo__ch12,本轮未执行逐城史料检索、规格与渲染；不可视为已完成
city_dongping,ch12,qing_middle,ch11,secondary,pending,history/city_dongping__qing_middle.md,city_dongping__ch12.yaml,assets/default/town/city_dongping__ch12,本轮未执行逐城史料检索、规格与渲染；不可视为已完成
city_lianyungang,ch12,qing_middle,ch11,secondary,pending,history/city_lianyungang__qing_middle.md,city_lianyungang__ch12.yaml,assets/default/town/city_lianyungang__ch12,本轮未执行逐城史料检索、规格与渲染；不可视为已完成
city_fuyang,ch12,qing_middle,ch11,secondary,pending,history/city_fuyang__qing_middle.md,city_fuyang__ch12.yaml,assets/default/town/city_fuyang__ch12,本轮未执行逐城史料检索、规格与渲染；不可视为已完成
city_jinhua,ch12,qing_middle,ch11,secondary,pending,history/city_jinhua__qing_middle.md,city_jinhua__ch12.yaml,assets/default/town/city_jinhua__ch12,本轮未执行逐城史料检索、规格与渲染；不可视为已完成
city_quzhou,ch12,qing_middle,ch11,secondary,pending,history/city_quzhou__qing_middle.md,city_quzhou__ch12.yaml,assets/default/town/city_quzhou__ch12,本轮未执行逐城史料检索、规格与渲染；不可视为已完成
city_huzhou,ch12,qing_middle,ch11,secondary,pending,history/city_huzhou__qing_middle.md,city_huzhou__ch12.yaml,assets/default/town/city_huzhou__ch12,本轮未执行逐城史料检索、规格与渲染；不可视为已完成
city_changzhou,ch12,qing_middle,ch11,secondary,pending,history/city_changzhou__qing_middle.md,city_changzhou__ch12.yaml,assets/default/town/city_changzhou__ch12,本轮未执行逐城史料检索、规格与渲染；不可视为已完成
city_wuyishan,ch12,qing_middle,ch11,secondary,pending,history/city_wuyishan__qing_middle.md,city_wuyishan__ch12.yaml,assets/default/town/city_wuyishan__ch12,本轮未执行逐城史料检索、规格与渲染；不可视为已完成
city_shangrao,ch12,qing_middle,ch11,secondary,pending,history/city_shangrao__qing_middle.md,city_shangrao__ch12.yaml,assets/default/town/city_shangrao__ch12,本轮未执行逐城史料检索、规格与渲染；不可视为已完成
city_chenzhou,ch12,qing_middle,ch11,secondary,pending,history/city_chenzhou__qing_middle.md,city_chenzhou__ch12.yaml,assets/default/town/city_chenzhou__ch12,本轮未执行逐城史料检索、规格与渲染；不可视为已完成
city_enshi,ch12,qing_middle,ch11,secondary,pending,history/city_enshi__qing_middle.md,city_enshi__ch12.yaml,assets/default/town/city_enshi__ch12,本轮未执行逐城史料检索、规格与渲染；不可视为已完成
city_chenzhou_yuanling,ch12,qing_middle,ch11,secondary,pending,history/city_chenzhou_yuanling__qing_middle.md,city_chenzhou_yuanling__ch12.yaml,assets/default/town/city_chenzhou_yuanling__ch12,本轮未执行逐城史料检索、规格与渲染；不可视为已完成
city_jingmen,ch12,qing_middle,ch11,secondary,pending,history/city_jingmen__qing_middle.md,city_jingmen__ch12.yaml,assets/default/town/city_jingmen__ch12,本轮未执行逐城史料检索、规格与渲染；不可视为已完成
city_shaoguan,ch12,qing_middle,ch11,secondary,pending,history/city_shaoguan__qing_middle.md,city_shaoguan__ch12.yaml,assets/default/town/city_shaoguan__ch12,本轮未执行逐城史料检索、规格与渲染；不可视为已完成
city_sanya,ch12,qing_middle,ch11,secondary,pending,history/city_sanya__qing_middle.md,city_sanya__ch12.yaml,assets/default/town/city_sanya__ch12,本轮未执行逐城史料检索、规格与渲染；不可视为已完成
city_meishan,ch12,qing_middle,ch11,secondary,pending,history/city_meishan__qing_middle.md,city_meishan__ch12.yaml,assets/default/town/city_meishan__ch12,本轮未执行逐城史料检索、规格与渲染；不可视为已完成
city_yaan,ch12,qing_middle,ch11,secondary,pending,history/city_yaan__qing_middle.md,city_yaan__ch12.yaml,assets/default/town/city_yaan__ch12,本轮未执行逐城史料检索、规格与渲染；不可视为已完成
city_dazhou,ch12,qing_middle,ch11,secondary,pending,history/city_dazhou__qing_middle.md,city_dazhou__ch12.yaml,assets/default/town/city_dazhou__ch12,本轮未执行逐城史料检索、规格与渲染；不可视为已完成
city_bazhong,ch12,qing_middle,ch11,secondary,pending,history/city_bazhong__qing_middle.md,city_bazhong__ch12.yaml,assets/default/town/city_bazhong__ch12,本轮未执行逐城史料检索、规格与渲染；不可视为已完成
city_langzhong,ch12,qing_middle,ch11,secondary,pending,history/city_langzhong__qing_middle.md,city_langzhong__ch12.yaml,assets/default/town/city_langzhong__ch12,本轮未执行逐城史料检索、规格与渲染；不可视为已完成
city_zunyi,ch12,qing_middle,ch11,secondary,pending,history/city_zunyi__qing_middle.md,city_zunyi__ch12.yaml,assets/default/town/city_zunyi__ch12,本轮未执行逐城史料检索、规格与渲染；不可视为已完成
city_jinghong,ch12,qing_middle,ch11,secondary,pending,history/city_jinghong__qing_middle.md,city_jinghong__ch12.yaml,assets/default/town/city_jinghong__ch12,本轮未执行逐城史料检索、规格与渲染；不可视为已完成
city_gyantse,ch12,qing_middle,ch11,secondary,pending,history/city_gyantse__qing_middle.md,city_gyantse__ch12.yaml,assets/default/town/city_gyantse__ch12,本轮未执行逐城史料检索、规格与渲染；不可视为已完成
city_yushu,ch12,qing_middle,ch11,secondary,pending,history/city_yushu__qing_middle.md,city_yushu__ch12.yaml,assets/default/town/city_yushu__ch12,本轮未执行逐城史料检索、规格与渲染；不可视为已完成
city_altay,ch12,qing_middle,ch11,secondary,pending,history/city_altay__qing_middle.md,city_altay__ch12.yaml,assets/default/town/city_altay__ch12,本轮未执行逐城史料检索、规格与渲染；不可视为已完成
city_xingcheng,ch12,qing_middle,ch11,secondary,pending,history/city_xingcheng__qing_middle.md,city_xingcheng__ch12.yaml,assets/default/town/city_xingcheng__ch12,本轮未执行逐城史料检索、规格与渲染；不可视为已完成
city_mohe,ch12,qing_middle,ch11,secondary,pending,history/city_mohe__qing_middle.md,city_mohe__ch12.yaml,assets/default/town/city_mohe__ch12,本轮未执行逐城史料检索、规格与渲染；不可视为已完成
city_baotou,ch12,qing_middle,ch11,secondary,pending,history/city_baotou__qing_middle.md,city_baotou__ch12.yaml,assets/default/town/city_baotou__ch12,本轮未执行逐城史料检索、规格与渲染；不可视为已完成
city_kaohsiung,ch12,qing_middle,ch11,secondary,pending,history/city_kaohsiung__qing_middle.md,city_kaohsiung__ch12.yaml,assets/default/town/city_kaohsiung__ch12,本轮未执行逐城史料检索、规格与渲染；不可视为已完成
city_khotan_kunlun,ch12,qing_middle,ch11,site,pending,history/city_khotan_kunlun__qing_middle.md,city_khotan_kunlun__ch12.yaml,assets/default/town/city_khotan_kunlun__ch12,本轮未执行逐城史料检索、规格与渲染；不可视为已完成
city_taohuadao,ch12,qing_middle,ch11,site,pending,history/city_taohuadao__qing_middle.md,city_taohuadao__ch12.yaml,assets/default/town/city_taohuadao__ch12,本轮未执行逐城史料检索、规格与渲染；不可视为已完成
city_beijing,ch13,qing_middle,ch11,capital,pending,history/city_beijing__qing_middle.md,city_beijing__ch13.yaml,assets/default/town/city_beijing__ch13,本轮未执行逐城史料检索、规格与渲染；不可视为已完成
city_kaifeng,ch13,qing_middle,ch11,capital,pending,history/city_kaifeng__qing_middle.md,city_kaifeng__ch13.yaml,assets/default/town/city_kaifeng__ch13,本轮未执行逐城史料检索、规格与渲染；不可视为已完成
city_luoyang,ch13,qing_middle,ch11,capital,pending,history/city_luoyang__qing_middle.md,city_luoyang__ch13.yaml,assets/default/town/city_luoyang__ch13,本轮未执行逐城史料检索、规格与渲染；不可视为已完成
city_datong,ch13,qing_middle,ch11,capital,pending,history/city_datong__qing_middle.md,city_datong__ch13.yaml,assets/default/town/city_datong__ch13,本轮未执行逐城史料检索、规格与渲染；不可视为已完成
city_nanjing,ch13,qing_middle,ch11,capital,pending,history/city_nanjing__qing_middle.md,city_nanjing__ch13.yaml,assets/default/town/city_nanjing__ch13,本轮未执行逐城史料检索、规格与渲染；不可视为已完成
city_hangzhou,ch13,qing_middle,ch11,capital,pending,history/city_hangzhou__qing_middle.md,city_hangzhou__ch13.yaml,assets/default/town/city_hangzhou__ch13,本轮未执行逐城史料检索、规格与渲染；不可视为已完成
city_kunming,ch13,qing_middle,ch11,capital,pending,history/city_kunming__qing_middle.md,city_kunming__ch13.yaml,assets/default/town/city_kunming__ch13,本轮未执行逐城史料检索、规格与渲染；不可视为已完成
city_dali,ch13,qing_middle,ch11,capital,pending,history/city_dali__qing_middle.md,city_dali__ch13.yaml,assets/default/town/city_dali__ch13,本轮未执行逐城史料检索、规格与渲染；不可视为已完成
city_lhasa,ch13,qing_middle,ch11,capital,pending,history/city_lhasa__qing_middle.md,city_lhasa__ch13.yaml,assets/default/town/city_lhasa__ch13,本轮未执行逐城史料检索、规格与渲染；不可视为已完成
city_yinchuan,ch13,qing_middle,ch11,capital,pending,history/city_yinchuan__qing_middle.md,city_yinchuan__ch13.yaml,assets/default/town/city_yinchuan__ch13,本轮未执行逐城史料检索、规格与渲染；不可视为已完成
city_kashgar,ch13,qing_middle,ch11,capital,pending,history/city_kashgar__qing_middle.md,city_kashgar__ch13.yaml,assets/default/town/city_kashgar__ch13,本轮未执行逐城史料检索、规格与渲染；不可视为已完成
city_shenyang,ch13,qing_middle,ch11,capital,pending,history/city_shenyang__qing_middle.md,city_shenyang__ch13.yaml,assets/default/town/city_shenyang__ch13,本轮未执行逐城史料检索、规格与渲染；不可视为已完成
city_acheng,ch13,qing_middle,ch11,capital,pending,history/city_acheng__qing_middle.md,city_acheng__ch13.yaml,assets/default/town/city_acheng__ch13,本轮未执行逐城史料检索、规格与渲染；不可视为已完成
city_tainan,ch13,qing_middle,ch11,capital,pending,history/city_tainan__qing_middle.md,city_tainan__ch13.yaml,assets/default/town/city_tainan__ch13,本轮未执行逐城史料检索、规格与渲染；不可视为已完成
city_tianjin,ch13,qing_middle,ch11,major,pending,history/city_tianjin__qing_middle.md,city_tianjin__ch13.yaml,assets/default/town/city_tianjin__ch13,本轮未执行逐城史料检索、规格与渲染；不可视为已完成
city_baoding,ch13,qing_middle,ch11,major,pending,history/city_baoding__qing_middle.md,city_baoding__ch13.yaml,assets/default/town/city_baoding__ch13,本轮未执行逐城史料检索、规格与渲染；不可视为已完成
city_zhengding,ch13,qing_middle,ch11,major,pending,history/city_zhengding__qing_middle.md,city_zhengding__ch13.yaml,assets/default/town/city_zhengding__ch13,本轮未执行逐城史料检索、规格与渲染；不可视为已完成
city_cangzhou,ch13,qing_middle,ch11,major,pending,history/city_cangzhou__qing_middle.md,city_cangzhou__ch13.yaml,assets/default/town/city_cangzhou__ch13,本轮未执行逐城史料检索、规格与渲染；不可视为已完成
city_chengde,ch13,qing_middle,ch11,major,pending,history/city_chengde__qing_middle.md,city_chengde__ch13.yaml,assets/default/town/city_chengde__ch13,本轮未执行逐城史料检索、规格与渲染；不可视为已完成
city_zhangjiakou,ch13,qing_middle,ch11,major,pending,history/city_zhangjiakou__qing_middle.md,city_zhangjiakou__ch13.yaml,assets/default/town/city_zhangjiakou__ch13,本轮未执行逐城史料检索、规格与渲染；不可视为已完成
city_shanhaiguan,ch13,qing_middle,ch11,major,pending,history/city_shanhaiguan__qing_middle.md,city_shanhaiguan__ch13.yaml,assets/default/town/city_shanhaiguan__ch13,本轮未执行逐城史料检索、规格与渲染；不可视为已完成
city_zhengzhou,ch13,qing_middle,ch11,major,pending,history/city_zhengzhou__qing_middle.md,city_zhengzhou__ch13.yaml,assets/default/town/city_zhengzhou__ch13,本轮未执行逐城史料检索、规格与渲染；不可视为已完成
city_dengfeng,ch13,qing_middle,ch11,major,pending,history/city_dengfeng__qing_middle.md,city_dengfeng__ch13.yaml,assets/default/town/city_dengfeng__ch13,本轮未执行逐城史料检索、规格与渲染；不可视为已完成
city_anyang,ch13,qing_middle,ch11,major,pending,history/city_anyang__qing_middle.md,city_anyang__ch13.yaml,assets/default/town/city_anyang__ch13,本轮未执行逐城史料检索、规格与渲染；不可视为已完成
city_shangqiu,ch13,qing_middle,ch11,major,pending,history/city_shangqiu__qing_middle.md,city_shangqiu__ch13.yaml,assets/default/town/city_shangqiu__ch13,本轮未执行逐城史料检索、规格与渲染；不可视为已完成
city_nanyang,ch13,qing_middle,ch11,major,pending,history/city_nanyang__qing_middle.md,city_nanyang__ch13.yaml,assets/default/town/city_nanyang__ch13,本轮未执行逐城史料检索、规格与渲染；不可视为已完成
city_xinyang,ch13,qing_middle,ch11,major,pending,history/city_xinyang__qing_middle.md,city_xinyang__ch13.yaml,assets/default/town/city_xinyang__ch13,本轮未执行逐城史料检索、规格与渲染；不可视为已完成
city_xian,ch13,qing_middle,ch11,major,pending,history/city_xian__qing_middle.md,city_xian__ch13.yaml,assets/default/town/city_xian__ch13,本轮未执行逐城史料检索、规格与渲染；不可视为已完成
city_huayin,ch13,qing_middle,ch11,major,pending,history/city_huayin__qing_middle.md,city_huayin__ch13.yaml,assets/default/town/city_huayin__ch13,本轮未执行逐城史料检索、规格与渲染；不可视为已完成
city_baoji,ch13,qing_middle,ch11,major,pending,history/city_baoji__qing_middle.md,city_baoji__ch13.yaml,assets/default/town/city_baoji__ch13,本轮未执行逐城史料检索、规格与渲染；不可视为已完成
city_hanzhong,ch13,qing_middle,ch11,major,pending,history/city_hanzhong__qing_middle.md,city_hanzhong__ch13.yaml,assets/default/town/city_hanzhong__ch13,本轮未执行逐城史料检索、规格与渲染；不可视为已完成
city_yanan,ch13,qing_middle,ch11,major,pending,history/city_yanan__qing_middle.md,city_yanan__ch13.yaml,assets/default/town/city_yanan__ch13,本轮未执行逐城史料检索、规格与渲染；不可视为已完成
city_yulin,ch13,qing_middle,ch11,major,pending,history/city_yulin__qing_middle.md,city_yulin__ch13.yaml,assets/default/town/city_yulin__ch13,本轮未执行逐城史料检索、规格与渲染；不可视为已完成
city_taiyuan,ch13,qing_middle,ch11,major,pending,history/city_taiyuan__qing_middle.md,city_taiyuan__ch13.yaml,assets/default/town/city_taiyuan__ch13,本轮未执行逐城史料检索、规格与渲染；不可视为已完成
city_yuncheng,ch13,qing_middle,ch11,major,pending,history/city_yuncheng__qing_middle.md,city_yuncheng__ch13.yaml,assets/default/town/city_yuncheng__ch13,本轮未执行逐城史料检索、规格与渲染；不可视为已完成
city_linfen,ch13,qing_middle,ch11,major,pending,history/city_linfen__qing_middle.md,city_linfen__ch13.yaml,assets/default/town/city_linfen__ch13,本轮未执行逐城史料检索、规格与渲染；不可视为已完成
city_changzhi,ch13,qing_middle,ch11,major,pending,history/city_changzhi__qing_middle.md,city_changzhi__ch13.yaml,assets/default/town/city_changzhi__ch13,本轮未执行逐城史料检索、规格与渲染；不可视为已完成
city_shuozhou,ch13,qing_middle,ch11,major,pending,history/city_shuozhou__qing_middle.md,city_shuozhou__ch13.yaml,assets/default/town/city_shuozhou__ch13,本轮未执行逐城史料检索、规格与渲染；不可视为已完成
city_jinan,ch13,qing_middle,ch11,major,pending,history/city_jinan__qing_middle.md,city_jinan__ch13.yaml,assets/default/town/city_jinan__ch13,本轮未执行逐城史料检索、规格与渲染；不可视为已完成
city_qufu,ch13,qing_middle,ch11,major,pending,history/city_qufu__qing_middle.md,city_qufu__ch13.yaml,assets/default/town/city_qufu__ch13,本轮未执行逐城史料检索、规格与渲染；不可视为已完成
city_taian,ch13,qing_middle,ch11,major,pending,history/city_taian__qing_middle.md,city_taian__ch13.yaml,assets/default/town/city_taian__ch13,本轮未执行逐城史料检索、规格与渲染；不可视为已完成
city_qingzhou,ch13,qing_middle,ch11,major,pending,history/city_qingzhou__qing_middle.md,city_qingzhou__ch13.yaml,assets/default/town/city_qingzhou__ch13,本轮未执行逐城史料检索、规格与渲染；不可视为已完成
city_dezhou,ch13,qing_middle,ch11,major,pending,history/city_dezhou__qing_middle.md,city_dezhou__ch13.yaml,assets/default/town/city_dezhou__ch13,本轮未执行逐城史料检索、规格与渲染；不可视为已完成
city_yantai,ch13,qing_middle,ch11,major,pending,history/city_yantai__qing_middle.md,city_yantai__ch13.yaml,assets/default/town/city_yantai__ch13,本轮未执行逐城史料检索、规格与渲染；不可视为已完成
city_penglai,ch13,qing_middle,ch11,major,pending,history/city_penglai__qing_middle.md,city_penglai__ch13.yaml,assets/default/town/city_penglai__ch13,本轮未执行逐城史料检索、规格与渲染；不可视为已完成
city_yangzhou,ch13,qing_middle,ch11,major,pending,history/city_yangzhou__qing_middle.md,city_yangzhou__ch13.yaml,assets/default/town/city_yangzhou__ch13,本轮未执行逐城史料检索、规格与渲染；不可视为已完成
city_zhenjiang,ch13,qing_middle,ch11,major,pending,history/city_zhenjiang__qing_middle.md,city_zhenjiang__ch13.yaml,assets/default/town/city_zhenjiang__ch13,本轮未执行逐城史料检索、规格与渲染；不可视为已完成
city_xuzhou,ch13,qing_middle,ch11,major,pending,history/city_xuzhou__qing_middle.md,city_xuzhou__ch13.yaml,assets/default/town/city_xuzhou__ch13,本轮未执行逐城史料检索、规格与渲染；不可视为已完成
city_hefei,ch13,qing_middle,ch11,major,pending,history/city_hefei__qing_middle.md,city_hefei__ch13.yaml,assets/default/town/city_hefei__ch13,本轮未执行逐城史料检索、规格与渲染；不可视为已完成
city_anqing,ch13,qing_middle,ch11,major,pending,history/city_anqing__qing_middle.md,city_anqing__ch13.yaml,assets/default/town/city_anqing__ch13,本轮未执行逐城史料检索、规格与渲染；不可视为已完成
city_wuhu,ch13,qing_middle,ch11,major,pending,history/city_wuhu__qing_middle.md,city_wuhu__ch13.yaml,assets/default/town/city_wuhu__ch13,本轮未执行逐城史料检索、规格与渲染；不可视为已完成
city_huangshan,ch13,qing_middle,ch11,major,pending,history/city_huangshan__qing_middle.md,city_huangshan__ch13.yaml,assets/default/town/city_huangshan__ch13,本轮未执行逐城史料检索、规格与渲染；不可视为已完成
city_suzhou,ch13,qing_middle,ch11,major,pending,history/city_suzhou__qing_middle.md,city_suzhou__ch13.yaml,assets/default/town/city_suzhou__ch13,本轮未执行逐城史料检索、规格与渲染；不可视为已完成
city_wuxi,ch13,qing_middle,ch11,major,pending,history/city_wuxi__qing_middle.md,city_wuxi__ch13.yaml,assets/default/town/city_wuxi__ch13,本轮未执行逐城史料检索、规格与渲染；不可视为已完成
city_jiaxing,ch13,qing_middle,ch11,major,pending,history/city_jiaxing__qing_middle.md,city_jiaxing__ch13.yaml,assets/default/town/city_jiaxing__ch13,本轮未执行逐城史料检索、规格与渲染；不可视为已完成
city_shaoxing,ch13,qing_middle,ch11,major,pending,history/city_shaoxing__qing_middle.md,city_shaoxing__ch13.yaml,assets/default/town/city_shaoxing__ch13,本轮未执行逐城史料检索、规格与渲染；不可视为已完成
city_ningbo,ch13,qing_middle,ch11,major,pending,history/city_ningbo__qing_middle.md,city_ningbo__ch13.yaml,assets/default/town/city_ningbo__ch13,本轮未执行逐城史料检索、规格与渲染；不可视为已完成
city_zhoushan,ch13,qing_middle,ch11,major,pending,history/city_zhoushan__qing_middle.md,city_zhoushan__ch13.yaml,assets/default/town/city_zhoushan__ch13,本轮未执行逐城史料检索、规格与渲染；不可视为已完成
city_wenzhou,ch13,qing_middle,ch11,major,pending,history/city_wenzhou__qing_middle.md,city_wenzhou__ch13.yaml,assets/default/town/city_wenzhou__ch13,本轮未执行逐城史料检索、规格与渲染；不可视为已完成
city_fuzhou,ch13,qing_middle,ch11,major,pending,history/city_fuzhou__qing_middle.md,city_fuzhou__ch13.yaml,assets/default/town/city_fuzhou__ch13,本轮未执行逐城史料检索、规格与渲染；不可视为已完成
city_quanzhou,ch13,qing_middle,ch11,major,pending,history/city_quanzhou__qing_middle.md,city_quanzhou__ch13.yaml,assets/default/town/city_quanzhou__ch13,本轮未执行逐城史料检索、规格与渲染；不可视为已完成
city_putian,ch13,qing_middle,ch11,major,pending,history/city_putian__qing_middle.md,city_putian__ch13.yaml,assets/default/town/city_putian__ch13,本轮未执行逐城史料检索、规格与渲染；不可视为已完成
city_xiamen,ch13,qing_middle,ch11,major,pending,history/city_xiamen__qing_middle.md,city_xiamen__ch13.yaml,assets/default/town/city_xiamen__ch13,本轮未执行逐城史料检索、规格与渲染；不可视为已完成
city_zhangzhou,ch13,qing_middle,ch11,major,pending,history/city_zhangzhou__qing_middle.md,city_zhangzhou__ch13.yaml,assets/default/town/city_zhangzhou__ch13,本轮未执行逐城史料检索、规格与渲染；不可视为已完成
city_nanchang,ch13,qing_middle,ch11,major,pending,history/city_nanchang__qing_middle.md,city_nanchang__ch13.yaml,assets/default/town/city_nanchang__ch13,本轮未执行逐城史料检索、规格与渲染；不可视为已完成
city_jiujiang,ch13,qing_middle,ch11,major,pending,history/city_jiujiang__qing_middle.md,city_jiujiang__ch13.yaml,assets/default/town/city_jiujiang__ch13,本轮未执行逐城史料检索、规格与渲染；不可视为已完成
city_ganzhou,ch13,qing_middle,ch11,major,pending,history/city_ganzhou__qing_middle.md,city_ganzhou__ch13.yaml,assets/default/town/city_ganzhou__ch13,本轮未执行逐城史料检索、规格与渲染；不可视为已完成
city_jingdezhen,ch13,qing_middle,ch11,major,pending,history/city_jingdezhen__qing_middle.md,city_jingdezhen__ch13.yaml,assets/default/town/city_jingdezhen__ch13,本轮未执行逐城史料检索、规格与渲染；不可视为已完成
city_wuhan,ch13,qing_middle,ch11,major,pending,history/city_wuhan__qing_middle.md,city_wuhan__ch13.yaml,assets/default/town/city_wuhan__ch13,本轮未执行逐城史料检索、规格与渲染；不可视为已完成
city_xiangyang,ch13,qing_middle,ch11,major,pending,history/city_xiangyang__qing_middle.md,city_xiangyang__ch13.yaml,assets/default/town/city_xiangyang__ch13,本轮未执行逐城史料检索、规格与渲染；不可视为已完成
city_jingzhou,ch13,qing_middle,ch11,major,pending,history/city_jingzhou__qing_middle.md,city_jingzhou__ch13.yaml,assets/default/town/city_jingzhou__ch13,本轮未执行逐城史料检索、规格与渲染；不可视为已完成
city_yueyang,ch13,qing_middle,ch11,major,pending,history/city_yueyang__qing_middle.md,city_yueyang__ch13.yaml,assets/default/town/city_yueyang__ch13,本轮未执行逐城史料检索、规格与渲染；不可视为已完成
city_changsha,ch13,qing_middle,ch11,major,pending,history/city_changsha__qing_middle.md,city_changsha__ch13.yaml,assets/default/town/city_changsha__ch13,本轮未执行逐城史料检索、规格与渲染；不可视为已完成
city_hengyang,ch13,qing_middle,ch11,major,pending,history/city_hengyang__qing_middle.md,city_hengyang__ch13.yaml,assets/default/town/city_hengyang__ch13,本轮未执行逐城史料检索、规格与渲染；不可视为已完成
city_shiyan,ch13,qing_middle,ch11,major,pending,history/city_shiyan__qing_middle.md,city_shiyan__ch13.yaml,assets/default/town/city_shiyan__ch13,本轮未执行逐城史料检索、规格与渲染；不可视为已完成
city_yichang,ch13,qing_middle,ch11,major,pending,history/city_yichang__qing_middle.md,city_yichang__ch13.yaml,assets/default/town/city_yichang__ch13,本轮未执行逐城史料检索、规格与渲染；不可视为已完成
city_guangzhou,ch13,qing_middle,ch11,major,pending,history/city_guangzhou__qing_middle.md,city_guangzhou__ch13.yaml,assets/default/town/city_guangzhou__ch13,本轮未执行逐城史料检索、规格与渲染；不可视为已完成
city_foshan,ch13,qing_middle,ch11,major,pending,history/city_foshan__qing_middle.md,city_foshan__ch13.yaml,assets/default/town/city_foshan__ch13,本轮未执行逐城史料检索、规格与渲染；不可视为已完成
city_zhaoqing,ch13,qing_middle,ch11,major,pending,history/city_zhaoqing__qing_middle.md,city_zhaoqing__ch13.yaml,assets/default/town/city_zhaoqing__ch13,本轮未执行逐城史料检索、规格与渲染；不可视为已完成
city_chaozhou,ch13,qing_middle,ch11,major,pending,history/city_chaozhou__qing_middle.md,city_chaozhou__ch13.yaml,assets/default/town/city_chaozhou__ch13,本轮未执行逐城史料检索、规格与渲染；不可视为已完成
city_guilin,ch13,qing_middle,ch11,major,pending,history/city_guilin__qing_middle.md,city_guilin__ch13.yaml,assets/default/town/city_guilin__ch13,本轮未执行逐城史料检索、规格与渲染；不可视为已完成
city_liuzhou,ch13,qing_middle,ch11,major,pending,history/city_liuzhou__qing_middle.md,city_liuzhou__ch13.yaml,assets/default/town/city_liuzhou__ch13,本轮未执行逐城史料检索、规格与渲染；不可视为已完成
city_nanning,ch13,qing_middle,ch11,major,pending,history/city_nanning__qing_middle.md,city_nanning__ch13.yaml,assets/default/town/city_nanning__ch13,本轮未执行逐城史料检索、规格与渲染；不可视为已完成
city_haikou,ch13,qing_middle,ch11,major,pending,history/city_haikou__qing_middle.md,city_haikou__ch13.yaml,assets/default/town/city_haikou__ch13,本轮未执行逐城史料检索、规格与渲染；不可视为已完成
city_chengdu,ch13,qing_middle,ch11,major,pending,history/city_chengdu__qing_middle.md,city_chengdu__ch13.yaml,assets/default/town/city_chengdu__ch13,本轮未执行逐城史料检索、规格与渲染；不可视为已完成
city_chongqing,ch13,qing_middle,ch11,major,pending,history/city_chongqing__qing_middle.md,city_chongqing__ch13.yaml,assets/default/town/city_chongqing__ch13,本轮未执行逐城史料检索、规格与渲染；不可视为已完成
city_dujiangyan,ch13,qing_middle,ch11,major,pending,history/city_dujiangyan__qing_middle.md,city_dujiangyan__ch13.yaml,assets/default/town/city_dujiangyan__ch13,本轮未执行逐城史料检索、规格与渲染；不可视为已完成
city_leshan,ch13,qing_middle,ch11,major,pending,history/city_leshan__qing_middle.md,city_leshan__ch13.yaml,assets/default/town/city_leshan__ch13,本轮未执行逐城史料检索、规格与渲染；不可视为已完成
city_fengjie,ch13,qing_middle,ch11,major,pending,history/city_fengjie__qing_middle.md,city_fengjie__ch13.yaml,assets/default/town/city_fengjie__ch13,本轮未执行逐城史料检索、规格与渲染；不可视为已完成
city_lijiang,ch13,qing_middle,ch11,major,pending,history/city_lijiang__qing_middle.md,city_lijiang__ch13.yaml,assets/default/town/city_lijiang__ch13,本轮未执行逐城史料检索、规格与渲染；不可视为已完成
city_baoshan,ch13,qing_middle,ch11,major,pending,history/city_baoshan__qing_middle.md,city_baoshan__ch13.yaml,assets/default/town/city_baoshan__ch13,本轮未执行逐城史料检索、规格与渲染；不可视为已完成
city_tengchong,ch13,qing_middle,ch11,major,pending,history/city_tengchong__qing_middle.md,city_tengchong__ch13.yaml,assets/default/town/city_tengchong__ch13,本轮未执行逐城史料检索、规格与渲染；不可视为已完成
city_qujing,ch13,qing_middle,ch11,major,pending,history/city_qujing__qing_middle.md,city_qujing__ch13.yaml,assets/default/town/city_qujing__ch13,本轮未执行逐城史料检索、规格与渲染；不可视为已完成
city_guiyang,ch13,qing_middle,ch11,major,pending,history/city_guiyang__qing_middle.md,city_guiyang__ch13.yaml,assets/default/town/city_guiyang__ch13,本轮未执行逐城史料检索、规格与渲染；不可视为已完成
city_shigatse,ch13,qing_middle,ch11,major,pending,history/city_shigatse__qing_middle.md,city_shigatse__ch13.yaml,assets/default/town/city_shigatse__ch13,本轮未执行逐城史料检索、规格与渲染；不可视为已完成
city_qamdo,ch13,qing_middle,ch11,major,pending,history/city_qamdo__qing_middle.md,city_qamdo__ch13.yaml,assets/default/town/city_qamdo__ch13,本轮未执行逐城史料检索、规格与渲染；不可视为已完成
city_ngari,ch13,qing_middle,ch11,major,pending,history/city_ngari__qing_middle.md,city_ngari__ch13.yaml,assets/default/town/city_ngari__ch13,本轮未执行逐城史料检索、规格与渲染；不可视为已完成
city_lanzhou,ch13,qing_middle,ch11,major,pending,history/city_lanzhou__qing_middle.md,city_lanzhou__ch13.yaml,assets/default/town/city_lanzhou__ch13,本轮未执行逐城史料检索、规格与渲染；不可视为已完成
city_tianshui,ch13,qing_middle,ch11,major,pending,history/city_tianshui__qing_middle.md,city_tianshui__ch13.yaml,assets/default/town/city_tianshui__ch13,本轮未执行逐城史料检索、规格与渲染；不可视为已完成
city_pingliang,ch13,qing_middle,ch11,major,pending,history/city_pingliang__qing_middle.md,city_pingliang__ch13.yaml,assets/default/town/city_pingliang__ch13,本轮未执行逐城史料检索、规格与渲染；不可视为已完成
city_wuwei,ch13,qing_middle,ch11,major,pending,history/city_wuwei__qing_middle.md,city_wuwei__ch13.yaml,assets/default/town/city_wuwei__ch13,本轮未执行逐城史料检索、规格与渲染；不可视为已完成
city_zhangye,ch13,qing_middle,ch11,major,pending,history/city_zhangye__qing_middle.md,city_zhangye__ch13.yaml,assets/default/town/city_zhangye__ch13,本轮未执行逐城史料检索、规格与渲染；不可视为已完成
city_jiuquan,ch13,qing_middle,ch11,major,pending,history/city_jiuquan__qing_middle.md,city_jiuquan__ch13.yaml,assets/default/town/city_jiuquan__ch13,本轮未执行逐城史料检索、规格与渲染；不可视为已完成
city_dunhuang,ch13,qing_middle,ch11,major,pending,history/city_dunhuang__qing_middle.md,city_dunhuang__ch13.yaml,assets/default/town/city_dunhuang__ch13,本轮未执行逐城史料检索、规格与渲染；不可视为已完成
city_zhongwei,ch13,qing_middle,ch11,major,pending,history/city_zhongwei__qing_middle.md,city_zhongwei__ch13.yaml,assets/default/town/city_zhongwei__ch13,本轮未执行逐城史料检索、规格与渲染；不可视为已完成
city_xining,ch13,qing_middle,ch11,major,pending,history/city_xining__qing_middle.md,city_xining__ch13.yaml,assets/default/town/city_xining__ch13,本轮未执行逐城史料检索、规格与渲染；不可视为已完成
city_hotan,ch13,qing_middle,ch11,major,pending,history/city_hotan__qing_middle.md,city_hotan__ch13.yaml,assets/default/town/city_hotan__ch13,本轮未执行逐城史料检索、规格与渲染；不可视为已完成
city_yarkand,ch13,qing_middle,ch11,major,pending,history/city_yarkand__qing_middle.md,city_yarkand__ch13.yaml,assets/default/town/city_yarkand__ch13,本轮未执行逐城史料检索、规格与渲染；不可视为已完成
city_aksu,ch13,qing_middle,ch11,major,pending,history/city_aksu__qing_middle.md,city_aksu__ch13.yaml,assets/default/town/city_aksu__ch13,本轮未执行逐城史料检索、规格与渲染；不可视为已完成
city_kuqa,ch13,qing_middle,ch11,major,pending,history/city_kuqa__qing_middle.md,city_kuqa__ch13.yaml,assets/default/town/city_kuqa__ch13,本轮未执行逐城史料检索、规格与渲染；不可视为已完成
city_korla,ch13,qing_middle,ch11,major,pending,history/city_korla__qing_middle.md,city_korla__ch13.yaml,assets/default/town/city_korla__ch13,本轮未执行逐城史料检索、规格与渲染；不可视为已完成
city_turpan,ch13,qing_middle,ch11,major,pending,history/city_turpan__qing_middle.md,city_turpan__ch13.yaml,assets/default/town/city_turpan__ch13,本轮未执行逐城史料检索、规格与渲染；不可视为已完成
city_hami,ch13,qing_middle,ch11,major,pending,history/city_hami__qing_middle.md,city_hami__ch13.yaml,assets/default/town/city_hami__ch13,本轮未执行逐城史料检索、规格与渲染；不可视为已完成
city_urumqi,ch13,qing_middle,ch13,major,pending,history/city_urumqi__qing_middle.md,city_urumqi__ch13.yaml,assets/default/town/city_urumqi__ch13,本轮未执行逐城史料检索、规格与渲染；不可视为已完成
city_yining,ch13,qing_middle,ch11,major,pending,history/city_yining__qing_middle.md,city_yining__ch13.yaml,assets/default/town/city_yining__ch13,本轮未执行逐城史料检索、规格与渲染；不可视为已完成
city_liaoyang,ch13,qing_middle,ch11,major,pending,history/city_liaoyang__qing_middle.md,city_liaoyang__ch13.yaml,assets/default/town/city_liaoyang__ch13,本轮未执行逐城史料检索、规格与渲染；不可视为已完成
city_jinzhou,ch13,qing_middle,ch11,major,pending,history/city_jinzhou__qing_middle.md,city_jinzhou__ch13.yaml,assets/default/town/city_jinzhou__ch13,本轮未执行逐城史料检索、规格与渲染；不可视为已完成
city_dandong,ch13,qing_middle,ch11,major,pending,history/city_dandong__qing_middle.md,city_dandong__ch13.yaml,assets/default/town/city_dandong__ch13,本轮未执行逐城史料检索、规格与渲染；不可视为已完成
city_yingkou,ch13,qing_middle,ch11,major,pending,history/city_yingkou__qing_middle.md,city_yingkou__ch13.yaml,assets/default/town/city_yingkou__ch13,本轮未执行逐城史料检索、规格与渲染；不可视为已完成
city_jilin,ch13,qing_middle,ch11,major,pending,history/city_jilin__qing_middle.md,city_jilin__ch13.yaml,assets/default/town/city_jilin__ch13,本轮未执行逐城史料检索、规格与渲染；不可视为已完成
city_ningan,ch13,qing_middle,ch11,major,pending,history/city_ningan__qing_middle.md,city_ningan__ch13.yaml,assets/default/town/city_ningan__ch13,本轮未执行逐城史料检索、规格与渲染；不可视为已完成
city_qiqihar,ch13,qing_middle,ch11,major,pending,history/city_qiqihar__qing_middle.md,city_qiqihar__ch13.yaml,assets/default/town/city_qiqihar__ch13,本轮未执行逐城史料检索、规格与渲染；不可视为已完成
city_heihe,ch13,qing_middle,ch11,major,pending,history/city_heihe__qing_middle.md,city_heihe__ch13.yaml,assets/default/town/city_heihe__ch13,本轮未执行逐城史料检索、规格与渲染；不可视为已完成
city_chifeng,ch13,qing_middle,ch11,major,pending,history/city_chifeng__qing_middle.md,city_chifeng__ch13.yaml,assets/default/town/city_chifeng__ch13,本轮未执行逐城史料检索、规格与渲染；不可视为已完成
city_hohhot,ch13,qing_middle,ch11,major,pending,history/city_hohhot__qing_middle.md,city_hohhot__ch13.yaml,assets/default/town/city_hohhot__ch13,本轮未执行逐城史料检索、规格与渲染；不可视为已完成
city_ordos,ch13,qing_middle,ch11,major,pending,history/city_ordos__qing_middle.md,city_ordos__ch13.yaml,assets/default/town/city_ordos__ch13,本轮未执行逐城史料检索、规格与渲染；不可视为已完成
city_xilinhot,ch13,qing_middle,ch11,major,pending,history/city_xilinhot__qing_middle.md,city_xilinhot__ch13.yaml,assets/default/town/city_xilinhot__ch13,本轮未执行逐城史料检索、规格与渲染；不可视为已完成
city_taipei,ch13,qing_middle,ch11,major,pending,history/city_taipei__qing_middle.md,city_taipei__ch13.yaml,assets/default/town/city_taipei__ch13,本轮未执行逐城史料检索、规格与渲染；不可视为已完成
city_penghu,ch13,qing_middle,ch11,major,pending,history/city_penghu__qing_middle.md,city_penghu__ch13.yaml,assets/default/town/city_penghu__ch13,本轮未执行逐城史料检索、规格与渲染；不可视为已完成
city_hejian,ch13,qing_middle,ch11,secondary,pending,history/city_hejian__qing_middle.md,city_hejian__ch13.yaml,assets/default/town/city_hejian__ch13,本轮未执行逐城史料检索、规格与渲染；不可视为已完成
city_qinhuangdao,ch13,qing_middle,ch11,secondary,pending,history/city_qinhuangdao__qing_middle.md,city_qinhuangdao__ch13.yaml,assets/default/town/city_qinhuangdao__ch13,本轮未执行逐城史料检索、规格与渲染；不可视为已完成
city_tangshan,ch13,qing_middle,ch11,secondary,pending,history/city_tangshan__qing_middle.md,city_tangshan__ch13.yaml,assets/default/town/city_tangshan__ch13,本轮未执行逐城史料检索、规格与渲染；不可视为已完成
city_xinxiang,ch13,qing_middle,ch11,secondary,pending,history/city_xinxiang__qing_middle.md,city_xinxiang__ch13.yaml,assets/default/town/city_xinxiang__ch13,本轮未执行逐城史料检索、规格与渲染；不可视为已完成
city_jiaozuo,ch13,qing_middle,ch11,secondary,pending,history/city_jiaozuo__qing_middle.md,city_jiaozuo__ch13.yaml,assets/default/town/city_jiaozuo__ch13,本轮未执行逐城史料检索、规格与渲染；不可视为已完成
city_xuchang,ch13,qing_middle,ch11,secondary,pending,history/city_xuchang__qing_middle.md,city_xuchang__ch13.yaml,assets/default/town/city_xuchang__ch13,本轮未执行逐城史料检索、规格与渲染；不可视为已完成
city_pingdingshan,ch13,qing_middle,ch11,secondary,pending,history/city_pingdingshan__qing_middle.md,city_pingdingshan__ch13.yaml,assets/default/town/city_pingdingshan__ch13,本轮未执行逐城史料检索、规格与渲染；不可视为已完成
city_xianyang,ch13,qing_middle,ch11,secondary,pending,history/city_xianyang__qing_middle.md,city_xianyang__ch13.yaml,assets/default/town/city_xianyang__ch13,本轮未执行逐城史料检索、规格与渲染；不可视为已完成
city_weinan,ch13,qing_middle,ch11,secondary,pending,history/city_weinan__qing_middle.md,city_weinan__ch13.yaml,assets/default/town/city_weinan__ch13,本轮未执行逐城史料检索、规格与渲染；不可视为已完成
city_ankang,ch13,qing_middle,ch11,secondary,pending,history/city_ankang__qing_middle.md,city_ankang__ch13.yaml,assets/default/town/city_ankang__ch13,本轮未执行逐城史料检索、规格与渲染；不可视为已完成
city_shangluo,ch13,qing_middle,ch11,secondary,pending,history/city_shangluo__qing_middle.md,city_shangluo__ch13.yaml,assets/default/town/city_shangluo__ch13,本轮未执行逐城史料检索、规格与渲染；不可视为已完成
city_pingyao,ch13,qing_middle,ch11,secondary,pending,history/city_pingyao__qing_middle.md,city_pingyao__ch13.yaml,assets/default/town/city_pingyao__ch13,本轮未执行逐城史料检索、规格与渲染；不可视为已完成
city_xinzhou,ch13,qing_middle,ch11,secondary,pending,history/city_xinzhou__qing_middle.md,city_xinzhou__ch13.yaml,assets/default/town/city_xinzhou__ch13,本轮未执行逐城史料检索、规格与渲染；不可视为已完成
city_jincheng,ch13,qing_middle,ch11,secondary,pending,history/city_jincheng__qing_middle.md,city_jincheng__ch13.yaml,assets/default/town/city_jincheng__ch13,本轮未执行逐城史料检索、规格与渲染；不可视为已完成
city_liaocheng,ch13,qing_middle,ch11,secondary,pending,history/city_liaocheng__qing_middle.md,city_liaocheng__ch13.yaml,assets/default/town/city_liaocheng__ch13,本轮未执行逐城史料检索、规格与渲染；不可视为已完成
city_linyi,ch13,qing_middle,ch11,secondary,pending,history/city_linyi__qing_middle.md,city_linyi__ch13.yaml,assets/default/town/city_linyi__ch13,本轮未执行逐城史料检索、规格与渲染；不可视为已完成
city_weihai,ch13,qing_middle,ch11,secondary,pending,history/city_weihai__qing_middle.md,city_weihai__ch13.yaml,assets/default/town/city_weihai__ch13,本轮未执行逐城史料检索、规格与渲染；不可视为已完成
city_zibo,ch13,qing_middle,ch11,secondary,pending,history/city_zibo__qing_middle.md,city_zibo__ch13.yaml,assets/default/town/city_zibo__ch13,本轮未执行逐城史料检索、规格与渲染；不可视为已完成
city_dongping,ch13,qing_middle,ch11,secondary,pending,history/city_dongping__qing_middle.md,city_dongping__ch13.yaml,assets/default/town/city_dongping__ch13,本轮未执行逐城史料检索、规格与渲染；不可视为已完成
city_lianyungang,ch13,qing_middle,ch11,secondary,pending,history/city_lianyungang__qing_middle.md,city_lianyungang__ch13.yaml,assets/default/town/city_lianyungang__ch13,本轮未执行逐城史料检索、规格与渲染；不可视为已完成
city_fuyang,ch13,qing_middle,ch11,secondary,pending,history/city_fuyang__qing_middle.md,city_fuyang__ch13.yaml,assets/default/town/city_fuyang__ch13,本轮未执行逐城史料检索、规格与渲染；不可视为已完成
city_jinhua,ch13,qing_middle,ch11,secondary,pending,history/city_jinhua__qing_middle.md,city_jinhua__ch13.yaml,assets/default/town/city_jinhua__ch13,本轮未执行逐城史料检索、规格与渲染；不可视为已完成
city_quzhou,ch13,qing_middle,ch11,secondary,pending,history/city_quzhou__qing_middle.md,city_quzhou__ch13.yaml,assets/default/town/city_quzhou__ch13,本轮未执行逐城史料检索、规格与渲染；不可视为已完成
city_huzhou,ch13,qing_middle,ch11,secondary,pending,history/city_huzhou__qing_middle.md,city_huzhou__ch13.yaml,assets/default/town/city_huzhou__ch13,本轮未执行逐城史料检索、规格与渲染；不可视为已完成
city_changzhou,ch13,qing_middle,ch11,secondary,pending,history/city_changzhou__qing_middle.md,city_changzhou__ch13.yaml,assets/default/town/city_changzhou__ch13,本轮未执行逐城史料检索、规格与渲染；不可视为已完成
city_wuyishan,ch13,qing_middle,ch11,secondary,pending,history/city_wuyishan__qing_middle.md,city_wuyishan__ch13.yaml,assets/default/town/city_wuyishan__ch13,本轮未执行逐城史料检索、规格与渲染；不可视为已完成
city_shangrao,ch13,qing_middle,ch11,secondary,pending,history/city_shangrao__qing_middle.md,city_shangrao__ch13.yaml,assets/default/town/city_shangrao__ch13,本轮未执行逐城史料检索、规格与渲染；不可视为已完成
city_chenzhou,ch13,qing_middle,ch11,secondary,pending,history/city_chenzhou__qing_middle.md,city_chenzhou__ch13.yaml,assets/default/town/city_chenzhou__ch13,本轮未执行逐城史料检索、规格与渲染；不可视为已完成
city_enshi,ch13,qing_middle,ch11,secondary,pending,history/city_enshi__qing_middle.md,city_enshi__ch13.yaml,assets/default/town/city_enshi__ch13,本轮未执行逐城史料检索、规格与渲染；不可视为已完成
city_chenzhou_yuanling,ch13,qing_middle,ch11,secondary,pending,history/city_chenzhou_yuanling__qing_middle.md,city_chenzhou_yuanling__ch13.yaml,assets/default/town/city_chenzhou_yuanling__ch13,本轮未执行逐城史料检索、规格与渲染；不可视为已完成
city_jingmen,ch13,qing_middle,ch11,secondary,pending,history/city_jingmen__qing_middle.md,city_jingmen__ch13.yaml,assets/default/town/city_jingmen__ch13,本轮未执行逐城史料检索、规格与渲染；不可视为已完成
city_shaoguan,ch13,qing_middle,ch11,secondary,pending,history/city_shaoguan__qing_middle.md,city_shaoguan__ch13.yaml,assets/default/town/city_shaoguan__ch13,本轮未执行逐城史料检索、规格与渲染；不可视为已完成
city_sanya,ch13,qing_middle,ch11,secondary,pending,history/city_sanya__qing_middle.md,city_sanya__ch13.yaml,assets/default/town/city_sanya__ch13,本轮未执行逐城史料检索、规格与渲染；不可视为已完成
city_meishan,ch13,qing_middle,ch11,secondary,pending,history/city_meishan__qing_middle.md,city_meishan__ch13.yaml,assets/default/town/city_meishan__ch13,本轮未执行逐城史料检索、规格与渲染；不可视为已完成
city_yaan,ch13,qing_middle,ch11,secondary,pending,history/city_yaan__qing_middle.md,city_yaan__ch13.yaml,assets/default/town/city_yaan__ch13,本轮未执行逐城史料检索、规格与渲染；不可视为已完成
city_dazhou,ch13,qing_middle,ch11,secondary,pending,history/city_dazhou__qing_middle.md,city_dazhou__ch13.yaml,assets/default/town/city_dazhou__ch13,本轮未执行逐城史料检索、规格与渲染；不可视为已完成
city_bazhong,ch13,qing_middle,ch11,secondary,pending,history/city_bazhong__qing_middle.md,city_bazhong__ch13.yaml,assets/default/town/city_bazhong__ch13,本轮未执行逐城史料检索、规格与渲染；不可视为已完成
city_langzhong,ch13,qing_middle,ch11,secondary,pending,history/city_langzhong__qing_middle.md,city_langzhong__ch13.yaml,assets/default/town/city_langzhong__ch13,本轮未执行逐城史料检索、规格与渲染；不可视为已完成
city_zunyi,ch13,qing_middle,ch11,secondary,pending,history/city_zunyi__qing_middle.md,city_zunyi__ch13.yaml,assets/default/town/city_zunyi__ch13,本轮未执行逐城史料检索、规格与渲染；不可视为已完成
city_jinghong,ch13,qing_middle,ch11,secondary,pending,history/city_jinghong__qing_middle.md,city_jinghong__ch13.yaml,assets/default/town/city_jinghong__ch13,本轮未执行逐城史料检索、规格与渲染；不可视为已完成
city_gyantse,ch13,qing_middle,ch11,secondary,pending,history/city_gyantse__qing_middle.md,city_gyantse__ch13.yaml,assets/default/town/city_gyantse__ch13,本轮未执行逐城史料检索、规格与渲染；不可视为已完成
city_yushu,ch13,qing_middle,ch11,secondary,pending,history/city_yushu__qing_middle.md,city_yushu__ch13.yaml,assets/default/town/city_yushu__ch13,本轮未执行逐城史料检索、规格与渲染；不可视为已完成
city_altay,ch13,qing_middle,ch11,secondary,pending,history/city_altay__qing_middle.md,city_altay__ch13.yaml,assets/default/town/city_altay__ch13,本轮未执行逐城史料检索、规格与渲染；不可视为已完成
city_xingcheng,ch13,qing_middle,ch11,secondary,pending,history/city_xingcheng__qing_middle.md,city_xingcheng__ch13.yaml,assets/default/town/city_xingcheng__ch13,本轮未执行逐城史料检索、规格与渲染；不可视为已完成
city_mohe,ch13,qing_middle,ch11,secondary,pending,history/city_mohe__qing_middle.md,city_mohe__ch13.yaml,assets/default/town/city_mohe__ch13,本轮未执行逐城史料检索、规格与渲染；不可视为已完成
city_baotou,ch13,qing_middle,ch11,secondary,pending,history/city_baotou__qing_middle.md,city_baotou__ch13.yaml,assets/default/town/city_baotou__ch13,本轮未执行逐城史料检索、规格与渲染；不可视为已完成
city_kaohsiung,ch13,qing_middle,ch11,secondary,pending,history/city_kaohsiung__qing_middle.md,city_kaohsiung__ch13.yaml,assets/default/town/city_kaohsiung__ch13,本轮未执行逐城史料检索、规格与渲染；不可视为已完成
city_khotan_kunlun,ch13,qing_middle,ch11,site,pending,history/city_khotan_kunlun__qing_middle.md,city_khotan_kunlun__ch13.yaml,assets/default/town/city_khotan_kunlun__ch13,本轮未执行逐城史料检索、规格与渲染；不可视为已完成
city_taohuadao,ch13,qing_middle,ch11,site,pending,history/city_taohuadao__qing_middle.md,city_taohuadao__ch13.yaml,assets/default/town/city_taohuadao__ch13,本轮未执行逐城史料检索、规格与渲染；不可视为已完成
city_beijing,ch14,qing_middle,ch11,capital,pending,history/city_beijing__qing_middle.md,city_beijing__ch14.yaml,assets/default/town/city_beijing__ch14,本轮未执行逐城史料检索、规格与渲染；不可视为已完成
city_kaifeng,ch14,qing_middle,ch11,capital,pending,history/city_kaifeng__qing_middle.md,city_kaifeng__ch14.yaml,assets/default/town/city_kaifeng__ch14,本轮未执行逐城史料检索、规格与渲染；不可视为已完成
city_luoyang,ch14,qing_middle,ch11,capital,pending,history/city_luoyang__qing_middle.md,city_luoyang__ch14.yaml,assets/default/town/city_luoyang__ch14,本轮未执行逐城史料检索、规格与渲染；不可视为已完成
city_datong,ch14,qing_middle,ch11,capital,pending,history/city_datong__qing_middle.md,city_datong__ch14.yaml,assets/default/town/city_datong__ch14,本轮未执行逐城史料检索、规格与渲染；不可视为已完成
city_nanjing,ch14,qing_middle,ch11,capital,pending,history/city_nanjing__qing_middle.md,city_nanjing__ch14.yaml,assets/default/town/city_nanjing__ch14,本轮未执行逐城史料检索、规格与渲染；不可视为已完成
city_hangzhou,ch14,qing_middle,ch11,capital,pending,history/city_hangzhou__qing_middle.md,city_hangzhou__ch14.yaml,assets/default/town/city_hangzhou__ch14,本轮未执行逐城史料检索、规格与渲染；不可视为已完成
city_kunming,ch14,qing_middle,ch11,capital,pending,history/city_kunming__qing_middle.md,city_kunming__ch14.yaml,assets/default/town/city_kunming__ch14,本轮未执行逐城史料检索、规格与渲染；不可视为已完成
city_dali,ch14,qing_middle,ch11,capital,pending,history/city_dali__qing_middle.md,city_dali__ch14.yaml,assets/default/town/city_dali__ch14,本轮未执行逐城史料检索、规格与渲染；不可视为已完成
city_lhasa,ch14,qing_middle,ch11,capital,pending,history/city_lhasa__qing_middle.md,city_lhasa__ch14.yaml,assets/default/town/city_lhasa__ch14,本轮未执行逐城史料检索、规格与渲染；不可视为已完成
city_yinchuan,ch14,qing_middle,ch11,capital,pending,history/city_yinchuan__qing_middle.md,city_yinchuan__ch14.yaml,assets/default/town/city_yinchuan__ch14,本轮未执行逐城史料检索、规格与渲染；不可视为已完成
city_kashgar,ch14,qing_middle,ch11,capital,pending,history/city_kashgar__qing_middle.md,city_kashgar__ch14.yaml,assets/default/town/city_kashgar__ch14,本轮未执行逐城史料检索、规格与渲染；不可视为已完成
city_shenyang,ch14,qing_middle,ch11,capital,pending,history/city_shenyang__qing_middle.md,city_shenyang__ch14.yaml,assets/default/town/city_shenyang__ch14,本轮未执行逐城史料检索、规格与渲染；不可视为已完成
city_acheng,ch14,qing_middle,ch11,capital,pending,history/city_acheng__qing_middle.md,city_acheng__ch14.yaml,assets/default/town/city_acheng__ch14,本轮未执行逐城史料检索、规格与渲染；不可视为已完成
city_tainan,ch14,qing_middle,ch11,capital,pending,history/city_tainan__qing_middle.md,city_tainan__ch14.yaml,assets/default/town/city_tainan__ch14,本轮未执行逐城史料检索、规格与渲染；不可视为已完成
city_tianjin,ch14,qing_middle,ch11,major,pending,history/city_tianjin__qing_middle.md,city_tianjin__ch14.yaml,assets/default/town/city_tianjin__ch14,本轮未执行逐城史料检索、规格与渲染；不可视为已完成
city_baoding,ch14,qing_middle,ch11,major,pending,history/city_baoding__qing_middle.md,city_baoding__ch14.yaml,assets/default/town/city_baoding__ch14,本轮未执行逐城史料检索、规格与渲染；不可视为已完成
city_zhengding,ch14,qing_middle,ch11,major,pending,history/city_zhengding__qing_middle.md,city_zhengding__ch14.yaml,assets/default/town/city_zhengding__ch14,本轮未执行逐城史料检索、规格与渲染；不可视为已完成
city_cangzhou,ch14,qing_middle,ch11,major,pending,history/city_cangzhou__qing_middle.md,city_cangzhou__ch14.yaml,assets/default/town/city_cangzhou__ch14,本轮未执行逐城史料检索、规格与渲染；不可视为已完成
city_chengde,ch14,qing_middle,ch11,major,pending,history/city_chengde__qing_middle.md,city_chengde__ch14.yaml,assets/default/town/city_chengde__ch14,本轮未执行逐城史料检索、规格与渲染；不可视为已完成
city_zhangjiakou,ch14,qing_middle,ch11,major,pending,history/city_zhangjiakou__qing_middle.md,city_zhangjiakou__ch14.yaml,assets/default/town/city_zhangjiakou__ch14,本轮未执行逐城史料检索、规格与渲染；不可视为已完成
city_shanhaiguan,ch14,qing_middle,ch11,major,pending,history/city_shanhaiguan__qing_middle.md,city_shanhaiguan__ch14.yaml,assets/default/town/city_shanhaiguan__ch14,本轮未执行逐城史料检索、规格与渲染；不可视为已完成
city_zhengzhou,ch14,qing_middle,ch11,major,pending,history/city_zhengzhou__qing_middle.md,city_zhengzhou__ch14.yaml,assets/default/town/city_zhengzhou__ch14,本轮未执行逐城史料检索、规格与渲染；不可视为已完成
city_dengfeng,ch14,qing_middle,ch11,major,pending,history/city_dengfeng__qing_middle.md,city_dengfeng__ch14.yaml,assets/default/town/city_dengfeng__ch14,本轮未执行逐城史料检索、规格与渲染；不可视为已完成
city_anyang,ch14,qing_middle,ch11,major,pending,history/city_anyang__qing_middle.md,city_anyang__ch14.yaml,assets/default/town/city_anyang__ch14,本轮未执行逐城史料检索、规格与渲染；不可视为已完成
city_shangqiu,ch14,qing_middle,ch11,major,pending,history/city_shangqiu__qing_middle.md,city_shangqiu__ch14.yaml,assets/default/town/city_shangqiu__ch14,本轮未执行逐城史料检索、规格与渲染；不可视为已完成
city_nanyang,ch14,qing_middle,ch11,major,pending,history/city_nanyang__qing_middle.md,city_nanyang__ch14.yaml,assets/default/town/city_nanyang__ch14,本轮未执行逐城史料检索、规格与渲染；不可视为已完成
city_xinyang,ch14,qing_middle,ch11,major,pending,history/city_xinyang__qing_middle.md,city_xinyang__ch14.yaml,assets/default/town/city_xinyang__ch14,本轮未执行逐城史料检索、规格与渲染；不可视为已完成
city_xian,ch14,qing_middle,ch11,major,pending,history/city_xian__qing_middle.md,city_xian__ch14.yaml,assets/default/town/city_xian__ch14,本轮未执行逐城史料检索、规格与渲染；不可视为已完成
city_huayin,ch14,qing_middle,ch11,major,pending,history/city_huayin__qing_middle.md,city_huayin__ch14.yaml,assets/default/town/city_huayin__ch14,本轮未执行逐城史料检索、规格与渲染；不可视为已完成
city_baoji,ch14,qing_middle,ch11,major,pending,history/city_baoji__qing_middle.md,city_baoji__ch14.yaml,assets/default/town/city_baoji__ch14,本轮未执行逐城史料检索、规格与渲染；不可视为已完成
city_hanzhong,ch14,qing_middle,ch11,major,pending,history/city_hanzhong__qing_middle.md,city_hanzhong__ch14.yaml,assets/default/town/city_hanzhong__ch14,本轮未执行逐城史料检索、规格与渲染；不可视为已完成
city_yanan,ch14,qing_middle,ch11,major,pending,history/city_yanan__qing_middle.md,city_yanan__ch14.yaml,assets/default/town/city_yanan__ch14,本轮未执行逐城史料检索、规格与渲染；不可视为已完成
city_yulin,ch14,qing_middle,ch11,major,pending,history/city_yulin__qing_middle.md,city_yulin__ch14.yaml,assets/default/town/city_yulin__ch14,本轮未执行逐城史料检索、规格与渲染；不可视为已完成
city_taiyuan,ch14,qing_middle,ch11,major,pending,history/city_taiyuan__qing_middle.md,city_taiyuan__ch14.yaml,assets/default/town/city_taiyuan__ch14,本轮未执行逐城史料检索、规格与渲染；不可视为已完成
city_yuncheng,ch14,qing_middle,ch11,major,pending,history/city_yuncheng__qing_middle.md,city_yuncheng__ch14.yaml,assets/default/town/city_yuncheng__ch14,本轮未执行逐城史料检索、规格与渲染；不可视为已完成
city_linfen,ch14,qing_middle,ch11,major,pending,history/city_linfen__qing_middle.md,city_linfen__ch14.yaml,assets/default/town/city_linfen__ch14,本轮未执行逐城史料检索、规格与渲染；不可视为已完成
city_changzhi,ch14,qing_middle,ch11,major,pending,history/city_changzhi__qing_middle.md,city_changzhi__ch14.yaml,assets/default/town/city_changzhi__ch14,本轮未执行逐城史料检索、规格与渲染；不可视为已完成
city_shuozhou,ch14,qing_middle,ch11,major,pending,history/city_shuozhou__qing_middle.md,city_shuozhou__ch14.yaml,assets/default/town/city_shuozhou__ch14,本轮未执行逐城史料检索、规格与渲染；不可视为已完成
city_jinan,ch14,qing_middle,ch11,major,pending,history/city_jinan__qing_middle.md,city_jinan__ch14.yaml,assets/default/town/city_jinan__ch14,本轮未执行逐城史料检索、规格与渲染；不可视为已完成
city_qufu,ch14,qing_middle,ch11,major,pending,history/city_qufu__qing_middle.md,city_qufu__ch14.yaml,assets/default/town/city_qufu__ch14,本轮未执行逐城史料检索、规格与渲染；不可视为已完成
city_taian,ch14,qing_middle,ch11,major,pending,history/city_taian__qing_middle.md,city_taian__ch14.yaml,assets/default/town/city_taian__ch14,本轮未执行逐城史料检索、规格与渲染；不可视为已完成
city_qingzhou,ch14,qing_middle,ch11,major,pending,history/city_qingzhou__qing_middle.md,city_qingzhou__ch14.yaml,assets/default/town/city_qingzhou__ch14,本轮未执行逐城史料检索、规格与渲染；不可视为已完成
city_dezhou,ch14,qing_middle,ch11,major,pending,history/city_dezhou__qing_middle.md,city_dezhou__ch14.yaml,assets/default/town/city_dezhou__ch14,本轮未执行逐城史料检索、规格与渲染；不可视为已完成
city_yantai,ch14,qing_middle,ch11,major,pending,history/city_yantai__qing_middle.md,city_yantai__ch14.yaml,assets/default/town/city_yantai__ch14,本轮未执行逐城史料检索、规格与渲染；不可视为已完成
city_penglai,ch14,qing_middle,ch11,major,pending,history/city_penglai__qing_middle.md,city_penglai__ch14.yaml,assets/default/town/city_penglai__ch14,本轮未执行逐城史料检索、规格与渲染；不可视为已完成
city_yangzhou,ch14,qing_middle,ch11,major,pending,history/city_yangzhou__qing_middle.md,city_yangzhou__ch14.yaml,assets/default/town/city_yangzhou__ch14,本轮未执行逐城史料检索、规格与渲染；不可视为已完成
city_zhenjiang,ch14,qing_middle,ch11,major,pending,history/city_zhenjiang__qing_middle.md,city_zhenjiang__ch14.yaml,assets/default/town/city_zhenjiang__ch14,本轮未执行逐城史料检索、规格与渲染；不可视为已完成
city_xuzhou,ch14,qing_middle,ch11,major,pending,history/city_xuzhou__qing_middle.md,city_xuzhou__ch14.yaml,assets/default/town/city_xuzhou__ch14,本轮未执行逐城史料检索、规格与渲染；不可视为已完成
city_hefei,ch14,qing_middle,ch11,major,pending,history/city_hefei__qing_middle.md,city_hefei__ch14.yaml,assets/default/town/city_hefei__ch14,本轮未执行逐城史料检索、规格与渲染；不可视为已完成
city_anqing,ch14,qing_middle,ch11,major,pending,history/city_anqing__qing_middle.md,city_anqing__ch14.yaml,assets/default/town/city_anqing__ch14,本轮未执行逐城史料检索、规格与渲染；不可视为已完成
city_wuhu,ch14,qing_middle,ch11,major,pending,history/city_wuhu__qing_middle.md,city_wuhu__ch14.yaml,assets/default/town/city_wuhu__ch14,本轮未执行逐城史料检索、规格与渲染；不可视为已完成
city_huangshan,ch14,qing_middle,ch11,major,pending,history/city_huangshan__qing_middle.md,city_huangshan__ch14.yaml,assets/default/town/city_huangshan__ch14,本轮未执行逐城史料检索、规格与渲染；不可视为已完成
city_suzhou,ch14,qing_middle,ch11,major,pending,history/city_suzhou__qing_middle.md,city_suzhou__ch14.yaml,assets/default/town/city_suzhou__ch14,本轮未执行逐城史料检索、规格与渲染；不可视为已完成
city_wuxi,ch14,qing_middle,ch11,major,pending,history/city_wuxi__qing_middle.md,city_wuxi__ch14.yaml,assets/default/town/city_wuxi__ch14,本轮未执行逐城史料检索、规格与渲染；不可视为已完成
city_jiaxing,ch14,qing_middle,ch11,major,pending,history/city_jiaxing__qing_middle.md,city_jiaxing__ch14.yaml,assets/default/town/city_jiaxing__ch14,本轮未执行逐城史料检索、规格与渲染；不可视为已完成
city_shaoxing,ch14,qing_middle,ch11,major,pending,history/city_shaoxing__qing_middle.md,city_shaoxing__ch14.yaml,assets/default/town/city_shaoxing__ch14,本轮未执行逐城史料检索、规格与渲染；不可视为已完成
city_ningbo,ch14,qing_middle,ch11,major,pending,history/city_ningbo__qing_middle.md,city_ningbo__ch14.yaml,assets/default/town/city_ningbo__ch14,本轮未执行逐城史料检索、规格与渲染；不可视为已完成
city_zhoushan,ch14,qing_middle,ch11,major,pending,history/city_zhoushan__qing_middle.md,city_zhoushan__ch14.yaml,assets/default/town/city_zhoushan__ch14,本轮未执行逐城史料检索、规格与渲染；不可视为已完成
city_wenzhou,ch14,qing_middle,ch11,major,pending,history/city_wenzhou__qing_middle.md,city_wenzhou__ch14.yaml,assets/default/town/city_wenzhou__ch14,本轮未执行逐城史料检索、规格与渲染；不可视为已完成
city_fuzhou,ch14,qing_middle,ch11,major,pending,history/city_fuzhou__qing_middle.md,city_fuzhou__ch14.yaml,assets/default/town/city_fuzhou__ch14,本轮未执行逐城史料检索、规格与渲染；不可视为已完成
city_quanzhou,ch14,qing_middle,ch11,major,pending,history/city_quanzhou__qing_middle.md,city_quanzhou__ch14.yaml,assets/default/town/city_quanzhou__ch14,本轮未执行逐城史料检索、规格与渲染；不可视为已完成
city_putian,ch14,qing_middle,ch11,major,pending,history/city_putian__qing_middle.md,city_putian__ch14.yaml,assets/default/town/city_putian__ch14,本轮未执行逐城史料检索、规格与渲染；不可视为已完成
city_xiamen,ch14,qing_middle,ch11,major,pending,history/city_xiamen__qing_middle.md,city_xiamen__ch14.yaml,assets/default/town/city_xiamen__ch14,本轮未执行逐城史料检索、规格与渲染；不可视为已完成
city_zhangzhou,ch14,qing_middle,ch11,major,pending,history/city_zhangzhou__qing_middle.md,city_zhangzhou__ch14.yaml,assets/default/town/city_zhangzhou__ch14,本轮未执行逐城史料检索、规格与渲染；不可视为已完成
city_nanchang,ch14,qing_middle,ch11,major,pending,history/city_nanchang__qing_middle.md,city_nanchang__ch14.yaml,assets/default/town/city_nanchang__ch14,本轮未执行逐城史料检索、规格与渲染；不可视为已完成
city_jiujiang,ch14,qing_middle,ch11,major,pending,history/city_jiujiang__qing_middle.md,city_jiujiang__ch14.yaml,assets/default/town/city_jiujiang__ch14,本轮未执行逐城史料检索、规格与渲染；不可视为已完成
city_ganzhou,ch14,qing_middle,ch11,major,pending,history/city_ganzhou__qing_middle.md,city_ganzhou__ch14.yaml,assets/default/town/city_ganzhou__ch14,本轮未执行逐城史料检索、规格与渲染；不可视为已完成
city_jingdezhen,ch14,qing_middle,ch11,major,pending,history/city_jingdezhen__qing_middle.md,city_jingdezhen__ch14.yaml,assets/default/town/city_jingdezhen__ch14,本轮未执行逐城史料检索、规格与渲染；不可视为已完成
city_wuhan,ch14,qing_middle,ch11,major,pending,history/city_wuhan__qing_middle.md,city_wuhan__ch14.yaml,assets/default/town/city_wuhan__ch14,本轮未执行逐城史料检索、规格与渲染；不可视为已完成
city_xiangyang,ch14,qing_middle,ch11,major,pending,history/city_xiangyang__qing_middle.md,city_xiangyang__ch14.yaml,assets/default/town/city_xiangyang__ch14,本轮未执行逐城史料检索、规格与渲染；不可视为已完成
city_jingzhou,ch14,qing_middle,ch11,major,pending,history/city_jingzhou__qing_middle.md,city_jingzhou__ch14.yaml,assets/default/town/city_jingzhou__ch14,本轮未执行逐城史料检索、规格与渲染；不可视为已完成
city_yueyang,ch14,qing_middle,ch11,major,pending,history/city_yueyang__qing_middle.md,city_yueyang__ch14.yaml,assets/default/town/city_yueyang__ch14,本轮未执行逐城史料检索、规格与渲染；不可视为已完成
city_changsha,ch14,qing_middle,ch11,major,pending,history/city_changsha__qing_middle.md,city_changsha__ch14.yaml,assets/default/town/city_changsha__ch14,本轮未执行逐城史料检索、规格与渲染；不可视为已完成
city_hengyang,ch14,qing_middle,ch11,major,pending,history/city_hengyang__qing_middle.md,city_hengyang__ch14.yaml,assets/default/town/city_hengyang__ch14,本轮未执行逐城史料检索、规格与渲染；不可视为已完成
city_shiyan,ch14,qing_middle,ch11,major,pending,history/city_shiyan__qing_middle.md,city_shiyan__ch14.yaml,assets/default/town/city_shiyan__ch14,本轮未执行逐城史料检索、规格与渲染；不可视为已完成
city_yichang,ch14,qing_middle,ch11,major,pending,history/city_yichang__qing_middle.md,city_yichang__ch14.yaml,assets/default/town/city_yichang__ch14,本轮未执行逐城史料检索、规格与渲染；不可视为已完成
city_guangzhou,ch14,qing_middle,ch11,major,pending,history/city_guangzhou__qing_middle.md,city_guangzhou__ch14.yaml,assets/default/town/city_guangzhou__ch14,本轮未执行逐城史料检索、规格与渲染；不可视为已完成
city_foshan,ch14,qing_middle,ch11,major,pending,history/city_foshan__qing_middle.md,city_foshan__ch14.yaml,assets/default/town/city_foshan__ch14,本轮未执行逐城史料检索、规格与渲染；不可视为已完成
city_zhaoqing,ch14,qing_middle,ch11,major,pending,history/city_zhaoqing__qing_middle.md,city_zhaoqing__ch14.yaml,assets/default/town/city_zhaoqing__ch14,本轮未执行逐城史料检索、规格与渲染；不可视为已完成
city_chaozhou,ch14,qing_middle,ch11,major,pending,history/city_chaozhou__qing_middle.md,city_chaozhou__ch14.yaml,assets/default/town/city_chaozhou__ch14,本轮未执行逐城史料检索、规格与渲染；不可视为已完成
city_guilin,ch14,qing_middle,ch11,major,pending,history/city_guilin__qing_middle.md,city_guilin__ch14.yaml,assets/default/town/city_guilin__ch14,本轮未执行逐城史料检索、规格与渲染；不可视为已完成
city_liuzhou,ch14,qing_middle,ch11,major,pending,history/city_liuzhou__qing_middle.md,city_liuzhou__ch14.yaml,assets/default/town/city_liuzhou__ch14,本轮未执行逐城史料检索、规格与渲染；不可视为已完成
city_nanning,ch14,qing_middle,ch11,major,pending,history/city_nanning__qing_middle.md,city_nanning__ch14.yaml,assets/default/town/city_nanning__ch14,本轮未执行逐城史料检索、规格与渲染；不可视为已完成
city_haikou,ch14,qing_middle,ch11,major,pending,history/city_haikou__qing_middle.md,city_haikou__ch14.yaml,assets/default/town/city_haikou__ch14,本轮未执行逐城史料检索、规格与渲染；不可视为已完成
city_chengdu,ch14,qing_middle,ch11,major,pending,history/city_chengdu__qing_middle.md,city_chengdu__ch14.yaml,assets/default/town/city_chengdu__ch14,本轮未执行逐城史料检索、规格与渲染；不可视为已完成
city_chongqing,ch14,qing_middle,ch11,major,pending,history/city_chongqing__qing_middle.md,city_chongqing__ch14.yaml,assets/default/town/city_chongqing__ch14,本轮未执行逐城史料检索、规格与渲染；不可视为已完成
city_dujiangyan,ch14,qing_middle,ch11,major,pending,history/city_dujiangyan__qing_middle.md,city_dujiangyan__ch14.yaml,assets/default/town/city_dujiangyan__ch14,本轮未执行逐城史料检索、规格与渲染；不可视为已完成
city_leshan,ch14,qing_middle,ch11,major,pending,history/city_leshan__qing_middle.md,city_leshan__ch14.yaml,assets/default/town/city_leshan__ch14,本轮未执行逐城史料检索、规格与渲染；不可视为已完成
city_fengjie,ch14,qing_middle,ch11,major,pending,history/city_fengjie__qing_middle.md,city_fengjie__ch14.yaml,assets/default/town/city_fengjie__ch14,本轮未执行逐城史料检索、规格与渲染；不可视为已完成
city_lijiang,ch14,qing_middle,ch11,major,pending,history/city_lijiang__qing_middle.md,city_lijiang__ch14.yaml,assets/default/town/city_lijiang__ch14,本轮未执行逐城史料检索、规格与渲染；不可视为已完成
city_baoshan,ch14,qing_middle,ch11,major,pending,history/city_baoshan__qing_middle.md,city_baoshan__ch14.yaml,assets/default/town/city_baoshan__ch14,本轮未执行逐城史料检索、规格与渲染；不可视为已完成
city_tengchong,ch14,qing_middle,ch11,major,pending,history/city_tengchong__qing_middle.md,city_tengchong__ch14.yaml,assets/default/town/city_tengchong__ch14,本轮未执行逐城史料检索、规格与渲染；不可视为已完成
city_qujing,ch14,qing_middle,ch11,major,pending,history/city_qujing__qing_middle.md,city_qujing__ch14.yaml,assets/default/town/city_qujing__ch14,本轮未执行逐城史料检索、规格与渲染；不可视为已完成
city_guiyang,ch14,qing_middle,ch11,major,pending,history/city_guiyang__qing_middle.md,city_guiyang__ch14.yaml,assets/default/town/city_guiyang__ch14,本轮未执行逐城史料检索、规格与渲染；不可视为已完成
city_shigatse,ch14,qing_middle,ch11,major,pending,history/city_shigatse__qing_middle.md,city_shigatse__ch14.yaml,assets/default/town/city_shigatse__ch14,本轮未执行逐城史料检索、规格与渲染；不可视为已完成
city_qamdo,ch14,qing_middle,ch11,major,pending,history/city_qamdo__qing_middle.md,city_qamdo__ch14.yaml,assets/default/town/city_qamdo__ch14,本轮未执行逐城史料检索、规格与渲染；不可视为已完成
city_ngari,ch14,qing_middle,ch11,major,pending,history/city_ngari__qing_middle.md,city_ngari__ch14.yaml,assets/default/town/city_ngari__ch14,本轮未执行逐城史料检索、规格与渲染；不可视为已完成
city_lanzhou,ch14,qing_middle,ch11,major,pending,history/city_lanzhou__qing_middle.md,city_lanzhou__ch14.yaml,assets/default/town/city_lanzhou__ch14,本轮未执行逐城史料检索、规格与渲染；不可视为已完成
city_tianshui,ch14,qing_middle,ch11,major,pending,history/city_tianshui__qing_middle.md,city_tianshui__ch14.yaml,assets/default/town/city_tianshui__ch14,本轮未执行逐城史料检索、规格与渲染；不可视为已完成
city_pingliang,ch14,qing_middle,ch11,major,pending,history/city_pingliang__qing_middle.md,city_pingliang__ch14.yaml,assets/default/town/city_pingliang__ch14,本轮未执行逐城史料检索、规格与渲染；不可视为已完成
city_wuwei,ch14,qing_middle,ch11,major,pending,history/city_wuwei__qing_middle.md,city_wuwei__ch14.yaml,assets/default/town/city_wuwei__ch14,本轮未执行逐城史料检索、规格与渲染；不可视为已完成
city_zhangye,ch14,qing_middle,ch11,major,pending,history/city_zhangye__qing_middle.md,city_zhangye__ch14.yaml,assets/default/town/city_zhangye__ch14,本轮未执行逐城史料检索、规格与渲染；不可视为已完成
city_jiuquan,ch14,qing_middle,ch11,major,pending,history/city_jiuquan__qing_middle.md,city_jiuquan__ch14.yaml,assets/default/town/city_jiuquan__ch14,本轮未执行逐城史料检索、规格与渲染；不可视为已完成
city_dunhuang,ch14,qing_middle,ch11,major,pending,history/city_dunhuang__qing_middle.md,city_dunhuang__ch14.yaml,assets/default/town/city_dunhuang__ch14,本轮未执行逐城史料检索、规格与渲染；不可视为已完成
city_zhongwei,ch14,qing_middle,ch11,major,pending,history/city_zhongwei__qing_middle.md,city_zhongwei__ch14.yaml,assets/default/town/city_zhongwei__ch14,本轮未执行逐城史料检索、规格与渲染；不可视为已完成
city_xining,ch14,qing_middle,ch11,major,pending,history/city_xining__qing_middle.md,city_xining__ch14.yaml,assets/default/town/city_xining__ch14,本轮未执行逐城史料检索、规格与渲染；不可视为已完成
city_hotan,ch14,qing_middle,ch11,major,pending,history/city_hotan__qing_middle.md,city_hotan__ch14.yaml,assets/default/town/city_hotan__ch14,本轮未执行逐城史料检索、规格与渲染；不可视为已完成
city_yarkand,ch14,qing_middle,ch11,major,pending,history/city_yarkand__qing_middle.md,city_yarkand__ch14.yaml,assets/default/town/city_yarkand__ch14,本轮未执行逐城史料检索、规格与渲染；不可视为已完成
city_aksu,ch14,qing_middle,ch11,major,pending,history/city_aksu__qing_middle.md,city_aksu__ch14.yaml,assets/default/town/city_aksu__ch14,本轮未执行逐城史料检索、规格与渲染；不可视为已完成
city_kuqa,ch14,qing_middle,ch11,major,pending,history/city_kuqa__qing_middle.md,city_kuqa__ch14.yaml,assets/default/town/city_kuqa__ch14,本轮未执行逐城史料检索、规格与渲染；不可视为已完成
city_korla,ch14,qing_middle,ch11,major,pending,history/city_korla__qing_middle.md,city_korla__ch14.yaml,assets/default/town/city_korla__ch14,本轮未执行逐城史料检索、规格与渲染；不可视为已完成
city_turpan,ch14,qing_middle,ch11,major,pending,history/city_turpan__qing_middle.md,city_turpan__ch14.yaml,assets/default/town/city_turpan__ch14,本轮未执行逐城史料检索、规格与渲染；不可视为已完成
city_hami,ch14,qing_middle,ch11,major,pending,history/city_hami__qing_middle.md,city_hami__ch14.yaml,assets/default/town/city_hami__ch14,本轮未执行逐城史料检索、规格与渲染；不可视为已完成
city_urumqi,ch14,qing_middle,ch13,major,pending,history/city_urumqi__qing_middle.md,city_urumqi__ch14.yaml,assets/default/town/city_urumqi__ch14,本轮未执行逐城史料检索、规格与渲染；不可视为已完成
city_yining,ch14,qing_middle,ch11,major,pending,history/city_yining__qing_middle.md,city_yining__ch14.yaml,assets/default/town/city_yining__ch14,本轮未执行逐城史料检索、规格与渲染；不可视为已完成
city_liaoyang,ch14,qing_middle,ch11,major,pending,history/city_liaoyang__qing_middle.md,city_liaoyang__ch14.yaml,assets/default/town/city_liaoyang__ch14,本轮未执行逐城史料检索、规格与渲染；不可视为已完成
city_jinzhou,ch14,qing_middle,ch11,major,pending,history/city_jinzhou__qing_middle.md,city_jinzhou__ch14.yaml,assets/default/town/city_jinzhou__ch14,本轮未执行逐城史料检索、规格与渲染；不可视为已完成
city_dandong,ch14,qing_middle,ch11,major,pending,history/city_dandong__qing_middle.md,city_dandong__ch14.yaml,assets/default/town/city_dandong__ch14,本轮未执行逐城史料检索、规格与渲染；不可视为已完成
city_yingkou,ch14,qing_middle,ch11,major,pending,history/city_yingkou__qing_middle.md,city_yingkou__ch14.yaml,assets/default/town/city_yingkou__ch14,本轮未执行逐城史料检索、规格与渲染；不可视为已完成
city_jilin,ch14,qing_middle,ch11,major,pending,history/city_jilin__qing_middle.md,city_jilin__ch14.yaml,assets/default/town/city_jilin__ch14,本轮未执行逐城史料检索、规格与渲染；不可视为已完成
city_ningan,ch14,qing_middle,ch11,major,pending,history/city_ningan__qing_middle.md,city_ningan__ch14.yaml,assets/default/town/city_ningan__ch14,本轮未执行逐城史料检索、规格与渲染；不可视为已完成
city_qiqihar,ch14,qing_middle,ch11,major,pending,history/city_qiqihar__qing_middle.md,city_qiqihar__ch14.yaml,assets/default/town/city_qiqihar__ch14,本轮未执行逐城史料检索、规格与渲染；不可视为已完成
city_heihe,ch14,qing_middle,ch11,major,pending,history/city_heihe__qing_middle.md,city_heihe__ch14.yaml,assets/default/town/city_heihe__ch14,本轮未执行逐城史料检索、规格与渲染；不可视为已完成
city_chifeng,ch14,qing_middle,ch11,major,pending,history/city_chifeng__qing_middle.md,city_chifeng__ch14.yaml,assets/default/town/city_chifeng__ch14,本轮未执行逐城史料检索、规格与渲染；不可视为已完成
city_hohhot,ch14,qing_middle,ch11,major,pending,history/city_hohhot__qing_middle.md,city_hohhot__ch14.yaml,assets/default/town/city_hohhot__ch14,本轮未执行逐城史料检索、规格与渲染；不可视为已完成
city_ordos,ch14,qing_middle,ch11,major,pending,history/city_ordos__qing_middle.md,city_ordos__ch14.yaml,assets/default/town/city_ordos__ch14,本轮未执行逐城史料检索、规格与渲染；不可视为已完成
city_xilinhot,ch14,qing_middle,ch11,major,pending,history/city_xilinhot__qing_middle.md,city_xilinhot__ch14.yaml,assets/default/town/city_xilinhot__ch14,本轮未执行逐城史料检索、规格与渲染；不可视为已完成
city_taipei,ch14,qing_middle,ch11,major,pending,history/city_taipei__qing_middle.md,city_taipei__ch14.yaml,assets/default/town/city_taipei__ch14,本轮未执行逐城史料检索、规格与渲染；不可视为已完成
city_penghu,ch14,qing_middle,ch11,major,pending,history/city_penghu__qing_middle.md,city_penghu__ch14.yaml,assets/default/town/city_penghu__ch14,本轮未执行逐城史料检索、规格与渲染；不可视为已完成
city_hejian,ch14,qing_middle,ch11,secondary,pending,history/city_hejian__qing_middle.md,city_hejian__ch14.yaml,assets/default/town/city_hejian__ch14,本轮未执行逐城史料检索、规格与渲染；不可视为已完成
city_qinhuangdao,ch14,qing_middle,ch11,secondary,pending,history/city_qinhuangdao__qing_middle.md,city_qinhuangdao__ch14.yaml,assets/default/town/city_qinhuangdao__ch14,本轮未执行逐城史料检索、规格与渲染；不可视为已完成
city_tangshan,ch14,qing_middle,ch11,secondary,pending,history/city_tangshan__qing_middle.md,city_tangshan__ch14.yaml,assets/default/town/city_tangshan__ch14,本轮未执行逐城史料检索、规格与渲染；不可视为已完成
city_xinxiang,ch14,qing_middle,ch11,secondary,pending,history/city_xinxiang__qing_middle.md,city_xinxiang__ch14.yaml,assets/default/town/city_xinxiang__ch14,本轮未执行逐城史料检索、规格与渲染；不可视为已完成
city_jiaozuo,ch14,qing_middle,ch11,secondary,pending,history/city_jiaozuo__qing_middle.md,city_jiaozuo__ch14.yaml,assets/default/town/city_jiaozuo__ch14,本轮未执行逐城史料检索、规格与渲染；不可视为已完成
city_xuchang,ch14,qing_middle,ch11,secondary,pending,history/city_xuchang__qing_middle.md,city_xuchang__ch14.yaml,assets/default/town/city_xuchang__ch14,本轮未执行逐城史料检索、规格与渲染；不可视为已完成
city_pingdingshan,ch14,qing_middle,ch11,secondary,pending,history/city_pingdingshan__qing_middle.md,city_pingdingshan__ch14.yaml,assets/default/town/city_pingdingshan__ch14,本轮未执行逐城史料检索、规格与渲染；不可视为已完成
city_xianyang,ch14,qing_middle,ch11,secondary,pending,history/city_xianyang__qing_middle.md,city_xianyang__ch14.yaml,assets/default/town/city_xianyang__ch14,本轮未执行逐城史料检索、规格与渲染；不可视为已完成
city_weinan,ch14,qing_middle,ch11,secondary,pending,history/city_weinan__qing_middle.md,city_weinan__ch14.yaml,assets/default/town/city_weinan__ch14,本轮未执行逐城史料检索、规格与渲染；不可视为已完成
city_ankang,ch14,qing_middle,ch11,secondary,pending,history/city_ankang__qing_middle.md,city_ankang__ch14.yaml,assets/default/town/city_ankang__ch14,本轮未执行逐城史料检索、规格与渲染；不可视为已完成
city_shangluo,ch14,qing_middle,ch11,secondary,pending,history/city_shangluo__qing_middle.md,city_shangluo__ch14.yaml,assets/default/town/city_shangluo__ch14,本轮未执行逐城史料检索、规格与渲染；不可视为已完成
city_pingyao,ch14,qing_middle,ch11,secondary,pending,history/city_pingyao__qing_middle.md,city_pingyao__ch14.yaml,assets/default/town/city_pingyao__ch14,本轮未执行逐城史料检索、规格与渲染；不可视为已完成
city_xinzhou,ch14,qing_middle,ch11,secondary,pending,history/city_xinzhou__qing_middle.md,city_xinzhou__ch14.yaml,assets/default/town/city_xinzhou__ch14,本轮未执行逐城史料检索、规格与渲染；不可视为已完成
city_jincheng,ch14,qing_middle,ch11,secondary,pending,history/city_jincheng__qing_middle.md,city_jincheng__ch14.yaml,assets/default/town/city_jincheng__ch14,本轮未执行逐城史料检索、规格与渲染；不可视为已完成
city_liaocheng,ch14,qing_middle,ch11,secondary,pending,history/city_liaocheng__qing_middle.md,city_liaocheng__ch14.yaml,assets/default/town/city_liaocheng__ch14,本轮未执行逐城史料检索、规格与渲染；不可视为已完成
city_linyi,ch14,qing_middle,ch11,secondary,pending,history/city_linyi__qing_middle.md,city_linyi__ch14.yaml,assets/default/town/city_linyi__ch14,本轮未执行逐城史料检索、规格与渲染；不可视为已完成
city_weihai,ch14,qing_middle,ch11,secondary,pending,history/city_weihai__qing_middle.md,city_weihai__ch14.yaml,assets/default/town/city_weihai__ch14,本轮未执行逐城史料检索、规格与渲染；不可视为已完成
city_zibo,ch14,qing_middle,ch11,secondary,pending,history/city_zibo__qing_middle.md,city_zibo__ch14.yaml,assets/default/town/city_zibo__ch14,本轮未执行逐城史料检索、规格与渲染；不可视为已完成
city_dongping,ch14,qing_middle,ch11,secondary,pending,history/city_dongping__qing_middle.md,city_dongping__ch14.yaml,assets/default/town/city_dongping__ch14,本轮未执行逐城史料检索、规格与渲染；不可视为已完成
city_lianyungang,ch14,qing_middle,ch11,secondary,pending,history/city_lianyungang__qing_middle.md,city_lianyungang__ch14.yaml,assets/default/town/city_lianyungang__ch14,本轮未执行逐城史料检索、规格与渲染；不可视为已完成
city_fuyang,ch14,qing_middle,ch11,secondary,pending,history/city_fuyang__qing_middle.md,city_fuyang__ch14.yaml,assets/default/town/city_fuyang__ch14,本轮未执行逐城史料检索、规格与渲染；不可视为已完成
city_jinhua,ch14,qing_middle,ch11,secondary,pending,history/city_jinhua__qing_middle.md,city_jinhua__ch14.yaml,assets/default/town/city_jinhua__ch14,本轮未执行逐城史料检索、规格与渲染；不可视为已完成
city_quzhou,ch14,qing_middle,ch11,secondary,pending,history/city_quzhou__qing_middle.md,city_quzhou__ch14.yaml,assets/default/town/city_quzhou__ch14,本轮未执行逐城史料检索、规格与渲染；不可视为已完成
city_huzhou,ch14,qing_middle,ch11,secondary,pending,history/city_huzhou__qing_middle.md,city_huzhou__ch14.yaml,assets/default/town/city_huzhou__ch14,本轮未执行逐城史料检索、规格与渲染；不可视为已完成
city_changzhou,ch14,qing_middle,ch11,secondary,pending,history/city_changzhou__qing_middle.md,city_changzhou__ch14.yaml,assets/default/town/city_changzhou__ch14,本轮未执行逐城史料检索、规格与渲染；不可视为已完成
city_wuyishan,ch14,qing_middle,ch11,secondary,pending,history/city_wuyishan__qing_middle.md,city_wuyishan__ch14.yaml,assets/default/town/city_wuyishan__ch14,本轮未执行逐城史料检索、规格与渲染；不可视为已完成
city_shangrao,ch14,qing_middle,ch11,secondary,pending,history/city_shangrao__qing_middle.md,city_shangrao__ch14.yaml,assets/default/town/city_shangrao__ch14,本轮未执行逐城史料检索、规格与渲染；不可视为已完成
city_chenzhou,ch14,qing_middle,ch11,secondary,pending,history/city_chenzhou__qing_middle.md,city_chenzhou__ch14.yaml,assets/default/town/city_chenzhou__ch14,本轮未执行逐城史料检索、规格与渲染；不可视为已完成
city_enshi,ch14,qing_middle,ch11,secondary,pending,history/city_enshi__qing_middle.md,city_enshi__ch14.yaml,assets/default/town/city_enshi__ch14,本轮未执行逐城史料检索、规格与渲染；不可视为已完成
city_chenzhou_yuanling,ch14,qing_middle,ch11,secondary,pending,history/city_chenzhou_yuanling__qing_middle.md,city_chenzhou_yuanling__ch14.yaml,assets/default/town/city_chenzhou_yuanling__ch14,本轮未执行逐城史料检索、规格与渲染；不可视为已完成
city_jingmen,ch14,qing_middle,ch11,secondary,pending,history/city_jingmen__qing_middle.md,city_jingmen__ch14.yaml,assets/default/town/city_jingmen__ch14,本轮未执行逐城史料检索、规格与渲染；不可视为已完成
city_shaoguan,ch14,qing_middle,ch11,secondary,pending,history/city_shaoguan__qing_middle.md,city_shaoguan__ch14.yaml,assets/default/town/city_shaoguan__ch14,本轮未执行逐城史料检索、规格与渲染；不可视为已完成
city_sanya,ch14,qing_middle,ch11,secondary,pending,history/city_sanya__qing_middle.md,city_sanya__ch14.yaml,assets/default/town/city_sanya__ch14,本轮未执行逐城史料检索、规格与渲染；不可视为已完成
city_meishan,ch14,qing_middle,ch11,secondary,pending,history/city_meishan__qing_middle.md,city_meishan__ch14.yaml,assets/default/town/city_meishan__ch14,本轮未执行逐城史料检索、规格与渲染；不可视为已完成
city_yaan,ch14,qing_middle,ch11,secondary,pending,history/city_yaan__qing_middle.md,city_yaan__ch14.yaml,assets/default/town/city_yaan__ch14,本轮未执行逐城史料检索、规格与渲染；不可视为已完成
city_dazhou,ch14,qing_middle,ch11,secondary,pending,history/city_dazhou__qing_middle.md,city_dazhou__ch14.yaml,assets/default/town/city_dazhou__ch14,本轮未执行逐城史料检索、规格与渲染；不可视为已完成
city_bazhong,ch14,qing_middle,ch11,secondary,pending,history/city_bazhong__qing_middle.md,city_bazhong__ch14.yaml,assets/default/town/city_bazhong__ch14,本轮未执行逐城史料检索、规格与渲染；不可视为已完成
city_langzhong,ch14,qing_middle,ch11,secondary,pending,history/city_langzhong__qing_middle.md,city_langzhong__ch14.yaml,assets/default/town/city_langzhong__ch14,本轮未执行逐城史料检索、规格与渲染；不可视为已完成
city_zunyi,ch14,qing_middle,ch11,secondary,pending,history/city_zunyi__qing_middle.md,city_zunyi__ch14.yaml,assets/default/town/city_zunyi__ch14,本轮未执行逐城史料检索、规格与渲染；不可视为已完成
city_jinghong,ch14,qing_middle,ch11,secondary,pending,history/city_jinghong__qing_middle.md,city_jinghong__ch14.yaml,assets/default/town/city_jinghong__ch14,本轮未执行逐城史料检索、规格与渲染；不可视为已完成
city_gyantse,ch14,qing_middle,ch11,secondary,pending,history/city_gyantse__qing_middle.md,city_gyantse__ch14.yaml,assets/default/town/city_gyantse__ch14,本轮未执行逐城史料检索、规格与渲染；不可视为已完成
city_yushu,ch14,qing_middle,ch11,secondary,pending,history/city_yushu__qing_middle.md,city_yushu__ch14.yaml,assets/default/town/city_yushu__ch14,本轮未执行逐城史料检索、规格与渲染；不可视为已完成
city_altay,ch14,qing_middle,ch11,secondary,pending,history/city_altay__qing_middle.md,city_altay__ch14.yaml,assets/default/town/city_altay__ch14,本轮未执行逐城史料检索、规格与渲染；不可视为已完成
city_xingcheng,ch14,qing_middle,ch11,secondary,pending,history/city_xingcheng__qing_middle.md,city_xingcheng__ch14.yaml,assets/default/town/city_xingcheng__ch14,本轮未执行逐城史料检索、规格与渲染；不可视为已完成
city_mohe,ch14,qing_middle,ch11,secondary,pending,history/city_mohe__qing_middle.md,city_mohe__ch14.yaml,assets/default/town/city_mohe__ch14,本轮未执行逐城史料检索、规格与渲染；不可视为已完成
city_baotou,ch14,qing_middle,ch11,secondary,pending,history/city_baotou__qing_middle.md,city_baotou__ch14.yaml,assets/default/town/city_baotou__ch14,本轮未执行逐城史料检索、规格与渲染；不可视为已完成
city_kaohsiung,ch14,qing_middle,ch11,secondary,pending,history/city_kaohsiung__qing_middle.md,city_kaohsiung__ch14.yaml,assets/default/town/city_kaohsiung__ch14,本轮未执行逐城史料检索、规格与渲染；不可视为已完成
city_khotan_kunlun,ch14,qing_middle,ch11,site,pending,history/city_khotan_kunlun__qing_middle.md,city_khotan_kunlun__ch14.yaml,assets/default/town/city_khotan_kunlun__ch14,本轮未执行逐城史料检索、规格与渲染；不可视为已完成
city_taohuadao,ch14,qing_middle,ch11,site,pending,history/city_taohuadao__qing_middle.md,city_taohuadao__ch14.yaml,assets/default/town/city_taohuadao__ch14,本轮未执行逐城史料检索、规格与渲染；不可视为已完成
